####
#
# OBJ File Generated by Meshlab
#
####
# Object VoroAtlas.obj
#
# Vertices: 4048
# Faces: 8000
#
####
mtllib ./VoroAtlas.obj.mtl

vn -3.1188059 -0.2695373 -0.1458577
v 0.8946848 -0.2956057 -8.7475042
vn -2.7138233 -1.5563381 0.3558545
v 0.7901454 0.1200075 -8.7475042
vn -0.2217957 -3.1310952 -0.0865385
v 0.2227688 0.3501391 -8.7475042
vn -2.3121419 -2.1005142 0.4255781
v 0.7628136 0.1582956 -8.7475042
vn -0.1501454 -3.1342931 -0.1466279
v 0.0241867 0.3614337 -8.7475042
vn -0.3368972 -3.1219602 0.0071484
v 0.3362441 0.3398232 -8.7475042
vn -3.0780542 -0.5950898 0.0521459
v 0.8623409 -0.0686550 -8.7475042
vn -2.9070196 -1.1696749 0.2106336
v 0.8286514 0.0448203 -8.7475042
vn -0.6157460 -3.0781262 0.1463763
v 0.4497194 0.3221912 -8.7475042
vn -0.9985827 -2.9721620 0.2533087
v 0.5631948 0.2914953 -8.7475042
vn -1.8236313 -2.5367723 0.4001238
v 0.6766701 0.2363338 -8.7475042
vn -1.2952125 -2.8505802 0.3282692
v 0.6122856 0.2717714 -8.7475042
vn -3.1294997 -0.0472294 -0.2672503
v 0.9169974 -0.9764576 -8.7475042
vn -3.1350181 -0.0702959 -0.1920260
v 0.9101826 -0.7211381 -8.7475042
vn -3.1175113 0.2075559 -0.1942519
v 0.9142580 -1.6573100 -8.7475042
vn -3.1180725 0.0282691 -0.3558493
v 0.9213185 -1.4303594 -8.7475042
vn -3.1137338 -0.0171030 -0.3855126
v 0.9226165 -1.2034087 -8.7475042
vn -6.2384100 -0.1725584 -0.6630885
v 0.9031245 -0.6787577 -8.6442175
vn -6.2389951 -0.2287459 -0.6435580
v 0.8935337 -0.4090810 -8.6340284
vn -6.2364058 -0.4422529 -0.5077327
v 0.8886938 -0.2956057 -8.6340284
vn -4.9739571 -3.3573787 1.5054452
v 0.7888268 0.1559725 -8.6177759
vn -6.2005129 -0.9265146 0.2071449
v 0.8638787 -0.0686550 -8.6340284
vn -0.3431674 -6.2644944 -0.2673789
v 0.2227688 0.3473186 -8.6340284
vn -5.8691406 -2.0899897 0.6607141
v 0.8368735 0.0448203 -8.6340284
vn -0.2671665 -6.2570333 -0.4505958
v 0.0713772 0.3543908 -8.6340837
vn -0.4765876 -6.2615857 0.0097083
v 0.3362441 0.3397660 -8.6340284
vn -0.9979111 -6.1858788 0.3993297
v 0.4497194 0.3262086 -8.6340284
vn -1.8002865 -5.9618363 0.7692026
v 0.5631948 0.3011665 -8.6340284
vn -3.5103064 -5.0221000 1.2214645
v 0.6766701 0.2548218 -8.6340284
vn -2.4136322 -5.6923590 1.0632210
v 0.6432376 0.2717714 -8.6340284
vn -3.1313138 -0.1075444 -0.2081093
v 0.9058019 -0.5309799 -8.7474794
vn -6.0823488 -0.1385687 -1.4901832
v 0.8785152 -0.5225563 -8.5205536
vn -6.1025686 -0.0436733 -1.3789381
v 0.8776188 -0.4090810 -8.5205536
vn -6.1292782 -0.1787141 -1.1665213
v 0.8769894 -0.2956057 -8.5205536
vn -6.1815114 -0.4947401 -0.6329902
v 0.8660936 -0.0686550 -8.5205536
vn -6.0700498 -1.0313156 0.3238170
v 0.8547230 0.0448203 -8.5205536
vn -5.5235600 -2.1835914 1.4517131
v 0.8273973 0.1582956 -8.5205536
vn -0.0897440 -6.2395029 -0.6333726
v 0.2227688 0.3407974 -8.5205536
vn -0.1331069 -6.2153769 -0.8666459
v 0.0738860 0.3425804 -8.5180359
vn -0.1610599 -6.2461991 -0.4425316
v 0.3362441 0.3395014 -8.5205536
vn -0.5076022 -6.2247257 -0.1278091
v 0.4497194 0.3349376 -8.5205536
vn -0.1418044 -6.1922145 -1.0254267
v -0.1176577 0.3471832 -8.5205536
vn -1.1322688 -6.0836868 0.5948823
v 0.5631948 0.3216119 -8.5205536
vn -4.3259492 -3.7685416 1.8354821
v 0.7901454 0.2231417 -8.5205536
vn -2.9124293 -5.1324654 1.7428693
v 0.7250371 0.2717714 -8.5205536
vn -1.9355505 -5.7682285 1.3230723
v 0.6766701 0.2918048 -8.5205536
vn -5.9839230 0.8818603 -0.8549770
v 0.8871303 -1.8842607 -8.5205536
vn -6.0322680 -0.0603073 -1.5825375
v 0.8921490 -0.9764576 -8.5205536
vn -6.0550599 -0.1339790 -1.5316166
v 0.8886492 -0.8122056 -8.5202026
vn -6.0093918 0.0964843 -1.3963828
v 0.8991451 -1.6514078 -8.5198164
vn -6.0329475 0.2833157 -1.0905509
v 0.8960562 -1.7707853 -8.5205536
vn -6.0096793 -0.0932701 -1.5952189
v 0.8943720 -1.4303594 -8.5205536
vn -6.0115891 -0.0280429 -1.6180034
v 0.8933780 -1.3264842 -8.5219946
vn -6.0167975 0.0048364 -1.6049519
v 0.8929675 -1.1466711 -8.5205536
vn -6.1619606 -0.2622594 -0.8696370
v 0.8732939 -0.1821303 -8.5205536
vn -2.7188444 -5.2527814 1.8513477
v 0.6766701 0.2717714 -8.5826273
vn -6.2385683 -0.0037171 -0.6665335
v 0.9084371 -0.9696331 -8.6322041
vn -6.2479610 0.6326463 -0.0454702
v 0.8932920 -1.7896979 -8.6151161
vn -6.2558370 0.0036594 -0.5772686
v 0.9052448 -1.5438347 -8.6113338
vn -6.2377715 -0.0095893 -0.7493148
v 0.9042697 -1.0575113 -8.6129408
vn -6.2490878 -0.6036358 -0.1680862
v 0.8751392 -0.1821299 -8.6178179
vn -5.5816116 -0.0465767 -2.8368087
v 0.8527012 -1.6411523 -8.4101973
vn -5.6309423 -0.0720861 -2.7706189
v 0.8455377 -1.4303594 -8.4070778
vn -5.6651993 0.0180404 -2.7056360
v 0.8443093 -1.2601463 -8.4070778
vn -5.6915932 0.0848329 -2.6465008
v 0.8465252 -1.0899334 -8.4070778
vn -5.7390895 0.0161480 -2.5392239
v 0.8476920 -0.9764576 -8.4070778
vn -5.7970591 -0.0681264 -2.4004555
v 0.8465160 -0.7999660 -8.4045448
vn -5.8587894 -0.1404129 -2.2530115
v 0.8435798 -0.6360316 -8.4070778
vn -5.8983226 -0.0806457 -2.1596341
v 0.8402491 -0.5225563 -8.4070778
vn -5.9042916 0.0571485 -2.1435378
v 0.8400278 -0.4090810 -8.4070778
vn -5.9253230 0.0647765 -2.0636296
v 0.8428192 -0.2956057 -8.4070778
vn -5.9883270 -0.0060383 -1.8493886
v 0.8442025 -0.1821303 -8.4070778
vn -5.6078520 0.0728242 -2.7538424
v 0.8518467 -1.7707853 -8.4070778
vn -6.0787039 -0.0340238 -1.5282156
v 0.8427963 -0.0686550 -8.4070778
vn -6.1490622 0.0521965 -1.0962349
v 0.8451700 0.0448203 -8.4070778
vn -5.7165031 -1.6074183 -0.3628714
v 0.8424678 0.1582956 -8.4070778
vn -0.0151441 -6.2296433 -0.6695508
v 0.1092935 0.3217573 -8.4070778
vn 0.0356510 -6.2536330 -0.4960429
v 0.3365771 0.3237061 -8.4078894
vn -0.0901487 -6.2755389 -0.2297468
v 0.4497194 0.3253956 -8.4070778
vn -0.3959152 -6.2586975 0.1937450
v 0.5631948 0.3231773 -8.4070778
vn -4.5021939 -3.7979832 0.4820535
v 0.7901454 0.2607903 -8.4070778
vn -2.9428766 -5.3363843 0.6773524
v 0.7748766 0.2717714 -8.4070778
vn -1.6744020 -5.9800153 0.5639216
v 0.6766701 0.3077779 -8.4070778
vn -5.8928742 0.0406136 -1.7868544
v 0.7846732 -1.4319285 -8.2956934
vn -5.8951225 0.0683933 -1.7798564
v 0.7854047 -1.2041858 -8.2953653
vn -5.9802346 0.0180829 -1.6264455
v 0.7906777 -0.7627590 -8.2856407
vn -6.0562801 0.0148719 -1.3634800
v 0.7906231 -0.4162075 -8.2809029
vn -6.0456505 0.1744508 -1.2835523
v 0.7905461 -0.2947145 -8.2779846
vn -6.0448713 0.2538180 -1.4258165
v 0.8000031 -0.1821303 -8.2936029
vn -6.0819817 0.2681935 -1.2384261
v 0.8039508 -0.0686550 -8.2936029
vn -6.1278687 0.3474085 -1.1355430
v 0.8114195 0.0448203 -8.2936029
vn -6.0945463 -0.9035895 -0.7634667
v 0.8181443 0.1582956 -8.2936029
vn 0.1065346 -6.1360521 0.8088477
v 0.2767044 0.3188346 -8.2938080
vn 0.1789937 -6.1290326 0.9408080
v 0.4497194 0.3238254 -8.2936029
vn -0.0962843 -6.1305408 1.1935120
v 0.5631948 0.3292704 -8.2936029
vn -5.4391899 -2.8395061 0.0414652
v 0.7901454 0.2556562 -8.2936029
vn -3.5794568 -5.0306673 0.2723643
v 0.7755990 0.2717714 -8.2936029
vn -1.8732750 -5.8120389 1.0986555
v 0.6766701 0.3190289 -8.2936029
vn -5.4381914 -0.0201347 -3.1382179
v 0.7901454 -1.6573100 -8.3091774
vn -5.8354073 0.0153688 -1.8480115
v 0.7826770 -1.5617305 -8.2955570
vn -5.9253135 0.1160288 -1.7767380
v 0.7900417 -1.0192689 -8.2937050
vn -5.8277922 -0.0749128 -1.8348150
v 0.7827269 -1.7122399 -8.2948761
vn -6.1889200 0.0662952 0.3942068
v 0.7794392 -0.9106448 -8.1804037
vn -6.2222233 0.0489945 0.3458726
v 0.7830000 -0.6360316 -8.1801271
vn -6.2176943 0.0624149 0.3962771
v 0.7840731 -0.4081454 -8.1806059
vn -5.9465470 0.3942403 1.1289750
v 0.7889987 -0.2146914 -8.1798849
vn -5.8976479 0.3456841 1.2552187
v 0.7976453 -0.0549248 -8.1801071
vn -5.9084353 -0.3044187 1.5191932
v 0.8105412 0.1582956 -8.1801271
vn 0.1690246 -5.6865687 2.5485034
v 0.3362441 0.3554173 -8.1801271
vn 0.2699567 -5.6882820 2.5501072
v 0.4497194 0.3599119 -8.1801271
vn -6.0948749 -0.0209011 0.7484883
v 0.7726591 -1.5953025 -8.1805277
vn -6.1301689 0.0135136 0.6428673
v 0.7742803 -1.3679807 -8.1800165
vn -6.1297235 0.0637965 0.5428883
v 0.7741464 -1.1441666 -8.1803761
vn -1.6264962 -5.1567760 2.9624734
v 0.6766701 0.3602529 -8.1801271
vn -4.7294078 -2.8448021 2.4699018
v 0.7901346 0.2719446 -8.1810141
vn -6.0514255 0.0310899 -1.4101490
v 0.7904490 -0.6427441 -8.2782297
vn -4.9336390 -0.0690858 3.8780077
v 0.8351161 -1.6005723 -8.0666523
vn -4.9617805 0.0376119 3.8273630
v 0.8366635 -0.8062446 -8.0666523
vn -5.0013499 0.0543737 3.7610984
v 0.8369436 -0.6360316 -8.0666523
vn -5.0299530 0.1709823 3.7020705
v 0.8405534 -0.3671761 -8.0671263
vn -5.1296968 0.2971326 3.5350530
v 0.8493285 -0.1804204 -8.0666256
vn -5.1981840 0.3183390 3.4675364
v 0.8650265 0.0448203 -8.0666523
vn -5.2071934 0.1895790 3.4763684
v 0.8719044 0.1582956 -8.0666523
vn -4.9087305 0.0052404 3.9065561
v 0.8337126 -1.3736216 -8.0666523
vn 0.3432281 -5.1101837 3.6389418
v 0.4497194 0.4374247 -8.0666523
vn 0.2678986 -5.0464702 3.7274413
v 0.5631948 0.4462147 -8.0666523
vn -4.8653326 0.0279385 3.9604104
v 0.8344809 -1.0615643 -8.0666523
vn -0.2947749 -4.6452060 4.1510973
v 0.6766701 0.4511237 -8.0666523
vn -1.7604940 -3.4274125 4.7159925
v 0.7901454 0.4299660 -8.0666523
vn -4.6984830 -0.7662228 4.0314116
v 0.8721709 0.2717714 -8.0666523
vn -3.0750022 -2.0820510 4.7805085
v 0.8413267 0.3852468 -8.0666523
vn -5.6973004 0.0612737 2.4270365
v 0.7901161 -0.8149260 -8.1377897
vn -5.7554631 0.0672939 2.2431018
v 0.7901454 -0.6360316 -8.1420670
vn -5.7636471 0.1215932 2.2227511
v 0.7901478 -0.4077263 -8.1489296
vn -5.8075185 0.2676552 2.0589635
v 0.7901454 -0.2956057 -8.1590157
vn -5.5077658 0.6876930 2.8583944
v 0.7905138 -1.8837115 -8.1414785
vn 0.2821543 -5.2120042 3.4799294
v 0.4497194 0.3852468 -8.1375341
vn 0.0387419 -5.5318890 2.8848381
v 0.5628022 0.3715070 -8.1698351
vn -5.5242419 -0.0383795 2.8331785
v 0.7902083 -1.5695945 -8.1285486
vn -0.8450055 -4.9966273 3.6737475
v 0.6766701 0.3852468 -8.1420450
vn -2.5558763 -3.0748858 4.7008400
v 0.7901454 0.3852468 -8.0930729
vn -5.5671444 0.0619718 2.6774690
v 0.7896976 -1.0902137 -8.1279135
vn -5.9650054 -0.0134506 1.3868501
v 0.9202501 -1.5930842 -7.9532781
vn -5.9269934 0.0234848 1.4457905
v 0.9229255 -1.1491879 -7.9531803
vn -5.9190369 0.0073386 1.4571511
v 0.9240900 -0.8206051 -7.9531412
vn -5.9359646 0.0137060 1.4145192
v 0.9238777 -0.6360316 -7.9531765
vn -5.9566898 0.0487686 1.3492153
v 0.9251351 -0.4286000 -7.9529853
vn -5.9687281 0.1372876 1.3050488
v 0.9297029 -0.1497978 -7.9529877
vn -5.9441595 0.2701536 1.3063887
v 0.9409151 0.1582956 -7.9531765
vn 0.3184245 -6.0647159 1.0947785
v 0.5631948 0.5137272 -7.9531765
vn 0.3667837 -5.9938722 1.2351213
v 0.6766701 0.5214019 -7.9531765
vn -0.5796553 -5.6337252 1.4092275
v 0.7901454 0.5292830 -7.9531765
vn -5.8534741 0.1417006 1.4797542
v 0.9467797 0.2717714 -7.9531765
vn -5.3400464 -0.9901491 1.5928921
v 0.9493904 0.3852468 -7.9531765
vn -3.0554550 -3.4331887 1.6572199
v 0.9021006 0.4974391 -7.9521265
vn -5.1195168 0.0247259 3.5513089
v 0.9036207 -1.2034087 -7.9898891
vn -5.1132884 0.0228143 3.5652132
v 0.9036348 -0.8891895 -7.9916763
vn -5.1308246 0.0322319 3.5422406
v 0.9036207 -0.6360316 -7.9923372
vn -5.1331682 0.1219317 3.5375514
v 0.9034992 -0.3651131 -7.9973450
vn -5.2096105 0.2248887 3.4266548
v 0.9038271 -0.1160817 -8.0074167
vn -5.2363000 0.2135281 3.4032917
v 0.9036207 0.1582956 -8.0268888
vn 0.1972005 -5.3769827 3.1277745
v 0.6808121 0.4997088 -8.0038300
vn -1.1640865 -4.4595628 3.7370684
v 0.7901454 0.4987221 -8.0081959
vn -5.0813570 -0.1472575 3.5944712
v 0.9036207 0.2717714 -8.0311375
vn -4.1037951 -1.5946418 3.9929066
v 0.9036207 0.3852468 -8.0193796
vn -5.2001114 -0.0689211 3.4480472
v 0.9037093 -1.6640577 -7.9876838
vn -5.1648283 0.0085515 3.5008740
v 0.9033262 -1.4887545 -7.9871712
vn -5.9714293 0.0334633 -1.3625239
v 0.9222246 -1.2729405 -7.8396897
vn -5.9657207 0.0016770 -1.3770643
v 0.9238490 -0.8372102 -7.8397603
vn -5.9816999 -0.0074371 -1.3858140
v 0.9227157 -0.6360316 -7.8397012
vn -6.0031524 0.0713197 -1.3754826
v 0.9236803 -0.3460068 -7.8400383
vn -5.9731746 0.1674198 -1.4755236
v 0.9296857 -0.0292352 -7.8396215
vn -5.9430385 0.2908439 -1.5503881
v 0.9364676 0.1582956 -7.8397012
vn -5.9914708 -0.0265079 -1.3497053
v 0.9199914 -1.6285615 -7.8396392
vn 0.4379196 -5.9975290 -1.3584948
v 0.6766701 0.5189013 -7.8397012
vn -0.5641243 -5.6484213 -1.4282418
v 0.7901454 0.5286822 -7.8397012
vn -5.8557954 0.2198615 -1.6434854
v 0.9437480 0.2717714 -7.8397012
vn -5.3593416 -0.9332673 -1.6227643
v 0.9486427 0.3852468 -7.8397012
vn -3.0157206 -3.3930709 -1.6456954
v 0.9026331 0.4978700 -7.8403425
vn -5.6210566 -0.0050939 -2.7284532
v 0.8556741 -1.5502636 -7.7269611
vn -5.5942240 0.0081397 -2.7877989
v 0.8574383 -1.0331955 -7.7262259
vn -5.5937281 -0.0052070 -2.7797346
v 0.8571830 -0.7211381 -7.7262259
vn -5.5916824 0.0449732 -2.7686579
v 0.8577202 -0.4691471 -7.7272716
vn -5.5659685 0.1040193 -2.8471909
v 0.8634589 -0.1253927 -7.7262259
vn -5.5330086 0.1667511 -2.9021504
v 0.8668470 0.0448203 -7.7262259
vn -5.5177546 0.1814940 -2.9365525
v 0.8711009 0.1582956 -7.7262259
vn -0.2721748 -5.1995525 -3.4438159
v 0.6766701 0.4472709 -7.7262259
vn -5.1087356 -0.6594685 -3.5011811
v 0.8731546 0.2717714 -7.7262259
vn -3.4353948 -2.2346671 -4.4350104
v 0.8483739 0.3852468 -7.7262259
vn -5.4880476 0.0223256 -3.0350223
v 0.9036386 -1.1631253 -7.7997694
vn -5.4717479 -0.0111697 -3.0630939
v 0.9037758 -0.8101898 -7.7983427
vn -5.4857202 0.0082537 -3.0424378
v 0.9036207 -0.5792940 -7.7997460
vn -5.5035295 0.0939440 -3.0028236
v 0.9035496 -0.3040768 -7.7948551
vn -5.4545212 0.1511489 -3.0939405
v 0.9040239 0.0075639 -7.7846904
vn -5.4055796 0.2285270 -3.1787422
v 0.9036207 0.1582956 -7.7753735
vn 0.3251025 -5.3668509 -3.1892521
v 0.6766701 0.4987221 -7.7953353
vn -1.1059678 -4.4955664 -3.7536945
v 0.7901454 0.4987221 -7.7863607
vn -5.2681279 -0.0079268 -3.3795059
v 0.9036207 0.2717714 -7.7672319
vn -4.2135296 -1.5633912 -3.8997195
v 0.9036207 0.3852468 -7.7736564
vn -5.5161247 -0.0047190 -2.9927368
v 0.9030305 -1.5925037 -7.8038368
vn -6.0268464 -0.0696842 -1.6996527
v 0.8140278 -1.6118211 -7.6125073
vn -6.0182638 0.0179634 -1.7490554
v 0.8146605 -1.2279823 -7.6125612
vn -6.0167789 0.0087283 -1.7445774
v 0.8147435 -1.0852262 -7.6126132
vn -6.0279822 0.0243142 -1.7061379
v 0.8154475 -0.7431156 -7.6128502
vn -6.0427542 0.0429322 -1.6499255
v 0.8175141 -0.3709139 -7.6130414
vn -6.0136442 0.0729547 -1.7314963
v 0.8189593 -0.0971430 -7.6111979
vn -6.0009065 0.1619340 -1.7117660
v 0.8207579 0.0448203 -7.6127505
vn -6.0038118 -0.0027045 -1.7491339
v 0.8250198 0.1582956 -7.6127505
vn -4.4664984 -3.5481637 -1.8627157
v 0.7901454 0.3435249 -7.6127505
vn -2.3143449 -5.2082229 -2.3853912
v 0.7279954 0.3852468 -7.6127505
vn -5.7857523 -1.4602394 -1.7737747
v 0.8187027 0.2717714 -7.6127505
vn -3.2350607 -3.8187659 -3.4623690
v 0.7891731 0.3858385 -7.6848645
vn -5.0071902 0.0482894 -3.1182601
v 0.7910371 -0.7937410 -7.4953809
vn -4.9621525 0.0690176 -3.1260426
v 0.7920904 -0.6333691 -7.4920039
vn -5.9800634 0.0309096 -1.8072555
v 0.7955410 -0.4099484 -7.4989710
vn -6.0173793 0.0862088 -1.7435025
v 0.7962610 -0.1093266 -7.4995599
vn -6.0618968 0.2409849 -1.5790584
v 0.8005695 0.0448203 -7.4992752
vn -6.0623112 -0.0809948 -1.4714561
v 0.8063846 0.1582956 -7.4992752
vn -4.4848800 -3.2467310 -1.9069278
v 0.7901454 0.2918749 -7.4992752
vn -1.4617428 -5.7451677 -1.3654078
v 0.6766701 0.3852468 -7.5565805
vn -2.7200696 1.2649556 -5.3545699
v 0.6461191 -0.1821303 -7.3857999
vn -4.0199323 1.5332234 -4.5105047
v 0.6766701 -0.1237144 -7.3857999
vn -3.9717827 1.5452355 -4.5537934
v 0.7003851 -0.0686550 -7.3857999
vn -5.2647405 1.2181935 -3.1474671
v 0.7398372 0.0448203 -7.3857999
vn -5.3918366 -0.5327837 -2.8827579
v 0.7574759 0.1582956 -7.3857999
vn -4.7171297 0.0290622 -3.7823658
v 0.7901571 -0.4574338 -7.4865050
vn -2.2458277 0.1502646 -5.6698580
v 0.6766701 -0.4090810 -7.4053888
vn -2.5678904 0.2398072 -5.5963321
v 0.6766701 -0.2956057 -7.4036183
vn -4.7300892 0.0160163 -3.7630868
v 0.7901454 -0.2956057 -7.4856143
vn -5.2162676 0.4752446 -3.2705069
v 0.7901454 -0.0686550 -7.4817462
vn -5.6622281 0.3784144 -2.6148458
v 0.7901454 0.0448203 -7.4683647
vn -2.9078560 0.6449717 -5.4398122
v 0.6766701 -0.1821303 -7.3953938
vn -5.5867453 -0.2010978 -2.5881977
v 0.7901454 0.1582956 -7.4476833
vn -4.8520513 0.1184806 -3.7090278
v 0.7901454 -0.1821303 -7.4857111
vn -5.2001801 -1.6657894 -2.3527417
v 0.7926308 0.2733857 -7.4842758
vn -4.4340072 1.7073445 -3.8034091
v 0.6766701 -0.0686550 -7.3690815
vn -2.9668221 1.0224462 0.0767692
v 0.5905724 -3.9268174 -8.7475042
vn -3.0711625 0.6316822 -0.0091030
v 0.6225786 -3.8133421 -8.7475042
vn -3.1148200 0.3484904 -0.1076970
v 0.6404157 -3.6998668 -8.7475042
vn -3.1302762 0.1058675 -0.2284410
v 0.6628582 -3.3027029 -8.7475042
vn -3.1292839 0.1647232 -0.1854198
v 0.6533585 -3.5296535 -8.7475042
vn -3.1308002 0.0673828 -0.2413873
v 0.6673703 -3.1324897 -8.7475042
vn -3.1319201 0.0546071 -0.2471374
v 0.6716473 -2.8771701 -8.7475042
vn -3.1260118 0.2437797 -0.2335742
v 0.6823092 -2.5651131 -8.7475042
vn -3.0994933 0.4121363 -0.3710789
v 0.6936646 -2.4516375 -8.7475042
vn -3.0151627 0.8124480 -0.4346575
v 0.7159595 -2.3381622 -8.7475042
vn -3.1297441 0.1326207 -0.2647250
v 0.6764879 -2.6737192 -8.7475042
vn -2.9099011 1.1376944 -0.3983053
v 0.7541561 -2.2246869 -8.7475042
vn -2.9624150 1.0193372 -0.0620054
v 0.8507800 -1.9977362 -8.7475042
vn -3.0655310 0.6408383 -0.0514564
v 0.8824749 -1.8842607 -8.7475042
vn -0.4543992 3.0713172 -0.3118221
v -0.3446083 -4.5792379 -8.7475042
vn -0.0631097 3.1016908 -0.3465946
v -0.5715590 -4.5980339 -8.7475042
vn -0.8863570 2.9818449 -0.2446466
v -0.1176577 -4.5285859 -8.7475042
vn -1.2949259 2.8431184 -0.1493570
v 0.1092935 -4.4403634 -8.7475042
vn -1.6630251 2.6545718 -0.0710652
v 0.2169428 -4.3807187 -8.7475042
vn -2.0580549 2.3564534 -0.0079068
v 0.3362441 -4.2939429 -8.7475042
vn -2.4725759 1.9086211 0.0802807
v 0.4704351 -4.1537681 -8.7475042
vn -2.8234775 1.3674452 0.1339809
v 0.5631948 -3.9928398 -8.7475042
vn -6.1712313 1.0871284 -0.0458144
v 0.6224709 -3.8133421 -8.6340284
vn -6.2296405 0.5545036 -0.3988757
v 0.6369877 -3.6998668 -8.6340284
vn -6.2254095 0.3114599 -0.6726077
v 0.6441672 -3.5766776 -8.6310501
vn -6.2144222 0.1913334 -0.8164307
v 0.6543196 -3.3108213 -8.6342640
vn -6.2163029 0.1166786 -0.8301530
v 0.6599702 -3.0589635 -8.6332188
vn -6.2092452 0.1821578 -0.8961009
v 0.6659111 -2.6938720 -8.6350136
vn -6.1965275 0.3764683 -0.8975559
v 0.6748984 -2.5720000 -8.6555119
vn -5.8978491 1.5207341 -1.4600236
v 0.6993341 -2.3381622 -8.6340284
vn -5.5693521 2.4894900 -1.3643105
v 0.7386236 -2.2246869 -8.6340284
vn -2.8455837 1.3041799 -0.2403758
v 0.7972941 -2.1275010 -8.7474709
vn -5.8442221 2.2534258 0.1596481
v 0.8484049 -1.9977362 -8.6340284
vn -6.1509581 1.2202687 0.1598538
v 0.8809366 -1.8842607 -8.6340284
vn -5.9640098 1.5922880 -0.4364789
v 0.5982409 -3.9268174 -8.5205536
vn -5.9943571 0.7466474 -1.0314418
v 0.6218362 -3.8133421 -8.5205536
vn -5.9875326 0.0946871 -1.4703915
v 0.6269197 -3.6998668 -8.5205536
vn -5.9510241 0.0887418 -1.7986076
v 0.6260467 -3.5863912 -8.5205536
vn -5.9429741 0.1720882 -1.8792939
v 0.6284517 -3.4467142 -8.5205460
vn -5.9548707 0.1371990 -1.8611763
v 0.6369538 -3.1324897 -8.5205536
vn -5.9449439 0.0764202 -1.8875233
v 0.6400638 -2.9622767 -8.5205536
vn -5.9003592 0.0615373 -1.9929905
v 0.6430554 -2.7353261 -8.5205536
vn -5.8431463 0.1517075 -2.1474757
v 0.6463008 -2.5651131 -8.5205536
vn -5.7444706 0.2655182 -2.4260793
v 0.6490688 -2.4516375 -8.5205536
vn -5.5050316 0.8470770 -2.8725390
v 0.6556096 -2.3381622 -8.5205536
vn -5.1843071 1.9530448 -2.9043717
v 0.6766701 -2.2543488 -8.5205536
vn -4.8970308 3.1484027 -2.3011065
v 0.6914701 -2.2246869 -8.5205536
vn -4.6886187 3.7636013 -1.1503930
v 0.7893572 -2.1104593 -8.5205536
vn -5.5368214 2.2202287 -0.5471094
v 0.8616290 -1.9977362 -8.5205536
vn -4.8373880 3.9427035 0.2549098
v 0.4783187 -4.1537681 -8.5205536
vn -5.6132665 2.7025795 0.1543711
v 0.5600746 -4.0265703 -8.5197239
vn -6.1254487 0.5824367 -1.2294817
v 0.6765642 -2.4712522 -8.6292334
vn -5.7454085 1.1534550 -2.2176125
v 0.6766701 -2.3381622 -8.5713673
vn -5.3195810 3.2754169 -0.4131233
v 0.7901454 -2.1112115 -8.5727348
vn -0.7983018 6.0244780 -1.2407238
v -0.3446083 -4.5570326 -8.5205536
vn -0.0945106 6.0540733 -1.3714359
v -0.5715590 -4.5725517 -8.5205536
vn -1.6283370 5.9062595 -1.0007503
v -0.1176577 -4.5112000 -8.5205536
vn -2.3987434 5.7281442 -0.6520917
v 0.1092935 -4.4284577 -8.5205536
vn -3.0682313 5.4498501 -0.3922162
v 0.2025609 -4.3807187 -8.5205536
vn -3.9354148 4.8603072 -0.0239793
v 0.3362441 -4.2931814 -8.5205536
vn -5.3534489 3.2735572 0.3113246
v 0.5254841 -4.0717001 -8.6113338
vn -5.9547715 1.9669318 0.2069163
v 0.5911111 -3.9338148 -8.6334915
vn -5.7883778 0.2150915 -2.4308619
v 0.5820189 -3.3027029 -8.4070778
vn -5.7871857 0.0572737 -2.4438808
v 0.5909059 -3.0520248 -8.4124203
vn -5.7272272 -0.0315182 -2.5818942
v 0.5882244 -2.9055390 -8.4070778
vn -5.6947098 -0.0246540 -2.6424682
v 0.5639694 -2.6423771 -8.3631554
vn -5.6806951 -0.0406705 -2.6643481
v 0.5638552 -2.4473412 -8.3652067
vn -5.3994131 0.4047615 -3.1219993
v 0.5838008 -2.3381622 -8.4070778
vn -4.6561747 1.9326674 -3.4223459
v 0.5996113 -2.2246869 -8.4070778
vn -3.2498448 3.8339679 -3.4234343
v 0.6766701 -2.1287661 -8.4070778
vn -3.0060616 4.4548178 -3.1995897
v 0.7089252 -2.1112115 -8.4070778
vn -4.8024712 3.9529610 0.3928325
v 0.4864779 -4.1537681 -8.4070778
vn -3.9519651 3.8143587 -2.4312501
v 0.7901454 -2.0598693 -8.4070778
vn -5.1706295 2.0103068 -2.3006585
v 0.8301730 -1.9977362 -8.4070778
vn -5.7716193 2.1880128 0.1152395
v 0.5621611 -4.0310912 -8.4087353
vn -5.6213346 0.5761813 -2.5113225
v 0.8502955 -1.8842607 -8.4070778
vn -6.1239772 0.5626485 -0.7228696
v 0.5850706 -3.9268174 -8.4070778
vn -5.8983340 -0.0679413 -2.1033123
v 0.5819697 -3.8133421 -8.4070778
vn -5.8753853 0.2037216 -2.1379759
v 0.5634790 -3.4768639 -8.3832121
vn -4.2434435 3.2761288 -3.2471273
v 0.6766701 -2.2246869 -8.4944744
vn -6.1696749 -0.0603568 -0.3961647
v 0.5504022 -3.0353017 -8.2933769
vn -6.1467977 -0.3120046 -0.5419374
v 0.5472469 -2.9055390 -8.2936029
vn -6.0908022 -0.2961904 -0.9225179
v 0.5405774 -2.7920637 -8.2936029
vn -6.0368066 -0.0964656 -1.2015197
v 0.5348753 -2.6351316 -8.2936144
vn -6.0447884 0.1227985 -1.1962242
v 0.5346460 -2.3381622 -8.2936029
vn -5.8303018 0.9382939 -1.2844607
v 0.5393691 -2.2246869 -8.2936029
vn -4.8465438 2.6372292 -1.7216772
v 0.5631948 -2.1423266 -8.2936029
vn -3.7896531 3.9514008 -1.8690952
v 0.5871830 -2.1112115 -8.2936029
vn -3.3371925 4.8529944 -1.7880630
v 0.6766701 -2.0546675 -8.2936029
vn -4.6589174 3.4745421 -1.8860147
v 0.7517300 -1.9977362 -8.2936029
vn -5.8345060 0.7219383 -1.9112812
v 0.7856459 -1.8834178 -8.2957954
vn -4.5818615 4.1326127 0.6585361
v 0.4984326 -4.1537681 -8.2936029
vn -6.1295609 -0.2117760 0.8334918
v 0.5716414 -3.9268174 -8.2936029
vn -6.0158939 -1.2714159 0.3588336
v 0.5631948 -3.8784559 -8.2936029
vn -6.0379167 -1.0087047 -0.1436886
v 0.5488229 -3.8133421 -8.2936029
vn -6.0086956 -0.2501164 -0.1189108
v 0.5356154 -3.6998668 -8.2936029
vn -6.0431929 0.1019498 -0.0629663
v 0.5355797 -3.5863912 -8.2936029
vn -6.1048326 0.2135528 -0.1018957
v 0.5403323 -3.4729159 -8.2936029
vn -6.1518936 0.2072185 -0.1771018
v 0.5452628 -3.3594406 -8.2936029
vn -6.1663313 0.0964973 -0.3214101
v 0.5487666 -3.2459652 -8.2936029
vn -5.9655924 0.0058601 -1.9465805
v 0.5635744 -3.0572529 -8.3432541
vn -5.9832273 0.1808587 -1.8778782
v 0.5639238 -3.2693057 -8.3567896
vn -5.9022012 -0.1486896 -2.1255674
v 0.5631948 -2.9055390 -8.3484478
vn -5.7703671 -0.1186665 -2.4577112
v 0.5639169 -2.7799516 -8.3597612
vn -5.6645441 0.2315969 -2.6324291
v 0.5631948 -2.3381622 -8.3678513
vn -5.3758202 1.1555847 -2.8354816
v 0.5631948 -2.2246869 -8.3482018
vn -3.0814619 4.3289795 -3.1988325
v 0.6766701 -2.1112115 -8.3829393
vn -4.5000787 2.4070382 -3.3306534
v 0.7901454 -1.9977362 -8.3456278
vn -5.7787986 1.9016774 1.0753409
v 0.5633435 -4.0421696 -8.3000126
vn -5.9962530 -0.6487201 -1.6649336
v 0.5631948 -3.8133421 -8.3585711
vn -5.8389645 -0.2590450 -2.2172117
v 0.5623268 -3.7013166 -8.3838959
vn -5.8358197 0.0397839 -2.2382820
v 0.5628578 -3.5864656 -8.3899937
vn -0.4619237 5.7288895 -2.3778265
v -0.3446083 -4.4851379 -8.2936029
vn 0.0353405 5.6477604 -2.6259205
v -0.5715590 -4.4925137 -8.2936029
vn -1.2000957 5.7992644 -1.9109650
v -0.1176577 -4.4531898 -8.2936029
vn -2.1815863 5.7178345 -1.1699558
v 0.1282649 -4.3872952 -8.2948074
vn -3.2727013 5.2232580 -0.5504225
v 0.3362441 -4.2896590 -8.2936029
vn -4.2329268 4.6374483 0.1856829
v 0.4271436 -4.2088289 -8.4070778
vn -6.0136986 -0.0662928 1.2184865
v 0.5332629 -2.5664246 -8.1802931
vn -6.0220933 0.0863687 1.2039886
v 0.5336881 -2.3381622 -8.1801271
vn -5.7884264 0.8888446 1.1690404
v 0.5362110 -2.2246869 -8.1801271
vn -4.7053680 2.6069341 1.5971149
v 0.5631948 -2.1317594 -8.1801271
vn -3.8121152 3.8684855 1.6060817
v 0.5791659 -2.1112115 -8.1801271
vn -3.2956023 4.7600465 1.5393591
v 0.6766701 -2.0450258 -8.1801271
vn -4.7916307 3.2832716 1.5983217
v 0.7388053 -1.9977362 -8.1801271
vn -6.0837655 0.9488177 0.7605649
v 0.7774262 -1.8841523 -8.1801987
vn -5.3779697 -0.3493591 3.1116436
v 0.6130304 -3.9268174 -8.1801271
vn -4.6952100 -0.9050790 4.0342689
v 0.5854540 -3.8133421 -8.1801271
vn -5.1823955 -0.2743102 3.0326772
v 0.5635735 -3.6983962 -8.1850271
vn -5.2697468 -0.0149288 2.9786701
v 0.5644870 -3.5863912 -8.1818047
vn -5.3756032 -0.0063886 2.7521667
v 0.5634866 -3.4736786 -8.1830988
vn -5.0855012 -0.0124884 3.6483138
v 0.5663595 -3.2459652 -8.1801271
vn -5.1720653 -0.0018883 3.5206995
v 0.5661907 -3.1324897 -8.1801271
vn -5.1462331 -0.1220048 3.5745547
v 0.5662279 -3.0190144 -8.1801271
vn -5.5967512 -0.3445752 2.3532782
v 0.5631948 -2.9403982 -8.1801271
vn -5.9224548 -0.5725123 1.5636086
v 0.5459948 -2.7920637 -8.1801271
vn -5.9607449 -0.3079016 1.3309717
v 0.5358682 -2.6785884 -8.1801271
vn -3.9260962 4.7598133 0.9419847
v 0.5202622 -4.1537681 -8.1801271
vn -4.9685574 3.5416782 1.3208236
v 0.5631948 -4.1073456 -8.1801271
vn -5.3015356 2.0915222 2.3052340
v 0.6032686 -4.0402927 -8.1801271
vn -5.4827399 -1.0832167 2.2931530
v 0.5631948 -3.8133421 -8.2098217
vn -5.4567652 0.0164548 2.5712590
v 0.5634803 -3.3612521 -8.1835966
vn -5.8261294 0.0157365 1.9954960
v 0.5631948 -3.2459652 -8.1855040
vn -5.8674960 -0.0424922 1.9008210
v 0.5632417 -3.0235786 -8.1854849
vn -5.1273475 -0.0244408 3.6288748
v 0.5929618 -2.4516375 -8.0666523
vn -4.8790059 0.4967710 3.8781238
v 0.5939889 -2.3381622 -8.0666523
vn -3.9929867 1.7040155 4.2047524
v 0.6096764 -2.2246869 -8.0666523
vn -2.7394619 3.0271838 4.5443439
v 0.6766701 -2.1355162 -8.0666523
vn -2.0507479 3.6632094 4.5760155
v 0.7208810 -2.1112115 -8.0666523
vn -3.3210762 2.7859988 4.4495878
v 0.7901454 -2.0680621 -8.0666523
vn -4.1200953 1.3450373 4.4243531
v 0.8300786 -1.9977362 -8.0666523
vn -4.8702598 0.2203743 3.9442954
v 0.8423188 -1.8832668 -8.0657597
vn -5.5132890 0.3652361 2.5107241
v 0.6933147 -3.9236817 -8.0714874
vn -5.3241544 -0.3710997 3.0188723
v 0.6879335 -3.7988822 -8.0706835
vn -5.1883821 -0.3170752 3.2718382
v 0.6813920 -3.6996913 -8.0696669
vn -4.8079567 -0.1423007 4.0363321
v 0.6679530 -3.3594406 -8.0666523
vn -4.8674288 -0.1191566 3.9651799
v 0.6649103 -3.2459652 -8.0666523
vn -4.9564657 -0.2319350 3.8431709
v 0.6580821 -3.0300987 -8.0684834
vn -4.9877577 -0.7668835 3.7224727
v 0.6481175 -2.9055390 -8.0666523
vn -4.9844732 -0.9902798 3.6938138
v 0.6239285 -2.7920637 -8.0666523
vn -5.3364339 -0.4760559 3.1731844
v 0.5628873 -2.6768837 -8.1207733
vn -2.8495786 5.4246864 0.2913119
v 0.5529923 -4.1537681 -8.0666523
vn -3.6830111 4.7697001 0.9799806
v 0.5631948 -4.1474724 -8.0666523
vn -5.4689636 1.4853193 2.3511517
v 0.6766701 -4.0250549 -8.0666523
vn -5.4096670 -0.1694249 3.0911617
v 0.5626383 -2.5713530 -8.1120272
vn -5.4385719 0.1535519 3.0417426
v 0.5631948 -2.3381622 -8.1098938
vn -4.8935418 1.3376553 3.2733743
v 0.5631948 -2.2246869 -8.1209278
vn -2.5916476 3.9887652 3.7766213
v 0.6766701 -2.1112115 -8.0862322
vn -4.7307973 1.4222929 3.8341024
v 0.7901454 -1.9977362 -8.1017895
vn -5.1953759 -0.1907602 3.3074307
v 0.6766831 -3.5690963 -8.0665226
vn -5.5930405 -0.6898432 2.2686477
v 0.5611837 -2.9139247 -8.1788607
vn -5.2548637 -0.7587139 3.2811713
v 0.5631948 -2.7920637 -8.1449394
vn -0.1284236 4.6740503 -4.1807318
v -0.3446083 -4.3488617 -8.0666523
vn 0.2349047 4.6052437 -4.2575188
v -0.5744953 -4.3462911 -8.0672064
vn -0.4961267 4.8714609 -3.9168892
v -0.1176577 -4.3321724 -8.0666523
vn -1.0312475 5.2505260 -3.1876290
v 0.1092935 -4.2996235 -8.0666523
vn -1.9132643 5.5112071 -1.9586053
v 0.3362441 -4.2425642 -8.0666523
vn 0.1800325 5.0485945 -3.6639276
v -0.5715590 -4.3807187 -8.1060696
vn -0.1777087 5.1488194 -3.5212071
v -0.3446083 -4.3807187 -8.1048584
vn -0.7855368 5.3527617 -3.0857403
v -0.1176577 -4.3807187 -8.1328993
vn -1.7492070 5.6581664 -1.8939042
v 0.1092935 -4.3807187 -8.2433395
vn 0.5312266 5.0246620 -3.6696024
v -0.7985096 -4.3807187 -8.1291199
vn -3.2360516 5.3540826 -0.0225216
v 0.4488354 -4.1987057 -8.1801271
vn -1.5536970 5.5359716 -1.6810056
v 0.5365114 -4.1537681 -7.9531765
vn -2.5654855 5.0499258 -1.6216861
v 0.5631948 -4.1443458 -7.9531765
vn -4.6269188 3.1627414 -0.5028319
v 0.6846600 -4.0537038 -7.9511251
vn -5.7999630 0.7359685 -0.4918755
v 0.7201190 -3.9268174 -7.9531765
vn -5.9466262 -0.1049647 0.1718135
v 0.7148685 -3.3593347 -7.9531941
vn -5.9204803 0.0316703 -0.2881952
v 0.7237358 -3.8133421 -7.9531765
vn -5.9395781 -0.1221829 -0.0424499
v 0.7221093 -3.6998668 -7.9531765
vn -5.9163165 -0.1224469 0.1013050
v 0.7204247 -3.5863912 -7.9531765
vn -5.9606376 -0.1814739 0.1710558
v 0.7087165 -3.0417311 -7.9530544
vn -5.9954319 -0.3501102 0.3382576
v 0.7020626 -2.9055390 -7.9531765
vn -6.0398092 -0.4409654 0.7148705
v 0.6918221 -2.7920637 -7.9531765
vn -6.0350466 -0.2910598 1.1171005
v 0.6829925 -2.6785884 -7.9531765
vn -5.6954832 -0.2162392 1.8176169
v 0.6771874 -2.5360553 -7.9532886
vn -5.7193670 0.0028123 1.8629116
v 0.6745920 -2.4516375 -7.9531765
vn -5.6800041 0.5953276 1.9683540
v 0.6766701 -2.3861933 -7.9531765
vn -3.3086367 4.2689586 2.7463343
v 0.7687783 -2.2246869 -7.9531765
vn -2.5184526 4.5414438 2.3465712
v 0.7901454 -2.2155602 -7.9531765
vn -3.8904684 3.1154752 1.9880639
v 0.9036207 -2.1339066 -7.9531765
vn -5.4267597 1.3620253 1.7185831
v 0.9127159 -2.1112115 -7.9531765
vn -5.8257227 0.2837268 1.4645060
v 0.9263849 -1.9977362 -7.9531765
vn -5.9483547 -0.0980381 1.3994712
v 0.9237423 -1.8859153 -7.9532261
vn -4.9376755 2.7924690 1.5580134
v 0.6760177 -4.0398030 -8.0558901
vn -5.4288116 -0.1352472 3.0202584
v 0.6766701 -3.3594406 -8.0554180
vn -5.4601579 -0.2663842 2.9264665
v 0.6762285 -3.0221708 -8.0432596
vn -5.4589024 -0.6249003 2.8556385
v 0.6766701 -2.9055390 -8.0265608
vn -5.4607811 -0.7395390 2.9084656
v 0.6766701 -2.7920637 -7.9930577
vn -5.4252625 -0.4595609 3.0682034
v 0.6766701 -2.6785884 -7.9679642
vn -5.1851649 2.0950873 2.3374825
v 0.6858103 -2.3356068 -7.9548306
vn -3.3822834 2.3897932 4.6094756
v 0.6766701 -2.2246869 -8.0172329
vn -2.5128748 3.1208653 4.7529311
v 0.7901454 -2.1112115 -8.0419044
vn -4.1385961 1.7035360 4.0776105
v 0.9036207 -2.1112115 -7.9663811
vn -4.8033781 0.6082658 3.7339387
v 0.9043440 -1.9964925 -7.9945531
vn -0.3001327 3.5041203 -5.0863791
v 0.4497194 -4.0828886 -7.8397012
vn 0.0856284 2.2961988 -5.8242059
v -0.6764374 -4.0845199 -7.8398609
vn 0.0620575 2.9659433 -5.5034208
v 0.3362441 -4.0773497 -7.8397012
vn -1.4511307 3.8130710 -4.3687572
v 0.5631948 -4.0655394 -7.8397012
vn -2.5720642 2.7746534 -4.3522124
v 0.6094542 -4.0402927 -7.8397012
vn -3.9774134 0.7418317 -4.0025764
v 0.6745172 -3.9179492 -7.8427281
vn -4.4729881 -0.0820199 -3.6972909
v 0.6803291 -3.4509103 -7.8364892
vn -4.2968106 0.1105128 -3.8803492
v 0.6809220 -3.6995957 -7.8361688
vn -4.4973173 -0.0906565 -3.6672750
v 0.6766595 -3.1338258 -7.8397131
vn -4.4765267 -0.0930097 -3.6225398
v 0.6760327 -3.0185490 -7.8411350
vn -4.7541580 0.2397037 -3.2264934
v 0.6766701 -2.8579462 -7.8397012
vn -4.9448037 -0.0226925 -2.5755270
v 0.6809756 -2.6796298 -7.8341680
vn 0.1250217 2.2228549 -5.8595386
v -0.4580836 -4.0904360 -7.8397012
vn 0.0965776 2.2829499 -5.8291283
v -0.2740127 -4.1032214 -7.8396745
vn -0.0375067 2.3262823 -5.8112354
v -0.1176577 -4.1053619 -7.8397012
vn -0.2266902 2.4754052 -5.7347488
v 0.0534636 -4.0975099 -7.8395977
vn -5.1206312 -0.1713297 -2.4548168
v 0.6768278 -2.5380850 -7.8396559
vn -0.1607848 2.7254901 -5.6302705
v 0.2227688 -4.0806408 -7.8397012
vn -5.1385775 0.0238729 -2.4795656
v 0.6748400 -2.4516375 -7.8397012
vn -5.1531472 0.6474365 -2.4704416
v 0.6766701 -2.3984601 -7.8397012
vn -5.3576412 2.1460881 -1.8903476
v 0.6875572 -2.3381622 -7.8397012
vn -3.4962449 4.2413177 -1.9634666
v 0.7896745 -2.2244925 -7.8397012
vn -3.9371850 3.1329193 -1.6307296
v 0.9036207 -2.1417465 -7.8397012
vn -5.5045357 1.2700479 -1.5213380
v 0.9150429 -2.1112115 -7.8397012
vn -5.8583732 0.2376527 -1.4437202
v 0.9259920 -1.9977362 -7.8397012
vn -5.9840603 -0.1185663 -1.3759224
v 0.9227819 -1.8833477 -7.8398862
vn -0.4841971 4.6857529 -3.8695531
v 0.3362441 -4.1537681 -7.8939071
vn -0.7282408 5.1609697 -2.9215055
v 0.4497194 -4.1537681 -7.9076524
vn -4.2043033 2.7868831 -2.5267184
v 0.6766701 -4.0402927 -7.9022799
vn -4.5662379 0.1033503 -3.4751391
v 0.6761535 -2.9042079 -7.8408318
vn 0.1156290 3.6218691 -5.0205946
v -0.5506822 -4.1547227 -7.8723164
vn 0.0986753 3.6278520 -5.0052533
v -0.3446083 -4.1537681 -7.8660026
vn 0.0499827 3.6771863 -4.9446278
v -0.2311327 -4.1537681 -7.8634782
vn -0.1187985 3.7531927 -4.8724451
v -0.1176577 -4.1537681 -7.8636370
vn -0.1888593 3.8750286 -4.7513337
v -0.0041823 -4.1537681 -7.8667850
vn -0.4542932 3.9724422 -4.6369181
v 0.1092935 -4.1537681 -7.8743114
vn -0.2987462 4.3041253 -4.3652964
v 0.2227688 -4.1537681 -7.8848019
vn -0.1137985 4.6191535 -4.2565169
v -0.2311327 -4.2284675 -7.9452844
vn -0.3972009 4.8618727 -3.9574995
v -0.0041823 -4.2186203 -7.9476075
vn -0.7230965 5.2453718 -3.3680038
v 0.2227688 -4.2006984 -7.9572649
vn -1.2946424 5.8751516 -1.6847917
v 0.4423423 -4.1715274 -7.9776082
vn 0.2406109 4.5628433 -4.3120732
v -0.6850343 -4.2265320 -7.9514403
vn 0.2096597 2.0752468 -5.7870440
v 0.1660311 -2.1860023 -7.7262259
vn 0.1682917 2.0074720 -5.8113489
v 0.3362441 -2.2041328 -7.7262259
vn -0.8556077 2.8670945 -5.4124899
v 0.5631948 -2.1867216 -7.7262259
vn -1.2354913 3.8185844 -4.7637825
v 0.6766701 -2.1509931 -7.7262259
vn -5.0793848 1.3605863 -3.3193679
v 0.8504667 -1.9977362 -7.7262259
vn -5.6027584 0.1011317 -2.7824347
v 0.8584800 -1.8841350 -7.7262325
vn 0.0594283 0.3291133 -6.2737637
v 0.0241867 -3.8133421 -7.7971468
vn 0.1043017 0.2171918 -6.2785206
v 0.0483258 -3.6773865 -7.7915511
vn 0.0423965 0.8113047 -6.2240686
v 0.2227688 -3.9268174 -7.8042946
vn 0.1549576 0.3948834 -6.2679009
v 0.2258083 -3.7866063 -7.7926097
vn 0.3064278 0.9274248 -6.2006741
v 0.3362441 -3.9268174 -7.8017826
vn 0.0247475 1.1281703 -6.1729097
v -0.2768559 -2.7921560 -7.7484584
vn 0.3525577 0.4918192 -6.2530127
v 0.3362441 -3.8133421 -7.7909675
vn 0.0255065 -0.0370850 -6.2829437
v -0.2179995 -2.5604851 -7.7334290
vn 0.3593518 0.2995081 -6.2650352
v 0.3362441 -3.6998668 -7.7842655
vn 0.0376606 0.2167870 -6.2684746
v -0.0291959 -3.0188046 -7.7852144
vn 0.0779623 0.1281685 -6.2812681
v -0.0519938 -3.3932467 -7.7852874
vn 0.1851411 0.1961489 -6.2772493
v 0.1880447 -3.5589361 -7.7845283
vn 0.0343342 1.0224752 -6.1797447
v 0.0480908 -2.9060197 -7.7746491
vn 0.3369014 0.1974603 -6.2706094
v 0.3362441 -3.5863912 -7.7797141
vn 0.0133228 1.1529673 -6.1644115
v 0.0907084 -2.7914793 -7.7459512
vn 0.1362558 0.1190801 -6.2679501
v 0.2965050 -3.0185268 -7.7818274
vn -0.0448961 2.0535734 -5.8559270
v 0.4497194 -4.0402927 -7.8186064
vn 0.1039928 0.9497676 -6.1849308
v 0.3204875 -2.9050245 -7.7731223
vn -1.0006032 2.1802588 -5.6698523
v 0.5631948 -4.0402927 -7.8261647
vn 0.1167080 0.9866663 -6.1657181
v 0.4497194 -3.9268174 -7.7929335
vn 0.0304060 1.1212530 -6.1741385
v 0.3287754 -2.7946382 -7.7466111
vn -1.3057804 0.9319537 -5.9137592
v 0.5631948 -3.9268174 -7.7974854
vn 0.0256627 0.3891241 -6.2567291
v 0.0296579 -2.6786342 -7.7317591
vn 0.1241689 0.4802085 -6.2472343
v 0.4497194 -3.8133421 -7.7820282
vn -1.4246919 0.4398575 -5.9607191
v 0.5631948 -3.8133421 -7.7862959
vn 0.1207826 0.2847674 -6.2628927
v 0.4497194 -3.6998668 -7.7756114
vn -1.4772582 0.1937561 -5.9479637
v 0.5627565 -3.6602414 -7.7777905
vn -4.1717792 0.2759778 -4.0522480
v 0.6771566 -3.8283882 -7.8393393
vn 0.0585199 0.1158724 -6.2703452
v 0.4497194 -3.5296535 -7.7706475
vn 0.2627803 0.0660509 -6.2770524
v 0.3300185 -3.3753641 -7.7750936
vn -4.3751011 0.0045423 -3.7680573
v 0.6818556 -3.5888844 -7.8352771
vn -1.6069567 -0.0107321 -5.9145741
v 0.5630931 -3.4187448 -7.7749376
vn -0.0427218 -0.0361805 -6.2708578
v 0.4499503 -3.3000505 -7.7689419
vn -1.6627501 -0.1499083 -5.8999767
v 0.5632516 -3.1493797 -7.7785153
vn 0.2060480 -0.1275405 -6.2780056
v 0.3309328 -3.1587515 -7.7755604
vn -0.0875460 -0.1927185 -6.2687168
v 0.4497194 -3.1324897 -7.7718110
vn -0.1172016 0.0476709 -6.2761111
v 0.4497194 -3.0190144 -7.7767639
vn -1.6629771 -0.0178401 -5.9512901
v 0.5631948 -3.0190144 -7.7841058
vn 0.0230565 -0.0953530 -6.2823834
v -0.1951840 -2.4570565 -7.7345500
vn -0.2018751 0.8388344 -6.2130389
v 0.4497194 -2.9055390 -7.7699947
vn -1.8229166 0.6491583 -5.8601971
v 0.5631948 -2.9055390 -7.7787828
vn -0.3314207 0.9977267 -6.1699452
v 0.4497194 -2.7920637 -7.7460632
vn -2.0159202 0.7405755 -5.6487346
v 0.5631948 -2.7920637 -7.7575073
vn 0.0412970 0.0693713 -6.2821751
v -0.3747927 -3.2490425 -7.7840266
vn -4.8454833 0.1765795 -2.8332219
v 0.6799623 -2.7927723 -7.8363051
vn 0.0354599 -0.0229631 -6.2824993
v -0.1023495 -3.1660872 -7.7827086
vn 0.0958148 1.3272446 -6.1234002
v -0.4580836 -4.0402927 -7.8247199
vn -0.4352553 0.3211646 -6.2236676
v 0.4535419 -2.6745884 -7.7327132
vn 0.0792521 1.3232785 -6.1168466
v -0.2630070 -4.0404277 -7.8204398
vn -2.2019835 0.2346569 -5.5855536
v 0.5631948 -2.6785884 -7.7464976
vn 0.0154470 -0.0485093 -6.2828808
v 0.2159821 -2.5072112 -7.7318640
vn -0.0241292 0.3751133 -6.2565341
v 0.3156782 -2.6747251 -7.7310495
vn -2.3525629 -0.1024574 -5.5946007
v 0.5631948 -2.5651131 -7.7487125
vn 0.0551513 0.0230331 -6.2819676
v 0.1734827 -2.3442419 -7.7341466
vn -0.0094357 0.0952197 -6.2814646
v 0.3362441 -2.3381622 -7.7331080
vn 0.0707823 0.5768129 -6.2497630
v -0.2438946 -3.9304428 -7.8056755
vn -0.0388242 1.3846855 -6.1007013
v -0.0422035 -4.0404372 -7.8196435
vn 0.0781449 0.5251654 -6.2432270
v 0.0525556 -2.2246869 -7.7339277
vn -0.1222159 1.5004014 -6.0790634
v 0.1092935 -4.0402927 -7.8224277
vn 0.0104843 -0.0381440 -6.2819710
v -0.2155403 -2.3302305 -7.7372441
vn -0.0153332 0.6663582 -6.2410245
v 0.0814999 -3.9262064 -7.8041244
vn 0.0895970 0.5033726 -6.2542539
v 0.2227688 -2.2246869 -7.7305303
vn 0.0789869 1.7162070 -6.0281320
v 0.3025144 -4.0398564 -7.8257685
vn 0.0482476 0.5091577 -6.2580400
v 0.3362441 -2.2246869 -7.7287617
vn 0.1061070 0.0381456 -6.2820587
v 0.0612633 -3.2467320 -7.7816467
vn 0.0957892 0.2649279 -6.2764473
v -0.3334094 -3.8220830 -7.8014956
vn -0.4510550 -0.0099833 -6.2566204
v 0.4497194 -2.4516375 -7.7341557
vn 0.1814176 0.1310106 -6.2790699
v 0.1746145 -3.3832211 -7.7806830
vn -2.4047236 0.0275223 -5.5734687
v 0.5631948 -2.4516375 -7.7498021
vn -0.3457927 0.1989992 -6.2648425
v 0.4497194 -2.3381622 -7.7340236
vn 0.0961091 -0.0978409 -6.2813892
v 0.1244282 -3.1328328 -7.7808633
vn -1.9974450 0.6755118 -5.7814384
v 0.5631948 -2.3381622 -7.7475166
vn -4.3283978 1.5450730 -4.1151094
v 0.6766701 -2.3381622 -7.8219113
vn -0.2129774 1.8111497 -5.8458128
v 0.4494217 -2.2112877 -7.7271872
vn -1.1209553 1.0156554 -6.0737829
v 0.5631948 -2.2246869 -7.7357635
vn 0.0688981 0.1902175 -6.2799025
v -0.1742387 -3.5206485 -7.7898564
vn -2.2881577 2.6957409 -5.1180019
v 0.6766701 -2.2246869 -7.7699180
vn 0.0073546 1.0039736 -6.1869946
v -0.3162394 -2.9055390 -7.7751999
vn -2.9605479 3.5963938 -4.0530419
v 0.7880393 -2.1070049 -7.7264123
vn -4.4577703 1.6561426 -3.8109808
v 0.9036207 -2.1112115 -7.8216858
vn -5.2779298 0.3917063 -3.2994258
v 0.9036207 -1.9977362 -7.7970057
vn -5.5092034 -0.0825266 -3.0034809
v 0.9039428 -1.8821788 -7.8003397
vn -1.8953512 5.5212750 -1.7282037
v 0.6766701 -2.0885663 -7.6127505
vn -4.3474221 3.7943842 -2.1029141
v 0.7901454 -2.0116293 -7.6127505
vn 0.1867440 4.4787045 -3.9939840
v 0.1092935 -2.1112115 -7.6838164
vn 0.2588504 4.4787307 -3.9781127
v 0.2795064 -2.1112115 -7.6740565
vn 0.0404376 4.6772995 -3.8007436
v 0.4497194 -2.1112115 -7.6636343
vn -0.2630366 5.1893263 -3.2008128
v 0.5631581 -2.1094790 -7.6589427
vn -1.4372944 5.0896301 -3.2719312
v 0.6766701 -2.1112115 -7.6800904
vn 2.6839399 1.4963880 -0.1654230
v -1.6424918 -4.1537681 -8.7475042
vn 2.6737165 1.5548918 -0.6447076
v -1.8671746 -2.3381622 -8.7475042
vn 3.0060287 0.7819937 -0.2846410
v -1.6830351 -4.0402927 -8.7475042
vn 3.0578330 0.4085280 -0.4073024
v -1.7062527 -3.9263248 -8.7475042
vn 3.0667543 0.1149566 -0.7081541
v -1.7522938 -2.7920637 -8.7475042
vn 2.7889934 1.4141556 -0.1077798
v -2.1658325 -1.8953843 -8.7475042
vn 3.0652833 0.3658027 -0.7018376
v -1.7575917 -2.6785884 -8.7475042
vn 2.4964087 1.8706499 -0.3369437
v -2.0467386 -2.0813689 -8.7475042
vn 2.9885426 0.7563562 -0.7064274
v -1.7795346 -2.5651131 -8.7475042
vn 2.6115708 1.7149397 -0.2174856
v -2.1060557 -1.9977362 -8.7475042
vn 2.5837398 1.7740718 -0.2737504
v -1.9360609 -2.2286301 -8.7475042
vn 2.4998908 1.8634068 -0.3882509
v -2.0241535 -2.1112115 -8.7475042
vn 2.9678006 0.9851426 -0.1147225
v -2.2176039 -1.7707853 -8.7475042
vn 2.8738713 1.1084083 -0.7271813
v -1.8174583 -2.4456382 -8.7475042
vn 3.0832343 0.1951167 -0.5715739
v -1.7310109 -3.4729159 -8.7475042
vn 1.1745315 2.8633285 -0.3130092
v -1.2524111 -4.4827948 -8.7475042
vn 3.0394273 0.0244139 -0.7936988
v -1.7501867 -3.0190144 -8.7475042
vn 1.7050250 2.5438397 -0.4109977
v -1.4527440 -4.3807187 -8.7475042
vn 0.7023739 3.0150199 -0.3592628
v -1.0254605 -4.5531826 -8.7475042
vn 0.3033457 3.0913389 -0.3404987
v -0.7985096 -4.5883093 -8.7475042
vn 2.1869352 2.1783009 -0.3544810
v -1.4793620 -4.3579807 -8.7475042
vn 3.1184912 0.1077013 -0.3912490
v -1.7152469 -3.6998668 -8.7475042
vn 5.3316345 2.9011850 -0.5005553
v -1.6382766 -4.1537681 -8.6340284
vn 5.9641051 1.2386428 -1.0498600
v -1.6742649 -4.0402927 -8.6340284
vn 5.9471159 0.5836127 -1.6411825
v -1.6896815 -3.9268174 -8.6340284
vn 5.7892513 -0.0089474 -2.3549139
v -1.6918838 -3.8133421 -8.6340284
vn 5.6221132 0.1731768 -2.7324355
v -1.6920953 -3.6998668 -8.6340284
vn 5.0465460 2.9781463 -2.1671214
v -1.8384459 -2.3381622 -8.6340284
vn 5.8047380 0.5693280 -2.0690818
v -1.7068814 -3.5512407 -8.6408262
vn 4.5982757 3.2145491 -2.6646709
v -1.9123640 -2.2246869 -8.6340284
vn 4.3611917 3.6431060 -2.5370698
v -1.9332633 -2.1975775 -8.6340284
vn 5.8083010 0.3467132 -2.1607060
v -1.7279978 -2.7920637 -8.6340284
vn 5.7659669 0.6263062 -2.2904065
v -1.7317588 -2.6785884 -8.6340284
vn 5.5522299 1.3400496 -2.4351125
v -1.7531137 -2.5651131 -8.6340284
vn 5.4943314 2.8248522 -0.6466566
v -2.1650712 -1.8908058 -8.6334467
vn 4.5278554 3.6589601 -2.0285463
v -2.0059063 -2.1112115 -8.6340284
vn 4.5258217 3.8036857 -1.6886208
v -2.0467386 -2.0631273 -8.6340284
vn 5.2949347 1.8407831 -2.5963371
v -1.7875364 -2.4516375 -8.6340284
vn 4.8878036 3.4483390 -1.3861531
v -2.0979934 -1.9977362 -8.6340284
vn 5.0465002 2.4994726 -2.5457160
v -1.8197880 -2.3745704 -8.6340284
vn 5.7337823 1.7444832 -1.2384520
v -2.2139037 -1.7707853 -8.6340284
vn 6.1411867 0.2188951 -1.1240041
v -1.7054355 -3.8158400 -8.6802044
vn 6.1009064 0.1942250 -1.3661923
v -1.7063127 -3.6998668 -8.6746120
vn 5.0217443 3.5861323 -1.0967655
v -1.9332633 -2.2246869 -8.6955452
vn 5.2410469 2.4116025 -1.2355676
v -1.6252620 -4.1537681 -8.5205536
vn 5.7458072 0.4743480 -2.0581200
v -1.6466475 -4.0402927 -8.5205536
vn 5.5527534 -0.2549458 -2.8233132
v -1.6424711 -3.9268174 -8.5205536
vn 5.2522235 -0.5775575 -3.3901520
v -1.6281917 -3.8133421 -8.5205536
vn 4.9774899 -0.0169092 -3.8146353
v -1.6166396 -3.6998668 -8.5205536
vn 4.9428787 0.7239113 -3.7852402
v -1.6274171 -3.5863912 -8.5205536
vn 5.0594487 0.9744776 -3.5463576
v -1.6524034 -3.4729159 -8.5205536
vn 5.1335039 0.5069973 -3.5268164
v -1.6700907 -3.3594406 -8.5205536
vn 5.0747027 -0.0040213 -3.6677155
v -1.6746359 -3.2457659 -8.5210629
vn 5.0042586 -0.1748043 -3.7725506
v -1.6679685 -3.0190144 -8.5205536
vn 4.9545708 -0.4038078 -3.8232443
v -1.6615703 -2.9055390 -8.5205536
vn 4.6805873 -0.4903403 -4.1579266
v -1.6474605 -2.7920637 -8.5205536
vn 4.1827745 1.4786015 -4.3907080
v -1.7063127 -2.4266500 -8.5205536
vn 4.2693720 0.0650336 -4.5869122
v -1.6363213 -2.6785884 -8.5205536
vn 3.8403053 1.0170091 -4.8541193
v -1.6530377 -2.5654361 -8.5208063
vn 3.9889388 1.9378895 -4.4183912
v -1.7390406 -2.3381622 -8.5205536
vn 3.2551785 2.5678706 -4.7079496
v -1.8112285 -2.2246869 -8.5205536
vn 3.4709651 2.7909389 -4.3802290
v -1.8197880 -2.2144394 -8.5205536
vn 3.1623175 3.1685560 -4.3420134
v -1.9142742 -2.1112115 -8.5205536
vn 3.2987511 2.9561193 -4.3163910
v -1.9332633 -2.0921428 -8.5205536
vn 3.0826535 3.1482801 -4.2614646
v -2.0283828 -1.9977362 -8.5205536
vn 3.6588271 2.5927730 -4.1162128
v -2.0467386 -1.9765596 -8.5205536
vn 3.8658800 2.2384155 -4.0445457
v -2.1108572 -1.8842607 -8.5205536
vn 4.1647573 1.4306760 -3.8960214
v -2.1624281 -1.7745984 -8.5189066
vn 5.7299690 0.6818594 -2.1713219
v -1.7063127 -3.4729159 -8.6115704
vn 5.7378063 0.3931809 -2.2108960
v -1.7063127 -3.3594406 -8.5819130
vn 5.6892481 0.0581343 -2.4064364
v -1.7061640 -3.2358549 -8.5707951
vn 5.6335306 -0.1078868 -2.5580752
v -1.7065412 -3.0014887 -8.5791435
vn 5.2977076 0.0307868 -3.3202629
v -1.7063127 -2.7920637 -8.5933466
vn 4.9772758 0.4404734 -3.7676034
v -1.7063127 -2.6785884 -8.5911369
vn 4.5844841 1.1126467 -4.1025448
v -1.7063087 -2.5650954 -8.5657215
vn 4.2821980 2.8499804 -3.5386939
v -1.8197880 -2.3381622 -8.6033106
vn 3.6646070 3.3500817 -3.5975904
v -1.9332633 -2.1112115 -8.5347929
vn 3.8015862 2.6387246 -4.1647100
v -1.8197880 -2.2246869 -8.5266342
vn 5.0388880 2.6633186 -2.1382785
v -2.1602142 -1.8842607 -8.5942774
vn 3.9197700 3.3088496 -3.0629799
v -2.0467386 -1.9977362 -8.5364609
vn 2.3590608 5.4886360 -1.2263706
v -1.2524111 -4.4644752 -8.5205536
vn 3.2012591 5.2139020 -1.2731909
v -1.3893516 -4.3807187 -8.5205536
vn 1.2994355 5.9220972 -1.3615855
v -1.0254605 -4.5254297 -8.5205536
vn 0.6229996 6.0052190 -1.4113561
v -0.7985096 -4.5633116 -8.5205536
vn 4.0877552 4.5333996 -1.0962961
v -1.4793620 -4.3187952 -8.5205536
vn 6.1505551 0.3113405 -1.2422675
v -1.7195027 -3.3594406 -8.6521358
vn 3.0413232 0.0873326 -0.7176752
v -1.7482567 -3.2338915 -8.7474546
vn 6.0380001 0.0785650 -1.7254500
v -1.7249029 -2.8866262 -8.6475401
vn 4.7656503 4.0624137 -0.5006295
v -1.5729506 -4.2276158 -8.6340284
vn 5.3415861 -0.4583719 -3.1157193
v -1.5926540 -4.0394039 -8.4134922
vn 4.5514584 -1.2687783 -4.1301894
v -1.5609627 -3.9268174 -8.4070778
vn 4.4313850 -1.1540176 -4.2642946
v -1.5246909 -3.8133421 -8.4070778
vn 4.5504827 -0.2721661 -4.2257228
v -1.5022793 -3.6998668 -8.4070778
vn 4.4924808 0.8287042 -4.2299113
v -1.5104456 -3.5863912 -8.4070778
vn 4.3072448 1.2636069 -4.3764095
v -1.5444481 -3.4729159 -8.4070778
vn 4.2448092 0.6052216 -4.5712605
v -1.5752172 -3.3594406 -8.4070778
vn 4.1977777 -0.3197904 -4.6457696
v -1.5769293 -3.2459652 -8.4070778
vn 3.9989641 -0.3728703 -4.7810230
v -1.5584157 -3.1324897 -8.4070778
vn 2.1557665 -0.2767014 -5.8241520
v -1.7317626 -1.6573100 -8.4070778
vn 4.2134333 -0.5442001 -4.4989309
v -1.5903728 -2.9074135 -8.4328270
vn 3.9531798 -0.5765126 -4.8260002
v -1.5245850 -2.7920637 -8.4070778
vn 2.7637711 -0.2657827 -5.5882678
v -1.7714956 -1.8842607 -8.4070778
vn 4.7972841 0.0113141 -3.8988357
v -1.5160334 -2.6785884 -8.4070778
vn 2.6802654 -0.4104595 -5.5619259
v -1.7502651 -1.7707853 -8.4070778
vn 4.9376979 0.5449435 -3.3806019
v -1.5173976 -2.5651131 -8.4070778
vn 4.3506584 1.4039032 -3.9163153
v -1.5413332 -2.4516375 -8.4070778
vn 4.3507929 1.6007905 -4.1807222
v -1.5939858 -2.3444548 -8.4059887
vn 2.5140295 2.1237626 -5.3144431
v -1.7161229 -2.1112115 -8.4070778
vn 3.9152927 1.9738774 -4.2648959
v -1.6288836 -2.2246869 -8.4070778
vn 3.0033073 0.8330584 -5.4181104
v -1.7747996 -1.9977362 -8.4070778
vn 4.9244332 1.9618754 -2.0479953
v -1.5922589 -4.1537886 -8.4094276
vn 4.8865924 -0.8467498 -3.7510772
v -1.5928373 -3.9268174 -8.4389715
vn 4.6984005 -0.9277015 -4.0058393
v -1.5928373 -3.8133421 -8.4690933
vn 4.5641937 -0.1489082 -4.2901659
v -1.5928373 -3.6998668 -8.4931993
vn 4.4382515 0.7884877 -4.3637700
v -1.5928373 -3.5863912 -8.4829311
vn 4.3575926 1.1498257 -4.3070335
v -1.5928373 -3.4729159 -8.4470415
vn 4.3555899 0.5248659 -4.3595514
v -1.5928373 -3.3594406 -8.4210653
vn 4.3433142 -0.2033270 -4.4340682
v -1.5928373 -3.2459652 -8.4193945
vn 4.2726374 -0.2124574 -4.5637550
v -1.5928373 -3.1324897 -8.4321804
vn 4.2900167 -0.0867836 -4.5157156
v -1.5923002 -3.0196254 -8.4301100
vn 4.3282275 -0.7504051 -4.4672818
v -1.5928373 -2.7920637 -8.4601908
vn 4.3281755 -0.2444937 -4.5253763
v -1.5928373 -2.6785884 -8.4802523
vn 3.9701202 0.8250397 -4.7308407
v -1.5928373 -2.5651131 -8.4759903
vn 1.5225844 0.7330821 -6.0416403
v -1.9332633 -1.8842607 -8.4503317
vn 0.9157941 0.2971623 -6.2073765
v -1.9332633 -1.7707853 -8.4429617
vn 3.7438459 1.4763405 -4.8241448
v -1.7063127 -2.3381622 -8.4944582
vn 1.7124648 0.0133566 -6.0335126
v -1.8197880 -1.8842607 -8.4240427
vn 3.6850796 1.4210118 -4.8815985
v -1.5928373 -2.4516375 -8.4426804
vn 0.6608615 0.2797717 -6.2412977
v -1.9332633 -1.6573100 -8.4374094
vn 1.2923682 -0.0972728 -6.1140385
v -1.8197880 -1.7707853 -8.4280434
vn 3.1058049 2.1401987 -5.0045505
v -1.7063127 -2.2246869 -8.4567242
vn 0.9995500 0.0873964 -6.1706185
v -1.8197880 -1.6573100 -8.4282808
vn 2.7895420 2.2616823 -5.1116896
v -1.8197880 -2.1112115 -8.4608994
vn 2.4035833 1.8941350 -5.4314151
v -1.9332633 -1.9977362 -8.4719334
vn 2.5167994 1.4578285 -5.4218001
v -2.0467386 -1.8842607 -8.4799767
vn 1.8841194 0.7996085 -5.8347740
v -2.0467386 -1.7707853 -8.4594421
vn 2.2926688 1.0304813 -5.7278781
v -1.8197880 -1.9977362 -8.4273577
vn 5.0067859 0.9085360 -3.0599618
v -1.5269287 -4.1537681 -8.2936029
vn 5.2279348 -1.1406069 -3.2559094
v -1.4831594 -4.0467019 -8.2657681
vn 5.5786963 -0.4010609 -2.4525149
v -1.4405885 -3.8133421 -8.2936029
vn 5.8702717 0.0562843 -1.3662372
v -1.4362316 -3.6998668 -8.2936029
vn 5.9178867 0.7789134 -0.7642837
v -1.4467225 -3.5863912 -8.2936029
vn 5.8140874 0.6626017 -0.8315706
v -1.4586282 -3.4729159 -8.2936029
vn 6.1017585 1.2447479 -0.4291720
v -1.4784290 -2.6513891 -8.2938766
vn 6.1532516 0.0839378 -0.6139523
v -1.4830451 -2.5651131 -8.2936029
vn 5.7566590 0.3098283 -1.5493592
v -1.4730370 -3.3594406 -8.2936029
vn 5.7716722 -0.3842193 -1.6850971
v -1.4750707 -3.2459652 -8.2936029
vn 5.6238170 -0.9399424 -1.4730290
v -1.4560428 -3.1324897 -8.2936029
vn 5.3112807 -0.9526479 -2.4241271
v -1.6146924 -1.6573100 -8.2936029
vn 5.3104963 -0.8770927 -1.8155620
v -1.4334750 -3.0190144 -8.2936029
vn 5.2959132 1.1464785 -2.9542372
v -1.6463835 -1.9977362 -8.2936029
vn 5.1559315 -0.0534486 -1.9205101
v -1.4181402 -2.9055390 -8.2936029
vn 5.4936886 -0.1664858 -2.7612197
v -1.6502986 -1.8842607 -8.2936029
vn 5.4964566 0.9436139 -1.4237270
v -1.4310279 -2.7920637 -8.2936029
vn 5.5050879 -0.7702459 -2.6141570
v -1.6411769 -1.7707853 -8.2936029
vn 5.7466478 0.8758426 -1.2159065
v -1.4819217 -2.4516375 -8.2936029
vn 5.5125957 1.9281771 -1.9360577
v -1.5193141 -2.3381622 -8.2936029
vn 5.6658196 1.9859283 -1.6714865
v -1.5612707 -2.2246869 -8.2936029
vn 5.1572738 2.1386166 -2.5542183
v -1.5951279 -2.1223695 -8.2898073
vn 5.0754576 -1.4326783 -3.3540623
v -1.4769292 -3.9542134 -8.2945108
vn 4.9781132 -1.0200219 -3.6061988
v -1.4793620 -3.8133421 -8.3544531
vn 5.1378260 -0.2427433 -3.4298389
v -1.4793620 -3.6998668 -8.3792677
vn 5.1718779 0.7415752 -3.2952545
v -1.4793620 -3.5863912 -8.3694239
vn 5.0977206 0.9676907 -3.4476275
v -1.4793620 -3.4729159 -8.3334274
vn 4.9312162 0.4883864 -3.8452647
v -1.4793620 -3.3594406 -8.3027134
vn 4.9010935 -0.4205288 -3.8875756
v -1.4793620 -3.2459652 -8.2996855
vn 4.8039012 -0.7060907 -3.9224966
v -1.4793620 -3.1324897 -8.3281651
vn 3.7018390 -0.5007079 -4.8603239
v -1.7063127 -1.6573100 -8.3943739
vn 4.3178782 -0.4508259 -4.5044436
v -1.4793620 -3.0190144 -8.3433113
vn 4.2047205 -0.3699185 -4.6164951
v -1.4793620 -2.9055390 -8.3531990
vn 4.7867265 -0.0138455 -3.9132395
v -1.4793620 -2.7920637 -8.3659182
vn 5.7451463 1.1625783 -2.0859380
v -1.4793620 -2.6785884 -8.3367167
vn 3.0945585 2.3342054 -4.8409538
v -1.7090678 -2.1151874 -8.4060087
vn 4.1214533 0.8479545 -4.6126051
v -1.7063127 -1.9977362 -8.3591843
vn 4.2293258 -0.3610237 -4.5637951
v -1.7071099 -1.8788565 -8.3636055
vn 4.8769264 1.9287064 -3.2730050
v -1.5928373 -2.2246869 -8.3631134
vn 1.2179668 5.5644145 -2.5143824
v -1.0254605 -4.4461298 -8.2936029
vn 2.0859947 5.2653933 -2.4108138
v -1.2417383 -4.3807187 -8.2936029
vn 0.5696161 5.6163931 -2.6523256
v -0.7985096 -4.4792423 -8.2936029
vn 3.7395384 3.6227903 -2.5059304
v -1.4793620 -4.2514925 -8.2936029
vn 2.7430863 4.9048762 -2.7618942
v -1.2524111 -4.3748522 -8.2936029
vn 2.4568434 5.3752885 -2.0466115
v -1.2524111 -4.3807187 -8.3067074
vn 4.6521249 3.8597457 -1.6629385
v -1.5491250 -4.1975603 -8.4077969
vn 5.6221547 0.4468518 2.5064015
v -1.4793620 -3.5124276 -8.1801271
vn 4.5269074 2.2320263 -2.7900865
v -1.4500542 -4.1537681 -8.1801271
vn 5.7719975 -1.0419010 -2.1781993
v -1.4392824 -4.0402927 -8.1801271
vn 5.8211689 -0.7008634 1.3860228
v -1.6068256 -1.6573100 -8.1801271
vn 5.8110714 -0.6172627 -0.9117974
v -1.4109707 -3.9268174 -8.1801271
vn 5.4817491 0.8703845 0.4450164
v -1.4061687 -3.8133421 -8.1801271
vn 5.5955997 1.1862007 1.6897287
v -1.4374793 -3.6998668 -8.1801271
vn 5.5628309 -0.0322959 2.1540716
v -1.4793620 -3.3234007 -8.1801271
vn 6.1084089 -0.0270984 1.3461232
v -1.4957836 -2.5651131 -8.1801271
vn 5.3189931 1.1896627 2.2140622
v -1.4418023 -2.7920637 -8.1801271
vn 5.1633053 -1.0200109 2.6196055
v -1.4458852 -3.0190144 -8.1801271
vn 6.0796585 0.2592709 1.0177865
v -1.4871902 -2.4516375 -8.1801271
vn 5.1325340 -0.0769486 2.3324769
v -1.4253151 -2.9055390 -8.1801271
vn 5.8608265 1.6010157 0.4837432
v -1.5036874 -2.3381622 -8.1801271
vn 5.7101216 2.1881247 0.5799174
v -1.5457621 -2.2246869 -8.1801271
vn 5.8270807 1.0094596 0.9089879
v -1.6175323 -1.9977362 -8.1801271
vn 5.9366107 -0.0244567 0.6994228
v -1.6240060 -1.8842607 -8.1801271
vn 5.9674501 -0.4735702 0.9018551
v -1.6210673 -1.7707853 -8.1801271
vn 4.7243233 1.1149036 -3.4385390
v -1.4793620 -4.1537681 -8.2251215
vn 5.6303062 0.1573771 2.3662236
v -1.4800434 -3.4729159 -8.1808357
vn 5.6015234 -0.0035846 2.1185198
v -1.4793525 -3.3589678 -8.1809168
vn 5.8135290 1.3185337 1.7166148
v -1.4794353 -2.6817071 -8.1817064
vn 5.8111405 2.0600028 -0.9990810
v -1.5928373 -2.1112115 -8.2655954
vn 5.2563109 1.6029476 2.6825216
v -1.5215003 -3.6998668 -8.0666523
vn 5.5364456 0.9758073 2.1827297
v -1.5511932 -3.5863912 -8.0666523
vn 5.5937362 0.4600222 2.1581786
v -1.5653083 -3.4729159 -8.0666523
vn 5.7709174 1.7189649 -0.5756065
v -1.4121401 -4.0402927 -8.0666523
vn 5.5455694 1.2253640 2.4975626
v -1.4363279 -3.9268174 -8.0666523
vn 5.2558007 1.8099831 2.9123297
v -1.4767151 -3.8067961 -8.0664196
vn 5.5306034 0.1709523 2.2541599
v -1.5724938 -3.3594406 -8.0666523
vn 5.5146036 -0.1724425 2.2862675
v -1.5725338 -3.2459652 -8.0666523
vn 5.4778175 -0.5456128 2.4207532
v -1.5643196 -3.1324897 -8.0666523
vn 5.4357591 -0.7558720 2.6861694
v -1.5474427 -3.0190144 -8.0666523
vn 5.4380631 -0.4887956 2.9437649
v -1.5291493 -2.9055390 -8.0666523
vn 5.5038147 0.2537431 2.9159732
v -1.5270743 -2.7920637 -8.0666523
vn 5.8051643 0.2322444 2.2210805
v -1.5363379 -2.6785884 -8.0666523
vn 6.0320468 -0.4475907 1.6630623
v -1.5311406 -2.5651131 -8.0666523
vn 5.3525348 -0.2273130 3.2535501
v -1.6701118 -1.6642001 -8.0651894
vn 6.0325985 0.0762133 1.6285746
v -1.5187490 -2.4516375 -8.0666523
vn 5.7460217 1.6391703 1.6639841
v -1.5323155 -2.3381622 -8.0666523
vn 4.8777552 2.8534703 2.4819434
v -1.5856831 -2.2246869 -8.0666523
vn 4.8587232 3.0026212 2.5839095
v -1.5928373 -2.2147324 -8.0666523
vn 4.6049738 2.1710122 3.5626097
v -1.6580782 -2.1112115 -8.0666523
vn 5.2242608 0.3266238 3.4401524
v -1.6778653 -1.9888409 -8.0696383
vn 5.3793278 -0.1968466 3.1887197
v -1.6772337 -1.8752539 -8.0661554
vn 4.9519682 1.5704517 3.5291185
v -1.4793620 -3.6998668 -8.1199398
vn 5.5806513 1.1552844 2.4389360
v -1.4699819 -3.5867250 -8.1815281
vn 3.8185635 3.7982469 -2.9276347
v -1.3627958 -4.1536956 -8.0687923
vn 5.5744653 -0.2411584 2.1140847
v -1.4780489 -3.2461822 -8.1803350
vn 5.5188055 -0.7758211 2.3593743
v -1.4701622 -3.1384547 -8.1811590
vn 4.6871362 -0.2663543 4.1543894
v -1.4793620 -2.9055390 -8.1276894
vn 5.0701370 0.6728808 3.6135154
v -1.4793620 -2.7920637 -8.1330032
vn 5.6139736 1.9678365 1.4628662
v -1.5914508 -2.1095643 -8.1732750
vn 2.2277381 4.6587467 -3.4407518
v -1.2524111 -4.2246933 -8.0666523
vn 1.0377977 4.6945190 -4.0189328
v -1.0254605 -4.2922978 -8.0666523
vn 0.5286108 4.6427164 -4.1969094
v -0.7985096 -4.3252211 -8.0666523
vn 1.1877017 5.0799909 -3.3960848
v -1.0254605 -4.3807187 -8.1761398
vn 3.2134621 4.3118186 -3.2194347
v -1.3772547 -4.2094445 -8.1712646
vn 5.1544824 2.6385579 0.1872898
v -1.4839065 -3.9491069 -7.9531722
vn 5.5270338 1.2353472 -0.3837022
v -1.5252631 -3.8133421 -7.9531765
vn 5.5396280 1.0066749 -1.1464515
v -1.5480077 -3.6998668 -7.9531765
vn 5.6052861 0.6485374 -1.5570526
v -1.5626931 -3.5863912 -7.9531765
vn 5.6370769 0.5661379 -1.5174434
v -1.5755618 -3.4729159 -7.9531765
vn 3.0892437 4.5154996 -2.4395158
v -1.3658864 -4.0849328 -7.9531765
vn 4.2227578 3.7811737 -1.0488015
v -1.4232554 -4.0402927 -7.9531765
vn 1.6203778 4.5248985 -3.9705153
v -1.2524111 -4.1360426 -7.9531765
vn 5.7275548 0.2091346 -1.3889977
v -1.5831094 -3.3594406 -7.9531765
vn 5.7873540 -0.1076738 -1.3402991
v -1.5829921 -3.2459652 -7.9531765
vn 5.8096156 -0.3185619 -1.1926854
v -1.5788293 -3.1324897 -7.9531765
vn 5.8497915 -0.4130020 -0.9294925
v -1.5704749 -3.0190144 -7.9531765
vn 5.9527621 -0.0052650 -0.3249937
v -1.5642133 -2.9055390 -7.9531765
vn 5.7063274 -0.3322100 1.9628937
v -1.7569284 -1.8625096 -7.9532919
vn 5.9851484 0.2146818 0.1957368
v -1.5681443 -2.7920637 -7.9531765
vn 5.7135286 -0.1765215 2.0377197
v -1.7467978 -1.6550894 -7.9548640
vn 6.0115404 -0.2724077 0.1471412
v -1.5690007 -2.6785884 -7.9531765
vn 6.1030602 -0.5051987 0.0784319
v -1.5577431 -2.5651131 -7.9531765
vn 6.1797090 0.2048978 0.1948114
v -1.5482008 -2.4516375 -7.9531765
vn 5.8541489 1.9124792 0.2371671
v -1.5677798 -2.3381622 -7.9531765
vn 3.4070692 3.7842231 1.5505840
v -1.7063127 -2.1945927 -7.9531765
vn 4.8887062 1.6465685 1.5721216
v -1.7628050 -2.1112115 -7.9531765
vn 5.0561576 3.4789777 0.3301526
v -1.5928373 -2.2858047 -7.9531765
vn 3.7442408 4.4532094 1.0944399
v -1.6584802 -2.2246869 -7.9531765
vn 5.5683117 -0.0445902 1.9499032
v -1.7678201 -1.9977362 -7.9531765
vn 5.4482760 1.9771529 2.1732659
v -1.4793620 -3.9268174 -7.9949541
vn 1.8810067 4.8016858 -3.5347929
v -1.2524111 -4.1537681 -7.9766273
vn 4.0950556 1.9252326 3.9258051
v -1.7063127 -2.1112115 -8.0226307
vn 4.7645540 2.9969935 2.7551184
v -1.5928373 -2.2246869 -8.0562792
vn 0.3487865 1.6529479 -5.9855614
v -1.2524111 -3.9831123 -7.8397012
vn 0.6597420 2.0853791 -5.8146429
v -1.0128942 -4.0319915 -7.8446875
vn 0.2851580 2.4634581 -5.7276573
v -0.7985096 -4.0808249 -7.8397012
vn 2.2710404 0.8709459 -5.6709886
v -1.4320385 -3.8133421 -7.8397012
vn 2.3888202 0.4398551 -5.7359834
v -1.4549105 -3.6998668 -7.8397012
vn 4.3052001 0.3222660 -4.3522124
v -1.5087018 -3.3594406 -7.8397012
vn 4.4475088 0.0613737 -4.2204146
v -1.5135756 -3.2459652 -7.8397012
vn 4.5479317 -0.0824107 -4.0752811
v -1.5146461 -3.1324897 -7.8397012
vn 4.6540041 -0.0220717 -3.9921463
v -1.5102115 -3.0190144 -7.8397012
vn 5.8315849 -0.2489958 -1.5278306
v -1.7626051 -1.8823355 -7.8399949
vn 4.8162727 0.5480100 -3.7550213
v -1.5154557 -2.9055390 -7.8397012
vn 5.9152470 -0.0986209 -1.2999156
v -1.7545557 -1.6573100 -7.8397012
vn 5.0682211 0.5216390 -3.2003093
v -1.5360210 -2.7920637 -7.8397012
vn 5.2677760 -0.0779857 -2.8571382
v -1.5423222 -2.6785884 -7.8397012
vn 5.4306207 -0.3422864 -2.7266352
v -1.5331812 -2.5651131 -7.8397012
vn 5.4922543 0.1609105 -2.6907339
v -1.5277543 -2.4516375 -7.8397012
vn 5.0574937 1.4231687 -3.0818713
v -1.5419219 -2.3381622 -7.8397012
vn 3.2861686 3.9253769 -2.3344517
v -1.7063127 -2.1758614 -7.8397012
vn 4.6425910 1.8442373 -1.9334006
v -1.7587376 -2.1112115 -7.8397012
vn 3.7381611 3.6924465 -3.1724298
v -1.5928373 -2.2425902 -7.8397012
vn 3.1650345 4.5162115 -2.7728796
v -1.6162260 -2.2246869 -7.8397012
vn 5.5475359 0.1455843 -1.7799115
v -1.7706881 -1.9977362 -7.8397012
vn 4.2847924 1.9787674 -3.1222799
v -1.4793620 -3.9268174 -7.9004984
vn 4.1689253 0.8534998 -4.1451826
v -1.4793620 -3.8133421 -7.8661575
vn 4.1478791 0.5777506 -4.4557743
v -1.4793620 -3.6998668 -7.8537426
vn 3.3955796 0.5790668 -4.9240093
v -1.4792414 -3.5559008 -7.8397803
vn 1.9559207 3.4654481 -3.9379363
v -1.3658864 -4.0402927 -7.8812389
vn 0.6674889 3.1462131 -5.0957060
v -1.2524111 -4.0402927 -7.8597326
vn 1.0268728 4.4792595 -4.2044086
v -1.1868533 -4.1532369 -7.9526405
vn 0.3674438 2.7518244 -5.5628037
v -1.1389358 -4.0402927 -7.8608174
vn 0.9355174 3.9243548 -4.7218170
v -1.0254605 -4.1537681 -7.9161372
vn 0.7819911 3.8052070 -4.7640409
v -0.9119852 -4.1537681 -7.8918033
vn 0.3933755 3.7484777 -4.8745623
v -0.7985096 -4.1537681 -7.8784266
vn 0.1447604 3.6526585 -4.9708319
v -0.6850343 -4.1537681 -7.8737178
vn 1.1707819 4.7422018 -3.9487460
v -1.1467123 -4.1886773 -7.9868250
vn 0.6842743 4.6496410 -4.1696901
v -0.9119852 -4.2157645 -7.9639339
vn 0.6349450 2.9884450 -5.4145942
v -1.4793620 -2.1381226 -7.7262259
vn 0.4141353 2.1990101 -5.7988300
v -1.3657408 -2.1624217 -7.7264223
vn 0.0558451 2.0875528 -5.8092327
v -1.0821981 -2.1674850 -7.7262259
vn 1.4819466 4.2701101 -4.2160463
v -1.5755084 -2.1112115 -7.7262259
vn 2.3952236 3.9822454 -4.1222196
v -1.5928373 -2.1053154 -7.7262259
vn 4.6546564 1.6801753 -3.6958117
v -1.6873147 -1.9977362 -7.7262259
vn 3.4385724 0.7126428 -4.7557554
v -1.4887791 -3.4933784 -7.8355279
vn 1.6665292 1.4914759 -5.6179547
v -1.3707197 -3.9319303 -7.8392067
vn 0.1503221 0.8296401 -6.2098198
v -1.2524111 -3.9268174 -7.8300033
vn 0.1203297 1.1693666 -6.1600823
v -1.1392125 -3.9555891 -7.8364439
vn 0.4501556 0.8409787 -6.2069716
v -1.0254605 -3.9268174 -7.8265657
vn 0.7157573 2.0170484 -5.7925959
v -0.9189442 -4.0485320 -7.8363461
vn 0.1791541 1.4099495 -6.0852003
v -0.7985096 -4.0402927 -7.8265901
vn 0.4366854 0.7008038 -6.2109385
v -0.9119852 -3.9268174 -7.8151126
vn 0.1051469 0.5593013 -6.2443571
v -0.7985096 -3.9268174 -7.8106532
vn 0.0383275 1.3244300 -6.1225481
v -0.6120833 -4.0418396 -7.8265324
vn 0.0396448 0.5572721 -6.2536941
v -0.6148084 -3.9268956 -7.8113747
vn 0.8289877 0.5580417 -6.1747222
v -1.3658864 -3.8133421 -7.8251295
vn 0.1288300 0.5092577 -6.2584009
v -1.2524111 -3.8133421 -7.8199692
vn 0.0997058 0.5579342 -6.2563705
v -1.1389358 -3.8133421 -7.8205295
vn 0.3266414 0.4561263 -6.2573099
v -1.0254605 -3.8133421 -7.8162942
vn 3.4976320 0.0060785 -5.0066051
v -1.4782760 -2.4632366 -7.7813077
vn 0.0677581 0.4558980 -6.2658367
v -1.1389358 -3.6998668 -7.8117089
vn 1.0848399 -0.0904038 -6.1071548
v -1.3658864 -2.5651131 -7.7379990
vn 1.1455419 -0.0114518 -6.1008081
v -1.3658864 -2.4516375 -7.7395163
vn 0.9722906 0.4494501 -6.1512303
v -1.3658864 -3.6431289 -7.8123531
vn 0.1120220 0.4879130 -6.2623587
v -1.2446393 -3.6445796 -7.8076959
vn 1.0128947 0.5429305 -6.1234674
v -1.3658864 -3.4729159 -7.7970452
vn 0.0496641 0.4816937 -6.2618241
v -1.2524111 -3.4729159 -7.7931561
vn 3.2911866 0.5468258 -5.1486578
v -1.4793620 -2.3381622 -7.7761750
vn -0.0595553 0.4143815 -6.2688899
v -1.1485624 -3.4952211 -7.7962422
vn 0.9159107 0.1541263 -6.1658635
v -1.3658864 -2.3381622 -7.7401371
vn 0.1070032 0.3546825 -6.2717357
v -1.0254605 -3.6431289 -7.8059106
vn 0.2538313 0.2723303 -6.2707291
v -0.9119852 -3.8133421 -7.8093309
vn 0.0677400 0.1828101 -6.2788830
v -0.7985096 -3.8133421 -7.8064075
vn 0.0876489 -0.0101502 -6.2816639
v -1.2385732 -2.5524344 -7.7351618
vn 0.0969349 0.2098183 -6.2788234
v -0.8552474 -3.6998668 -7.8047643
vn 0.0566625 0.0070910 -6.2825756
v -1.1673046 -2.3381622 -7.7370300
vn 0.0607147 0.2392769 -6.2782021
v -0.6321511 -3.8123169 -7.8062057
vn 1.9661932 1.8178767 -5.5711374
v -1.4793620 -2.2246869 -7.7582445
vn 0.5910456 0.5986306 -6.2114501
v -1.3642406 -2.2254241 -7.7370472
vn 0.0835612 0.2216291 -6.2786050
v -0.5988538 -3.7119682 -7.8025217
vn 0.0817115 0.2843756 -6.2761779
v -0.8386081 -3.5625985 -7.7989664
vn 2.7311726 -0.0300213 -5.5589838
v -1.4793620 -3.1324897 -7.8148093
vn 2.8001308 0.0846600 -5.5560980
v -1.4793620 -3.0190144 -7.8175077
vn 0.9664365 0.1680046 -6.1521969
v -1.3658864 -3.0190144 -7.7815990
vn 0.0774137 0.2356522 -6.2782083
v -0.4702421 -3.5653236 -7.7953396
vn -0.0605534 0.2326488 -6.2760768
v -1.2524111 -3.0190144 -7.7807784
vn 0.0159026 0.0113907 -6.2825627
v -0.8382229 -2.5498109 -7.7328134
vn -0.1116935 0.0785227 -6.2797775
v -1.2524111 -3.1892276 -7.7808809
vn -0.1479739 0.0795689 -6.2805791
v -1.1394873 -3.1930161 -7.7844157
vn 2.5495734 0.3315186 -5.6567388
v -1.4793620 -3.3594406 -7.8210711
vn 0.0032989 0.0073470 -6.2829900
v -0.7868213 -2.3391595 -7.7345185
vn 2.6738391 0.1484841 -5.5965915
v -1.4793620 -3.2459652 -7.8164010
vn -0.0494273 0.0885136 -6.2821436
v -1.0019058 -3.2250059 -7.7871151
vn 2.9711766 0.6654630 -5.4183235
v -1.4793620 -2.9055390 -7.8113561
vn -0.0146996 -0.0362759 -6.2829285
v -0.4974908 -2.5182705 -7.7338629
vn 3.0717444 0.8184254 -5.1777368
v -1.4793620 -2.7920637 -7.7864761
vn -0.1486086 0.2809474 -6.2671790
v -1.1389358 -3.0190144 -7.7844439
vn 3.1896849 0.1960753 -5.0742083
v -1.4793620 -2.6785884 -7.7727718
vn 0.0550299 0.1775546 -6.2801108
v -0.4943463 -3.3585422 -7.7873039
vn 0.9519616 0.3801081 -6.1294112
v -1.3658864 -3.3594406 -7.7873902
vn -0.0012094 0.2388356 -6.2782841
v -0.9651880 -3.3658183 -7.7908392
vn -0.0214817 0.0067234 -6.2822604
v -0.4409584 -2.3382244 -7.7365174
vn -0.0522335 0.3005675 -6.2725801
v -1.2524111 -3.3594406 -7.7857933
vn 0.8994998 0.1016134 -6.1294937
v -1.3657359 -3.1999025 -7.7801318
vn 0.0237890 0.4933077 -6.2512732
v -0.8552474 -2.2246869 -7.7333279
vn -0.1172521 0.2574216 -6.2764874
v -1.1389358 -3.3594406 -7.7890649
vn 0.0333902 -0.0321325 -6.2828159
v -0.4176475 -3.1323280 -7.7842846
vn -0.0150473 0.3246832 -6.2659955
v -0.9573377 -3.0185499 -7.7865968
vn 0.0169795 0.3059841 -6.2685151
v -0.6057364 -3.0185437 -7.7857585
vn 0.0394181 0.0604016 -6.2826905
v -0.6493225 -3.2330725 -7.7866559
vn 0.0066590 0.2453655 -6.2692962
v -0.3546807 -3.0190721 -7.7856851
vn 1.0047208 0.8425609 -6.0985155
v -1.3658864 -2.9055390 -7.7740569
vn -0.0153744 0.8388953 -6.2170320
v -1.2524111 -2.9055390 -7.7727766
vn 0.9331255 0.9657412 -6.0375471
v -1.3658864 -2.7920637 -7.7508278
vn -0.0008558 1.0285475 -6.1936359
v -1.1772853 -2.7901561 -7.7502995
vn 0.9414569 0.3466158 -6.0847082
v -1.3658864 -2.6785884 -7.7373204
vn 0.0529882 0.4176881 -6.2566485
v -1.2493021 -2.6783683 -7.7363739
vn -0.0543940 0.9364731 -6.1973343
v -1.1071861 -2.9041185 -7.7750487
vn 0.0121981 1.0940533 -6.1799116
v -0.8837556 -2.7916739 -7.7493148
vn 0.0011042 0.9914182 -6.1922498
v -0.6545142 -2.9053357 -7.7748151
vn 0.0025932 1.1004958 -6.1795073
v -0.6042920 -2.7920647 -7.7493658
vn 0.0180442 0.4454235 -6.2562332
v -0.8716120 -2.6788468 -7.7346530
vn 0.0153607 0.4140633 -6.2579217
v -0.3916169 -2.6793613 -7.7343812
vn 3.3853061 2.4117908 -4.3121891
v -1.7063127 -2.1112115 -7.7868528
vn 2.5657146 3.8857322 -4.1891913
v -1.5933696 -2.2241175 -7.8216724
vn 4.9019833 0.6938674 -3.7622805
v -1.7063127 -1.9977362 -7.7478385
vn 0.8585691 5.7546005 -2.2592564
v -1.4787723 -2.0686820 -7.6126075
vn 0.5556118 4.8783550 -3.7170186
v -1.4793620 -2.1112115 -7.7042499
vn 0.1925922 4.4708533 -4.0817904
v -1.3663698 -2.1114631 -7.6964107
vn 3.1193562 0.2022008 -0.3043771
v -2.2855697 -1.3168838 -8.7475042
vn 3.0682571 -0.0262932 -0.5988113
v -2.2938898 -1.2034087 -8.7475042
vn 3.0627203 0.6168136 -0.1818161
v -2.2477412 -1.6573100 -8.7475042
vn 3.1077476 0.3689298 -0.2040919
v -2.2708583 -1.4980688 -8.7475042
vn 3.0073602 -0.0305620 -0.8594735
v -2.3007791 0.1582956 -8.7475042
vn 2.9841647 -0.3577735 -0.6851830
v -2.2910116 0.3852468 -8.7475042
vn 2.9516306 -0.0137310 -1.0547724
v -2.2981257 -0.9764576 -8.7475042
vn 2.8321121 -1.1119320 -0.3698397
v -2.2344973 0.6121974 -8.7475042
vn 2.9623337 0.0211183 -1.0506023
v -2.2977281 -0.7495070 -8.7475042
vn 2.0665884 -2.1694007 -0.3057913
v -2.1602142 0.7307549 -8.7475042
vn 1.1994718 -2.7948542 -0.4158885
v -1.9820361 0.8391480 -8.7475042
vn 2.9811130 0.0188141 -0.9908317
v -2.2984421 -0.5225563 -8.7475042
vn 0.5174565 -3.0563402 -0.3220353
v -1.9332633 0.8513737 -8.7475042
vn 0.0341577 -3.0652492 -0.5314353
v -1.7063127 0.8722062 -8.7475042
vn 2.9965611 0.0317008 -0.9437959
v -2.2994494 -0.1821303 -8.7475042
vn -0.2957467 -3.0722594 -0.4865728
v -1.4793620 0.8604879 -8.7475042
vn -0.6834889 -2.9622712 -0.6434740
v -1.3292365 0.8391480 -8.7475042
vn 5.8527913 1.0873250 -1.4420741
v -2.2413220 -1.6573100 -8.6340284
vn 5.9034624 0.2814170 -1.8014426
v -2.2729011 -1.3213050 -8.6332874
vn 5.8979001 0.6787400 -1.6141813
v -2.2565436 -1.5438347 -8.6340284
vn 6.2117095 0.4934330 -0.6702735
v -2.2736895 -1.4303594 -8.6833763
vn 4.8467197 0.1571937 -3.7489357
v -2.2171302 -1.3263509 -8.5208530
vn 4.9664750 -0.1088722 -3.6560695
v -2.2170126 -1.2034087 -8.5205536
vn 4.9231563 0.7929670 -3.5288539
v -2.1896989 -1.6573100 -8.5205536
vn 4.8900986 0.4500353 -3.6952882
v -2.2012734 -1.5438347 -8.5205536
vn 5.1618443 -0.0444108 -3.4239011
v -2.2127967 -1.0899334 -8.5205536
vn 5.2688665 0.0015280 -3.2387669
v -2.2126517 -0.9633521 -8.5208206
vn 5.3016586 0.1285425 -3.1483185
v -2.2171164 -0.7495070 -8.5205536
vn 5.4448509 -1.7647669 -1.8798342
v -2.2036622 0.6121974 -8.5205536
vn 4.3202300 -3.4640174 -1.7523928
v -2.1602142 0.7002382 -8.5205536
vn 3.6517313 -3.7547138 -0.7758302
v -2.1381481 0.7256727 -8.5205536
vn 5.3848228 0.0462886 -2.9227166
v -2.2349768 0.1858613 -8.5203066
vn 1.9663606 -5.1639991 -1.4588298
v -2.0467386 0.7815561 -8.5205536
vn 5.4392643 -0.2558516 -2.6619542
v -2.2364776 0.3852468 -8.5205536
vn 0.9743086 -5.2900934 -2.5752466
v -1.9332633 0.8091884 -8.5205536
vn 5.4937320 -0.7397735 -2.1866562
v -2.2290726 0.4987221 -8.5205536
vn 0.1425903 -5.3399334 -2.7474675
v -1.8197880 0.8171568 -8.5205536
vn -0.4818953 -5.2561212 -3.1884282
v -1.4793620 0.8010378 -8.5205536
vn -0.3732414 -5.4819674 -2.6507852
v -1.3658864 0.7930546 -8.5205536
vn 5.7791986 -0.4870033 -1.8673103
v -2.2752590 -1.2034092 -8.6301727
vn 1.4470034 -5.8224015 -1.2061341
v -1.9332633 0.8391480 -8.6314745
vn 0.0153777 -5.9390645 -1.8483239
v -1.7063127 0.8391480 -8.5758419
vn -0.7115178 -5.9209881 -1.6966132
v -1.4793620 0.8391480 -8.6127625
vn 6.0717864 -0.0916763 -1.6111426
v -2.2598844 0.2717714 -8.6113338
vn 5.8633866 -0.4036433 -2.1830816
v -2.2548933 -1.1223545 -8.6168356
vn 6.0933127 -1.1443766 -0.9885335
v -2.2389441 0.4987221 -8.6113338
vn 5.8986969 0.0675119 -2.1627996
v -2.2479641 -0.8629823 -8.6113338
vn 2.8824675 -5.5327168 -0.5089903
v -2.0505538 0.7751007 -8.6012421
vn 5.9447985 0.1122147 -2.0305171
v -2.2515628 -0.6360316 -8.6113338
vn 5.3356910 0.0904917 -3.0530601
v -2.2237380 -0.5295562 -8.5203562
vn 0.3034838 -6.0564308 -1.6244450
v -1.8197880 0.8240480 -8.5537958
vn 5.3499613 0.0915862 -3.0390482
v -2.2263923 -0.2347596 -8.5207520
vn -0.1333932 -5.2000780 -3.2996306
v -1.6991596 0.8159187 -8.5215416
vn 5.3671370 0.0878910 -2.9763598
v -2.2321708 0.0093806 -8.5204878
vn -0.8330160 -6.0677390 -1.3557564
v -1.3444400 0.8117261 -8.6147804
vn 1.6588205 0.0169902 -6.0238152
v -1.7248228 -1.5438347 -8.4070778
vn 1.4096197 0.1670183 -6.1057868
v -1.7423937 -1.4303594 -8.4070778
vn 1.2193447 0.1860839 -6.1416740
v -1.7505178 -1.3168838 -8.4070778
vn 0.9780843 0.3782776 -6.1857047
v -1.8574872 -1.0899334 -8.4070778
vn 1.3185762 0.0904155 -6.1137567
v -1.8775530 -0.9764576 -8.4070778
vn 0.8465100 0.0287046 -6.2140265
v -1.8852611 -0.8629823 -8.4070778
vn 1.2191763 -1.0341101 -5.9191189
v -2.0547473 0.6242193 -8.4053926
vn 0.2464993 -1.3885360 -6.0778112
v -1.9332633 0.6793623 -8.4070778
vn 1.3400400 0.1483649 -6.1218653
v -2.0628631 0.1582956 -8.4070778
vn -0.1439756 -1.2367147 -6.1389227
v -1.7630503 0.6660893 -8.4070778
vn 1.4388477 0.1111638 -6.0946274
v -2.0898576 0.3852468 -8.4070778
vn 1.5377649 -0.2025955 -6.0452127
v -2.0961008 0.4987221 -8.4070778
vn -0.0773587 -1.0548158 -6.1675143
v -1.4451549 0.6208384 -8.4067402
vn 0.6506599 0.0431321 -6.2482376
v -2.0087719 -0.3523433 -8.4070778
vn 0.0269085 -1.0692686 -6.1574974
v -1.3898898 0.6199487 -8.4065208
vn 3.2568161 0.6303854 -5.1680126
v -2.1602142 -1.6573100 -8.4933691
vn 3.1215730 0.3731925 -5.3043046
v -2.1602142 -1.5438347 -8.4845266
vn 3.0746858 0.2651537 -5.3178940
v -2.1602142 -1.3736216 -8.4732561
vn 1.4689289 0.3831904 -6.0488586
v -2.0467386 -1.6573100 -8.4507933
vn 3.5993321 -1.3971878 -4.0337772
v -2.1602142 0.6121974 -8.4408579
vn 1.3990377 0.3376153 -6.0805039
v -2.0467386 -1.5438347 -8.4449625
vn 1.5652022 -3.3264813 -4.2043815
v -2.0467386 0.7256727 -8.4344769
vn 0.3473577 -3.3003151 -4.9169192
v -1.9332633 0.7256727 -8.4212103
vn 3.2354865 0.1256675 -5.0833244
v -2.1603274 -0.0638946 -8.4403105
vn 0.5454366 0.2645798 -6.2494664
v -1.9371933 -1.4221877 -8.4250364
vn 1.1382821 0.1096206 -6.1493497
v -2.0466340 -0.0367553 -8.4070978
vn -0.0669109 -3.1657758 -5.1265159
v -1.8197880 0.7256727 -8.4221754
vn 3.3486242 0.1852448 -5.0662293
v -2.1602142 -0.7495070 -8.4568005
vn -0.1862220 -3.1168747 -5.1750660
v -1.7063127 0.7256727 -8.4256430
vn 3.2810843 0.1013887 -5.0612450
v -2.1602182 -0.5284906 -8.4478960
vn 3.2863700 0.1263785 -5.0647273
v -2.1601844 0.2286411 -8.4340811
vn -0.2273411 -3.1878896 -5.1189313
v -1.5360997 0.7256727 -8.4326267
vn 1.3101978 0.1702636 -6.1052656
v -2.0471501 -0.8261521 -8.4217291
vn 3.3838887 0.0596909 -4.9687815
v -2.1602142 0.3852468 -8.4294186
vn 3.1431208 0.1010612 -5.2301755
v -2.1602142 -1.2034087 -8.4660997
vn 1.3439108 0.2759919 -6.0930538
v -2.0470924 -1.3875277 -8.4362488
vn 3.4947824 -0.3302213 -4.7526932
v -2.1602142 0.4987221 -8.4286156
vn 0.4758635 0.1500001 -6.2617955
v -1.9361947 -0.6828789 -8.4065714
vn 1.2527751 0.1388131 -6.1212387
v -2.0470734 -0.5583679 -8.4136667
vn 1.2890781 0.1686078 -6.1117897
v -2.0467386 -1.2034087 -8.4300337
vn 0.5630938 0.2025261 -6.2536302
v -1.9332633 -1.2034087 -8.4182148
vn 0.7262288 0.1882314 -6.2206302
v -1.8197880 -1.5438347 -8.4242477
vn 1.2860813 0.0498203 -6.1210098
v -2.0467386 -0.4090810 -8.4119864
vn -0.0911620 -3.3644271 -4.9518318
v -1.3658864 0.7256727 -8.4368839
vn 0.6229331 0.2194627 -6.2434063
v -1.8196181 -1.4177473 -8.4183006
vn 1.1188416 0.8770524 -6.0292315
v -1.7849454 -1.2027838 -8.4079847
vn 3.2893310 0.0873178 -5.0906553
v -2.1600482 -0.2637192 -8.4465208
vn 1.2828876 0.0793780 -6.1272273
v -2.0467386 -0.2388680 -8.4111547
vn 3.2674716 0.0764941 -5.1366119
v -2.1602142 -1.0899334 -8.4646225
vn 3.3361979 0.1064288 -5.0946956
v -2.1602142 -0.9197199 -8.4624205
vn 1.3030436 0.1310107 -6.1038136
v -2.0467386 -1.0899334 -8.4270163
vn 0.6491288 0.1143935 -6.2482896
v -1.9332633 -0.9480889 -8.4131136
vn 5.2141237 -0.5685717 -2.2658079
v -1.5938082 -1.5438347 -8.2936029
vn 5.2583566 -0.2045246 -2.3066444
v -1.5928373 -1.5267603 -8.2936029
vn 4.7800016 1.2789130 -2.0401103
v -1.5933367 -1.2046338 -8.2935390
vn 4.8529110 2.5602949 -2.8907068
v -1.7063127 -1.0307636 -8.2936029
vn 4.9648566 0.3568524 -3.6985657
v -1.7241957 -0.9764576 -8.2936029
vn 4.4806976 2.9384913 -2.1757839
v -1.6555889 -1.0899334 -8.2936029
vn 4.8953161 -1.9803598 -3.1711991
v -1.7063124 -0.8777332 -8.2936020
vn 0.3056475 -5.5150642 -2.3510098
v -1.3658864 0.3207073 -8.2936029
vn 1.8466120 -5.1662445 -2.4967873
v -1.4793620 0.3040562 -8.2936029
vn 5.0607123 0.5941770 -2.9157379
v -1.6181211 -0.2956057 -8.2936029
vn 5.1284847 -0.1637852 -2.9821732
v -1.6258228 -0.1821303 -8.2936029
vn 4.9454618 -0.6342974 -2.8333116
v -1.6093950 -0.0686550 -8.2936029
vn 4.7459331 -1.8610262 -2.8143189
v -1.6299758 -0.7495070 -8.2936029
vn 4.9449553 -0.6840506 -2.6307955
v -1.5936673 -0.6338953 -8.2885733
vn 4.9552050 -0.3087154 -2.7580009
v -1.5928373 0.0723910 -8.2936029
vn 4.9731612 0.1587757 -2.7945709
v -1.5928373 -0.4854522 -8.2936029
vn 3.9705431 -3.4765739 -2.7335751
v -1.5353580 0.2717714 -8.2936029
vn 4.5608354 0.5626771 -4.0508518
v -1.5985615 -0.4090810 -8.2936029
vn 3.2145383 -0.0933550 -5.1770754
v -1.7063127 -1.5438347 -8.4004889
vn 3.0269608 0.0727567 -5.3704262
v -1.7063127 -1.4303594 -8.3956385
vn 5.0747275 0.1091572 -2.4237583
v -1.5886769 -1.3168794 -8.2998238
vn 2.8010800 0.1456855 -5.4589520
v -1.7063127 -1.3168838 -8.3950558
vn 2.5717940 1.1708734 -5.1808882
v -1.7063127 -1.2034087 -8.3902922
vn 1.2981658 0.7428145 -6.0324736
v -1.8209451 -1.1529746 -8.4069557
vn 3.5263281 2.0734169 -4.5292835
v -1.7063127 -1.0899334 -8.3452158
vn 3.0047455 0.3168459 -5.4067254
v -1.8197880 -0.9764576 -8.3868313
vn 0.4886277 0.0804650 -6.2631569
v -1.9332633 -0.0119174 -8.3966732
vn 3.8257899 -2.8446033 -3.9023657
v -1.7063127 -0.8629823 -8.3064585
vn 2.4614699 -0.6125402 -5.6166472
v -1.8197880 -0.8629823 -8.3927650
vn 3.1892500 -1.1831435 -5.0021696
v -1.7063127 -0.7495070 -8.3635588
vn 0.6937706 0.1024804 -6.2419825
v -2.0467386 0.1582956 -8.4047890
vn 1.1452587 -0.1802115 -6.1187291
v -1.8197880 -0.7495070 -8.4008884
vn 0.3924651 0.0523446 -6.2694235
v -1.9332633 0.2150335 -8.3944349
vn 0.4773078 0.1367962 -6.2586617
v -1.9615775 -0.5514202 -8.4043608
vn 0.5643180 0.0899944 -6.2565207
v -1.9938865 -0.1783935 -8.4044352
vn 0.4296285 0.0687727 -6.2671094
v -1.9296631 -0.3961689 -8.4006195
vn 0.9245842 0.1195487 -6.1916137
v -1.8197880 -0.2956057 -8.3930655
vn 1.0019592 0.0661454 -6.1763310
v -1.8197880 -0.1821303 -8.3916836
vn 0.7083039 0.0919391 -6.2262259
v -1.8195794 -0.5629087 -8.3988199
vn 2.7742620 0.3255463 -5.4873056
v -1.7063127 -0.2956057 -8.3643875
vn 2.6148443 -0.3229469 -5.4693880
v -1.7063127 -0.6360316 -8.3772202
vn 2.8691535 -0.0327195 -5.4635029
v -1.7063127 -0.1821303 -8.3602266
vn 0.8169127 0.0394630 -6.2193632
v -1.8197880 -0.0686550 -8.3894119
vn 2.4017322 0.0756994 -5.5957274
v -1.7063127 -0.5225563 -8.3787804
vn 2.5982757 -0.2858844 -5.5581021
v -1.7063127 -0.0686550 -8.3657436
vn 4.9875221 -0.0721912 -2.8336766
v -1.5926992 -0.5307354 -8.2937412
vn 0.6120840 -0.0071891 -6.2497711
v -1.8197880 0.0448203 -8.3886251
vn 0.7304075 0.1417986 -6.2289534
v -1.8197880 -0.4090810 -8.3946600
vn 2.3132951 -0.2493721 -5.6470008
v -1.7063127 0.0448203 -8.3724365
vn 2.4936008 0.3300998 -5.5656314
v -1.7063127 -0.4090810 -8.3739462
vn 0.4335674 -0.0754796 -6.2650476
v -1.8197880 0.1582956 -8.3893471
vn 1.9067432 -0.4972081 -5.8270755
v -1.7063127 0.1582956 -8.3769941
vn 4.7904754 -1.4406054 -2.9630136
v -1.5874329 0.1579482 -8.3006725
vn 1.1766245 0.1648458 -6.1347404
v -2.0637786 0.2151529 -8.4053459
vn 0.6953573 0.0719506 -6.2379403
v -2.0467386 0.3852468 -8.4003906
vn 0.6624362 -0.1100105 -6.2333269
v -2.0467386 0.4987221 -8.3993750
vn 0.2507102 -0.0603401 -6.2771187
v -1.8197880 0.2717714 -8.3899803
vn 0.9888999 -0.5111514 -6.1499562
v -1.7063127 0.2717714 -8.3831110
vn 0.2474411 -0.0082006 -6.2751484
v -1.9335842 0.4196073 -8.3924227
vn 0.1724478 -0.3099413 -6.2706928
v -1.7063127 0.3852468 -8.3898277
vn 3.1943550 -1.5151359 -5.0573611
v -1.5928373 0.2717714 -8.3466825
vn 0.8745667 -1.5144079 -5.9271398
v -1.5928373 0.3852468 -8.3835030
vn 0.1619025 -0.2020539 -6.2722998
v -1.9280167 0.5139571 -8.3932877
vn 0.5292394 -2.8419442 -5.3781967
v -1.4793620 0.3852468 -8.3718863
vn -0.0757365 -0.3042245 -6.2749815
v -1.7063127 0.4987221 -8.3943577
vn 0.1125464 -0.5656369 -6.2426834
v -1.9257351 0.6130502 -8.3979883
vn -0.0387618 -0.5005616 -6.2618713
v -1.5928373 0.4987221 -8.3959694
vn 0.0214542 -0.8277051 -6.2142668
v -1.4793620 0.4987221 -8.3974924
vn 0.0335340 -3.2109146 -5.1008325
v -1.3658864 0.3852468 -8.3682871
vn -0.0132529 -0.9758837 -6.1796932
v -1.3658864 0.4987221 -8.3985271
vn 5.7431660 -0.4617713 1.6427499
v -1.5931668 -1.5415446 -8.1801672
vn 5.9233584 -0.1257242 1.3820289
v -1.5885844 -1.4303594 -8.1801271
vn 5.8657646 0.1645534 1.4820074
v -1.5882320 -1.3168838 -8.1801271
vn 5.5257506 0.5756962 1.9785093
v -1.5928373 -1.2395062 -8.1801271
vn 5.2384100 1.4259918 1.9555751
v -1.5978956 -1.2034087 -8.1801271
vn 5.3053937 2.2642832 1.3811673
v -1.6474652 -1.0899334 -8.1801271
vn 6.0285616 0.4151612 0.1792770
v -1.6968198 -0.9764576 -8.1801271
vn 5.7472486 -2.0821445 0.2290127
v -1.6645219 -0.8629823 -8.1801271
vn 5.3979211 -2.0780649 0.7133119
v -1.6063178 -0.7495070 -8.1801271
vn 5.8724699 -1.5269182 1.1596479
v -1.5817428 0.1582956 -8.1801271
vn 4.1323090 -4.0931320 1.6484544
v -1.5287025 0.2717714 -8.1801271
vn 5.6507673 -1.2792351 0.9275954
v -1.5928373 -0.7018194 -8.1801271
vn 1.8720200 -5.6568141 1.4338045
v -1.4793620 0.2973123 -8.1801271
vn 5.9764371 -0.4853409 0.8259682
v -1.5836661 -0.6360316 -8.1801271
vn 5.9423127 0.1062591 0.9668796
v -1.5805669 -0.5225563 -8.1801271
vn 5.6944871 0.6271946 1.4641371
v -1.6040051 -0.2956057 -8.1801271
vn 5.7313051 -0.1589368 1.5337950
v -1.6108856 -0.1821303 -8.1801271
vn 5.6703472 -0.6334438 1.5273662
v -1.5990067 -0.0686550 -8.1801271
vn 5.6951575 -0.6707737 1.4901078
v -1.5928373 -0.0165701 -8.1801271
vn 5.9730182 -0.3809270 1.1629112
v -1.5882928 0.0448203 -8.1801271
vn 5.8541303 0.3872736 -1.9421595
v -1.7063127 -0.9764576 -8.2565575
vn 5.7683563 0.6232796 -1.6084980
v -1.5928373 -0.4090810 -8.2838278
vn 4.9120398 -0.3647668 -2.6150973
v -1.5929155 0.0456766 -8.2923908
vn 5.2268286 -0.1326245 3.4737265
v -1.6679150 -1.5550718 -8.0643606
vn 5.0726767 0.1290148 3.7014201
v -1.6837327 -1.4540848 -8.0427589
vn 4.9620914 0.5547910 3.8068917
v -1.6989082 -1.3262161 -8.0332222
vn 4.9323192 1.3932809 3.6231325
v -1.7063127 -1.1592894 -8.0666523
vn 5.2243252 0.7200882 3.2747090
v -1.7268558 -1.0899334 -8.0666523
vn 5.6915059 -0.6070573 2.4818807
v -1.7284701 -0.9764576 -8.0666523
vn 5.6519198 -1.5486983 2.2259493
v -1.7060781 -0.8957875 -8.0688496
vn 5.3053117 -1.3033636 2.9742846
v -1.6638176 -0.7495070 -8.0666523
vn 5.0511107 -0.7774305 3.6343391
v -1.6475751 0.1582956 -8.0666523
vn 3.3285234 -3.3039730 4.0525999
v -1.5928373 0.3135080 -8.0666523
vn 1.0757178 -4.8790674 3.7534261
v -1.4793620 0.3650775 -8.0666523
vn 5.1844854 -0.3607745 3.4784255
v -1.6483059 -0.6360316 -8.0666523
vn 5.1585250 0.2865160 3.5506415
v -1.6488481 -0.5225563 -8.0666523
vn 5.1105533 0.8108422 3.5476136
v -1.6616786 -0.4090810 -8.0666523
vn 5.0135980 0.7335765 3.7081928
v -1.6853304 -0.2956057 -8.0666523
vn 4.9588709 -0.7811971 3.7744236
v -1.6793363 -0.0686550 -8.0666523
vn 5.1170893 -0.6915895 3.5586689
v -1.6587646 0.0448203 -8.0666523
vn 5.3803596 -0.0908335 3.2042544
v -1.5928373 -1.4303594 -8.1717520
vn 5.2463884 0.2181433 3.3992517
v -1.5928373 -1.3168838 -8.1717186
vn 5.1433730 1.0259775 3.4193902
v -1.7063127 -1.0899334 -8.0960512
vn 5.8502340 -0.0799113 1.9099449
v -1.7063127 -0.9764576 -8.1282749
vn 5.3252907 -1.2261441 3.0242937
v -1.5928373 0.1582956 -8.1559277
vn 4.5673966 -2.0864842 3.7456727
v -1.5955211 0.2722912 -8.0928936
vn 5.5133038 -0.5654187 2.8184340
v -1.5928373 -0.6360316 -8.1567268
vn 5.4671993 0.2078432 3.0170894
v -1.5928373 -0.5225563 -8.1531506
vn 5.6504736 0.7350168 1.4355438
v -1.5890105 -0.3912176 -8.1797495
vn 5.4868636 -0.4295221 2.9960604
v -1.5928373 0.0448203 -8.1702681
vn 5.4970932 -0.1146395 2.5082023
v -1.7288287 0.2717714 -7.9531765
vn 5.7348475 0.0604284 2.0564144
v -1.7452054 -1.5438347 -7.9531765
vn 5.7002254 0.3527264 2.0929360
v -1.7495739 -1.4303594 -7.9531765
vn 5.6527443 0.7478882 2.1273696
v -1.7595327 -1.3168838 -7.9531765
vn 5.6002359 0.8763851 2.0267479
v -1.7799416 -1.2034087 -7.9531765
vn 5.6673517 0.1078064 1.7622497
v -1.7945061 -1.0899334 -7.9531765
vn 5.7967887 -0.9259824 1.5193034
v -1.7828839 -0.9764576 -7.9531765
vn 5.8372374 -1.2254035 1.6082493
v -1.7547491 -0.8629823 -7.9531765
vn 5.8223104 -0.6377091 1.9073324
v -1.7364852 -0.7495070 -7.9531765
vn 5.7962618 -0.1769332 2.0046506
v -1.7299273 -0.6360316 -7.9531765
vn 5.8023801 0.7737586 1.8664097
v -1.7383029 -0.4090810 -7.9531765
vn 5.6979361 0.8652068 1.7311068
v -1.7611306 -0.2956057 -7.9531765
vn 5.6190815 -0.0110575 1.7402077
v -1.7745175 -0.1821303 -7.9531765
vn 5.6497726 -0.8524014 1.8517634
v -1.7610250 -0.0686550 -7.9531765
vn 5.7577362 -0.7519146 1.9859872
v -1.7384622 0.0448203 -7.9531765
vn 4.8594012 1.0711395 3.8327675
v -1.7065370 -1.2038866 -8.0513601
vn 5.4194651 -1.5636312 2.7395492
v -1.7063127 -0.8629823 -8.0464125
vn 5.2658310 -0.7957514 3.3218198
v -1.7063127 -0.7495070 -8.0038376
vn 5.1616974 -0.1988117 3.5715289
v -1.7063127 -0.6360316 -7.9902906
vn 5.7111483 0.2240363 2.1579950
v -1.7284567 -0.5235376 -7.9567904
vn 5.1632347 0.7769210 3.4879618
v -1.7063127 -0.4090810 -8.0048723
vn 5.0889025 0.7795411 3.5727818
v -1.7063127 -0.2956057 -8.0391035
vn 5.0623055 -0.1064887 3.6475821
v -1.7080562 -0.1820863 -8.0520840
vn 5.0037909 -0.8054934 3.6956923
v -1.7063127 -0.0686550 -8.0335274
vn 5.1070790 -0.7307479 3.5802376
v -1.7063127 0.0448203 -8.0023766
vn 5.6679678 -0.2877315 2.2457802
v -1.7292875 0.1613067 -7.9549003
vn 4.4716702 -0.7495549 4.2581062
v -1.7063127 0.2717714 -7.9807711
vn 1.8378255 -3.1619861 4.8992491
v -1.5928373 0.3852468 -8.0204382
vn 6.0008502 -0.0623411 -0.9709333
v -1.7428336 0.1582956 -7.8397012
vn 5.8775206 0.0854842 -0.9730036
v -1.7467120 0.2717714 -7.8397012
vn 5.9445953 0.1222458 -1.2026678
v -1.7543550 -1.5438347 -7.8397012
vn 5.9217176 0.3598872 -1.2129582
v -1.7590318 -1.4303594 -7.8397012
vn 5.8513894 0.6911144 -1.3498447
v -1.7685094 -1.3168838 -7.8397012
vn 5.7077518 0.7873593 -1.4651377
v -1.7875814 -1.2034087 -7.8397012
vn 5.6294146 -0.0110285 -1.4741325
v -1.8002672 -1.0899334 -7.8397012
vn 5.6663408 -0.9489629 -1.4923038
v -1.7871225 -0.9764576 -7.8397012
vn 5.8544116 -0.9917119 -1.3820424
v -1.7603006 -0.8629823 -7.8397012
vn 5.9808135 -0.5108792 -1.1352906
v -1.7459264 -0.7495070 -7.8397012
vn 5.9863243 -0.1720310 -1.0178388
v -1.7415962 -0.6360316 -7.8397012
vn 6.0043964 0.1215473 -1.0442209
v -1.7400544 -0.5225563 -7.8397012
vn 5.9755607 0.6179951 -1.2431983
v -1.7446907 -0.4090810 -7.8397012
vn 5.8237419 0.7847395 -1.4442780
v -1.7631521 -0.2956057 -7.8397012
vn 5.6764512 0.0276602 -1.4883450
v -1.7774041 -0.1821303 -7.8397012
vn 5.8011603 -0.7396300 -1.4426870
v -1.7647152 -0.0686550 -7.8397012
vn 5.9795771 -0.6099582 -1.2002912
v -1.7463715 0.0448203 -7.8397012
vn 5.7227845 -0.1529774 -2.4741499
v -1.6891088 0.0448203 -7.7262259
vn 5.7719822 -0.0256549 -2.4167871
v -1.6898665 0.1582956 -7.7262259
vn 5.5866961 0.4580216 -2.7636366
v -1.7062709 -1.2714816 -7.7260914
vn 5.0736017 0.0321239 -3.6239643
v -1.7268829 -1.0899334 -7.7262259
vn 5.5492253 -0.8064471 -2.7739429
v -1.7063127 -0.9256411 -7.7262259
vn 5.7798953 -0.2500401 -2.3852751
v -1.6898386 -0.7435154 -7.7249346
vn 5.8454709 -0.0647664 -2.2509556
v -1.6870084 -0.6061516 -7.7239275
vn 5.8557386 0.0191774 -2.2181287
v -1.6858863 -0.5296859 -7.7223248
vn 5.6537256 -0.4070623 -2.6241834
v -1.6955296 -0.0555067 -7.7256026
vn 5.5459552 -0.2835176 -2.9304111
v -1.7060257 0.0455523 -7.7567596
vn 5.5049114 -0.2536787 -2.9765007
v -1.7063127 0.2717714 -7.7573137
vn 5.6940241 -0.5511868 -2.5273933
v -1.6969209 -0.8634046 -7.7228289
vn 5.7694516 0.2739811 -2.3676074
v -1.6886311 -0.4104493 -7.7268844
vn 5.6604757 0.4330238 -2.6221211
v -1.6969651 -0.3071215 -7.7268839
vn 5.6020141 -0.0151403 -2.7939653
v -1.7054352 -0.1821303 -7.7274618
vn 5.8835063 -0.3025293 -2.1753230
v -1.6646080 -0.9764576 -7.6127505
vn 5.9557033 -0.3060346 -1.9604771
v -1.6575398 -0.8629823 -7.6127505
vn 6.0220213 -0.0842549 -1.7804046
v -1.6540446 -0.7495070 -7.6127505
vn 6.0608201 0.0074134 -1.6513348
v -1.6533561 -0.6077911 -7.6104913
vn 6.0608091 0.1264834 -1.6326063
v -1.6544476 -0.4090810 -7.6127505
vn 6.0276847 0.2700484 -1.7380956
v -1.6590869 -0.2956057 -7.6127505
vn 6.0145617 -0.0130843 -1.7999705
v -1.6636491 -0.1821303 -7.6127505
vn 6.0368271 -0.2862874 -1.6987367
v -1.6587076 -0.0686550 -7.6127505
vn 5.4718657 0.4501468 -2.9595351
v -1.7063127 -1.2034087 -7.7152781
vn 5.3900394 0.0197311 -3.1458225
v -1.7063127 -1.0899334 -7.7008438
vn 5.5358129 -0.6234771 -2.8754292
v -1.7055734 -0.9688457 -7.7117715
vn 5.5504260 -0.1537088 -2.7661681
v -1.6278238 -0.9764576 -7.4992752
vn 5.6540413 -0.0378299 -2.5928402
v -1.6221647 -0.7814893 -7.4986086
vn 5.7080035 0.0735685 -2.4453878
v -1.6253047 -0.5841714 -7.4995866
vn 5.7310319 0.1425208 -2.4038012
v -1.6275365 -0.3681527 -7.4984360
vn 5.6717453 0.0228316 -2.4379892
v -1.6353083 -0.1821303 -7.4992752
vn 2.5861750 0.7384364 -5.2495799
v -1.3658864 -0.4800687 -7.3857999
vn 3.8847671 0.0391073 -4.6074872
v -1.5925928 -0.7723504 -7.4532027
vn 1.3265814 0.0949386 -6.0343485
v -1.4793620 -0.7495070 -7.4042120
vn 3.8758390 0.1210072 -4.5517168
v -1.5930835 -0.5653043 -7.4471321
vn 1.4475480 0.2105140 -6.0328116
v -1.4801669 -0.5331237 -7.3996840
vn 1.5612170 0.2348930 -6.0293078
v -1.4793620 -0.4090810 -7.3964767
vn 3.9621739 0.2869789 -4.5247436
v -1.5932121 -0.2995023 -7.4397235
vn 2.7052107 1.2690086 -5.4185419
v -1.4800819 -0.2498084 -7.3870358
vn -1.4432263 -2.7344508 -0.6818891
v -0.7985096 0.4822450 -8.7475042
vn -1.8081018 -2.5104551 -0.6602215
v -0.8248320 0.4987221 -8.7475042
vn -2.2367861 -2.1806042 -0.3911346
v -0.9119852 0.5716224 -8.7475042
vn -0.2526513 -3.1229625 -0.2492585
v -0.3446083 0.3827047 -8.7475042
vn -2.2358670 -2.2012782 -0.1440589
v -0.9514353 0.6121974 -8.7475042
vn -0.3116771 -3.1161058 -0.2796860
v -0.4165653 0.3892722 -8.7475042
vn -0.9093536 -2.9748235 -0.5726180
v -0.6850343 0.4342041 -8.7475042
vn -0.1828104 -3.1297803 -0.2192040
v -0.2311327 0.3747087 -8.7475042
vn -0.4906090 -3.0846012 -0.4156238
v -0.5715590 0.4086051 -8.7475042
vn -2.1477585 -2.2851772 0.0530223
v -1.0254605 0.6863952 -8.7475042
vn -1.7585185 -2.5975947 0.1372829
v -1.0750175 0.7256727 -8.7475042
vn -1.3994589 -2.8079150 0.0341078
v -1.1389358 0.7630839 -8.7475042
vn -0.9593138 -2.9276023 -0.3788913
v -1.2524111 0.8173060 -8.7475042
vn -0.4324307 -6.2171855 -0.7637305
v -0.3446083 0.3736477 -8.6340284
vn -0.2815765 -6.2416506 -0.6306255
v -0.1687414 0.3638694 -8.6359806
vn -0.6701695 -6.1268506 -1.1857709
v -0.5547783 0.3891359 -8.6160517
vn -2.6221137 -5.2369618 -2.1360834
v -0.7985096 0.4539475 -8.6340284
vn -3.7780504 -4.6174212 -1.8803902
v -0.8643038 0.4987221 -8.6340284
vn -4.7919092 -3.7099323 -1.4948198
v -0.9119852 0.5504413 -8.6340284
vn -4.7671719 -3.9547706 -0.8197279
v -0.9587467 0.6121974 -8.6340284
vn -1.4051039 -5.8745117 -1.6360767
v -0.6850343 0.4144282 -8.6340284
vn -4.5231972 -4.2707949 -0.1731235
v -1.0254605 0.6913481 -8.6340284
vn -3.5576544 -5.1264162 0.0422572
v -1.0657701 0.7256727 -8.6340284
vn -2.5046682 -5.6852522 -0.1767966
v -1.1389358 0.7676868 -8.6340284
vn -1.3158028 -5.9618168 -0.7590330
v -1.2524111 0.8085065 -8.6340284
vn -0.6069214 -6.1892667 -0.8719103
v -0.4879787 0.3867967 -8.6425219
vn -0.3671485 -6.1264758 -1.3298228
v -0.4580836 0.3619275 -8.5205536
vn -0.3467663 -6.0712094 -1.5762982
v -0.5715590 0.3675852 -8.5205536
vn -0.2655696 -6.1631918 -1.1785171
v -0.2613321 0.3506077 -8.5203972
vn -3.3155897 -3.7512774 -3.5527375
v -0.9119852 0.4402671 -8.5205536
vn -4.3843145 -2.1798711 -3.9124415
v -0.9496877 0.4987221 -8.5205536
vn -5.0622487 -2.4072781 -2.4142892
v -0.9903438 0.6121974 -8.5205536
vn -0.8947108 -5.6815839 -2.4795532
v -0.7709084 0.3852468 -8.5205536
vn -4.4486837 -3.2941329 -1.8599355
v -1.0254605 0.6810021 -8.5205536
vn -3.3384078 -4.3866630 -1.7305470
v -1.0682745 0.7256727 -8.5205536
vn -1.9041204 -5.5022278 -1.4769530
v -1.1389358 0.7603574 -8.5205536
vn -0.7855719 -5.5667300 -2.2902994
v -1.2524111 0.7838778 -8.5205536
vn -4.3431711 -3.0768738 -3.2489254
v -0.9119852 0.4987221 -8.5678568
vn -0.6727051 -5.9343834 -1.9401969
v -0.6871395 0.3852595 -8.5517778
vn -0.2531829 -6.1836300 -1.0021828
v -0.4580836 0.3347607 -8.4070778
vn -0.1401932 -6.1732407 -1.0620147
v -0.5715590 0.3380017 -8.4070778
vn -0.1725191 -6.1898570 -0.9032148
v -0.2655492 0.3248151 -8.4065351
vn -0.0698500 -6.2199106 -0.7746307
v -0.0491881 0.3233953 -8.4067469
vn -1.7397615 -3.6305671 -4.4252024
v -1.0175464 0.3863004 -8.4082041
vn -0.3422810 -1.2452276 -6.0729856
v -1.1641002 0.6121974 -8.4070778
vn -0.8760945 -5.4658713 -2.7151301
v -0.9119852 0.3519382 -8.4070778
vn -0.3254236 -5.9294720 -1.8042303
v -0.7985096 0.3410492 -8.4070778
vn -0.1638700 -6.1071920 -1.3088778
v -0.6850343 0.3394346 -8.4070778
vn -3.7504077 -1.5517838 -4.0302095
v -1.0254605 0.6121974 -8.4599247
vn -3.1689322 -1.6389447 -5.0465360
v -1.0254605 0.4987221 -8.4438801
vn -1.2479491 -1.2120756 -5.7510996
v -1.1426361 0.6100562 -8.4076014
vn -2.0077436 -4.4854569 -3.6450982
v -0.9119852 0.3852468 -8.4573288
vn -1.3388878 -5.4038281 -2.8074365
v -0.8011239 0.3851271 -8.5101061
vn -0.3091765 -3.5096493 -4.7477546
v -1.2524111 0.7256727 -8.4380322
vn -1.6922476 -3.5593739 -4.0236025
v -1.1389358 0.7256727 -8.4538479
vn 0.0104820 -5.5045285 -2.1267471
v -1.2524111 0.3188968 -8.2936029
vn -0.2097965 -6.1871886 0.4605801
v -0.4580836 0.3247662 -8.2936029
vn 0.0032962 -5.5959749 -1.9772600
v -1.1389358 0.3201122 -8.2936029
vn -0.0505888 -6.1985698 0.3989193
v -0.5715590 0.3275728 -8.2936029
vn -0.2377828 -5.8786669 -1.3172282
v -1.0254605 0.3205009 -8.2936029
vn -0.1232266 -6.1551161 0.5749156
v -0.2838385 0.3172352 -8.2939949
vn 0.0482587 -6.1481719 -0.3119591
v -0.9119852 0.3204551 -8.2936029
vn 0.1947023 -6.1786523 0.1142015
v -0.7985096 0.3229742 -8.2936029
vn 0.0059579 -6.1565309 0.6994382
v -0.0411787 0.3171977 -8.2935085
vn 0.1020657 -6.1905856 0.2800765
v -0.6850343 0.3263693 -8.2936029
vn -0.1382182 -3.1918375 -5.0782561
v -1.2524111 0.3852468 -8.3704014
vn -0.6109228 -3.4050972 -4.8817310
v -1.1389358 0.3852468 -8.3767309
vn -0.1540519 -0.9154850 -6.1921535
v -1.2524111 0.4987221 -8.3986807
vn -0.1356829 -1.1674736 -6.0994301
v -1.2501526 0.6260706 -8.4054251
vn -1.2128210 -0.9296777 -6.0580645
v -1.1318239 0.4987221 -8.4060946
vn -0.0173790 -5.8530521 2.1673067
v -0.5445837 0.3538507 -8.1793375
vn -0.1146536 -5.7580447 2.3419852
v -0.3446083 0.3483930 -8.1801271
vn 0.0031935 -5.7428718 2.4080188
v -0.2346834 0.3480339 -8.1800737
vn 0.0817402 -5.7265620 2.4666016
v 0.1404117 0.3513796 -8.1800222
vn 0.1825633 -5.8781991 2.0946536
v -0.6850343 0.3516712 -8.1801271
vn 0.3091559 -5.8754268 2.0673742
v -0.7985096 0.3466630 -8.1801271
vn 0.4307692 -5.9156876 1.3652549
v -1.3658864 0.3135591 -8.1801271
vn 0.1558325 -5.8557568 1.4085680
v -1.2524111 0.3149467 -8.1801271
vn 0.2728183 -5.8436313 1.5773436
v -1.1389358 0.3197708 -8.1801271
vn 0.3974274 -5.8643212 1.8115066
v -1.0254605 0.3289428 -8.1801271
vn 0.4166553 -5.8758860 1.9879388
v -0.9119852 0.3391280 -8.1801271
vn 0.1008201 -5.1938801 3.5333750
v -0.5715590 0.4181390 -8.0666523
vn 0.0196662 -5.0369291 3.7552571
v -0.3446083 0.4213829 -8.0666523
vn -0.0443953 -5.0876546 3.6860421
v -0.1176577 0.4200878 -8.0666523
vn 0.0318964 -5.1733589 3.5628932
v -0.0041823 0.4196391 -8.0666523
vn 0.3432516 -5.2811832 3.3510916
v -0.9135867 0.3914449 -8.0794401
vn 0.3311906 -5.2095966 3.4578714
v -1.0254605 0.3886898 -8.0717793
vn 0.2445340 -5.2087541 3.5018070
v -0.7417719 0.4116626 -8.0666523
vn 0.1749590 -5.2559748 3.4282908
v 0.3031709 0.3857483 -8.1281710
vn 0.3265750 -5.2482929 3.4176991
v -1.3658864 0.3753967 -8.0666523
vn 0.2967513 -5.1624966 3.5262651
v -1.1361215 0.3849615 -8.0667553
vn 0.0244018 -5.3279195 3.3037877
v -0.4561461 0.3906966 -8.1082439
vn -0.0202241 -5.2590737 3.4169734
v -0.3293001 0.3855181 -8.1155005
vn 0.0156734 -5.2991385 3.3660016
v -0.2215225 0.3848200 -8.1169653
vn 0.3214993 -5.4821582 3.0459504
v -0.7985096 0.3852468 -8.1038074
vn 0.1074616 -5.3046942 3.3526292
v 0.0960800 0.3859669 -8.1187868
vn 0.1432853 -5.4652057 3.0881360
v -0.6393464 0.3857481 -8.1151581
vn 0.1729842 -5.7136202 1.7847049
v -0.5114308 0.4989654 -7.9532332
vn 0.0856168 -6.0093055 1.2330347
v -0.3446083 0.5036116 -7.9531765
vn -0.0608944 -6.0114150 1.2415012
v -0.2311327 0.5036917 -7.9531765
vn 4.8018064 -0.9915178 2.9199317
v -1.7241359 0.3852468 -7.9531765
vn -0.1102223 -6.0339484 1.2440300
v -0.1176577 0.5011401 -7.9531765
vn 3.1145368 -2.9620490 2.7771111
v -1.7063127 0.4310923 -7.9531765
vn -0.0292512 -6.0603991 1.2173146
v -0.0041823 0.4991131 -7.9531765
vn 0.6831527 -4.7591343 2.8389597
v -1.5928373 0.4749985 -7.9531765
vn 0.0899732 -6.0679321 1.1766387
v 0.1092935 0.5001111 -7.9531765
vn 0.0971390 -5.2835627 2.6795335
v -1.4793620 0.4733219 -7.9531765
vn 0.0914316 -5.4398012 2.4295733
v -1.3658864 0.4748411 -7.9531765
vn 0.0591173 -5.5120120 2.3589935
v -1.2524111 0.4753728 -7.9531765
vn 0.1722614 -5.5758615 2.2617078
v -1.1389358 0.4769063 -7.9531765
vn 0.2246402 -5.6244998 2.1471214
v -1.0254605 0.4809041 -7.9531765
vn 0.2155146 -5.6590142 1.9922525
v -0.8738158 0.4879207 -7.9530325
vn 0.1422913 -6.0675230 1.1505265
v 0.3192942 0.5046605 -7.9532962
vn 0.1546501 -5.7071109 1.8583994
v -0.6788353 0.4940450 -7.9532208
vn 0.2217133 -6.0661798 1.1243612
v 0.4497194 0.5085850 -7.9531765
vn 0.0781447 -5.3880653 3.1367474
v -0.3446083 0.4987221 -7.9643698
vn -0.0634895 -5.3842044 3.1435544
v -0.2311327 0.4987221 -7.9645576
vn -0.1256037 -5.4398022 3.0640833
v -0.1176577 0.4987221 -7.9588761
vn -0.0303685 -5.4919529 2.9813850
v -0.0041823 0.4987221 -7.9541388
vn 0.1213494 -5.5070972 2.9405932
v 0.1092935 0.4987221 -7.9567013
vn 0.1982411 -5.4956970 2.9543705
v 0.3375673 0.4987175 -7.9695692
vn 0.2886270 -5.5040784 2.9349248
v 0.4497194 0.4987221 -7.9782438
vn 3.2458375 -1.0033944 5.1476307
v -1.7063127 0.3852468 -7.9673643
vn 0.5716007 -4.6495667 4.1824837
v -1.4793620 0.3852468 -8.0429344
vn 0.2903897 -4.8512626 3.9780219
v -1.3658864 0.3852468 -8.0536604
vn 0.1995906 -4.9637518 3.8387487
v -1.2524111 0.3852468 -8.0594969
vn 0.1548641 -5.8005924 -1.6809301
v -0.5252723 0.4981297 -7.8399553
vn 5.0977764 -1.1200534 -1.0279517
v -1.7500112 0.3852468 -7.8397012
vn 2.6615410 -3.6494954 -1.0000646
v -1.7063127 0.4687223 -7.8397012
vn 0.5761461 -5.4182787 -1.2540649
v -1.5928373 0.4931340 -7.8397012
vn -0.1312489 -5.8389249 -1.1769770
v -1.4793620 0.4879928 -7.8397012
vn 0.1059143 -6.0965657 -1.0507596
v 0.2227688 0.5030618 -7.8397012
vn -0.0189238 -5.8179541 -1.2920473
v -1.3126820 0.4867601 -7.8398671
vn 0.0909699 -5.8161945 -1.3751149
v -1.1389358 0.4869008 -7.8397012
vn 0.1325615 -5.7939305 -1.4798293
v -0.9905847 0.4898696 -7.8394985
vn 0.1227524 -5.7803106 -1.5982568
v -0.7876630 0.4942735 -7.8398728
vn 0.1795640 -6.0769496 -1.1380465
v 0.4253058 0.5071056 -7.8397121
vn 0.2942118 -6.0439577 -1.2530751
v 0.5631948 0.5118508 -7.8397012
vn 5.4762678 -0.8434773 -2.8727450
v -1.6874592 0.2717714 -7.7262259
vn 3.2524714 -3.6023858 -3.6616132
v -1.6445792 0.3852468 -7.7262259
vn 1.3557585 -4.7241278 -3.7376332
v -1.5928373 0.4112110 -7.7262259
vn 0.2316506 -5.4968681 -3.0024078
v -1.4793620 0.4211679 -7.7262259
vn -0.0073543 -5.5378256 -2.9335260
v -1.1958836 0.4164068 -7.7261705
vn 0.1460026 -5.5258107 -2.9371135
v -0.5266885 0.4267349 -7.7281542
vn 0.1140671 -5.5302768 -2.9244988
v -0.3446083 0.4308352 -7.7262259
vn 0.0055537 -5.5437121 -2.8987980
v -0.2311327 0.4317408 -7.7262259
vn -0.0119828 -5.5720167 -2.8446913
v -0.0609200 0.4311285 -7.7262259
vn 0.0920962 -5.5070844 -2.9891274
v -0.8552474 0.4200928 -7.7262259
vn 0.0709015 -5.5725155 -2.8473859
v 0.1092935 0.4321775 -7.7262259
vn 0.1569615 -5.5273809 -2.9219477
v 0.3918581 0.4369675 -7.7254567
vn 0.1876915 -5.4607282 -3.0370145
v 0.5631948 0.4429240 -7.7262259
vn 0.0962654 -5.7510738 -1.7422674
v -0.3479496 0.5027862 -7.8353844
vn -0.0453605 -5.7730379 -1.7050461
v -0.2082752 0.5030347 -7.8360114
vn -0.0189979 -5.8209319 -1.6303405
v -0.0042790 0.5003181 -7.8377833
vn 0.0892692 -5.8156986 -1.6296934
v 0.1022068 0.5010104 -7.8370032
vn 0.1058839 -5.6003084 -2.7667446
v 0.2227688 0.4987221 -7.8277688
vn 0.1679900 -5.5574574 -2.8599887
v 0.4081459 0.4986522 -7.8190374
vn 0.2770348 -5.4997072 -2.9715765
v 0.5631948 0.4987221 -7.8082771
vn 4.3147812 -1.7394059 -3.7937136
v -1.7063127 0.3852468 -7.7767415
vn 6.0508170 -0.0812488 -1.6170425
v -1.6525304 0.0448203 -7.6127505
vn 6.0627522 -0.1602521 -1.6178627
v -1.6549971 0.1582956 -7.6127505
vn 0.0697193 -6.0155468 -1.6085806
v 0.2227688 0.3870630 -7.6127505
vn 0.1396764 -6.0114627 -1.6153655
v 0.3900851 0.3899951 -7.6125031
vn 5.6360598 -1.7522514 -1.8593594
v -1.6451104 0.2717714 -7.6127505
vn 3.1233525 -4.7413692 -1.9140168
v -1.5928373 0.3533392 -7.6127505
vn 0.0585753 -6.1971159 -1.0264903
v -0.6373979 0.3815424 -7.6123972
vn 0.0485553 -6.0156698 -1.6585046
v 0.5631948 0.3952398 -7.6127505
vn 0.0824527 -6.0063534 -1.7440834
v -0.3189402 0.3853543 -7.6130648
vn -0.5021174 -5.9608402 -1.7962352
v 0.6766701 0.3938708 -7.6127505
vn -0.0404575 -6.1983333 -1.0235426
v -1.1389358 0.3786454 -7.6127505
vn 0.0307993 -6.1864476 -1.0952089
v -0.9725162 0.3783099 -7.6113572
vn 0.0847534 -5.9727440 -1.7366713
v -0.7192742 0.3852680 -7.6437516
vn 0.1256568 -6.0101824 -1.5970882
v -0.4580836 0.3852468 -7.6259041
vn 1.2478682 -5.3517652 -2.9197285
v -1.5928373 0.3852468 -7.6966038
vn 0.5933263 -5.9904833 -1.6769300
v -1.4797099 0.3857005 -7.6419797
vn -0.0902305 -5.9796314 -1.6835299
v -1.3673649 0.3852123 -7.6505795
vn -0.0398897 -5.9676547 -1.7468570
v -1.2054971 0.3852069 -7.6565714
vn 0.0442397 -5.9501352 -1.8229185
v -0.9687228 0.3852468 -7.6538763
vn 0.0076979 -5.3250313 -2.8120379
v -1.0203633 0.3563553 -7.4994392
vn 0.0610372 -5.3331561 -2.7706583
v -0.7985096 0.3590908 -7.4992752
vn 0.0412719 -5.3247933 -2.7923312
v -0.5458173 0.3610886 -7.4993925
vn 5.7728000 -0.1434355 -2.2688718
v -1.6327171 -0.0686550 -7.4992752
vn 5.9049058 -0.2928692 -1.8962650
v -1.6315894 0.1582956 -7.4992752
vn 5.9482193 0.0526116 -1.9399595
v -1.6286104 0.0448203 -7.4992752
vn 5.5053406 -1.7189829 -1.9602635
v -1.6173811 0.2717714 -7.4992752
vn 0.0362083 -5.2781334 -2.8246858
v -0.3446083 0.3637466 -7.4992752
vn 3.3940339 -3.8792238 -2.3024459
v -1.5928373 0.3183856 -7.4992752
vn 1.1305352 -5.5276060 -1.9555892
v -1.4793620 0.3656449 -7.4992752
vn -0.0758207 -5.9676552 -1.7163677
v -1.3658864 0.3657694 -7.4992752
vn -0.3935243 -5.7203655 -2.1866846
v -1.2524111 0.3623924 -7.4992752
vn -0.0109336 -5.2529416 -2.8503618
v -0.2311327 0.3643074 -7.4992752
vn -0.2488275 -5.4496746 -2.6602654
v -1.1389358 0.3575649 -7.4992752
vn -0.0125321 -5.2466240 -2.9148345
v -0.0219927 0.3624208 -7.4997096
vn 0.0963072 -5.2891488 -2.9271970
v 0.2122988 0.3623343 -7.4995246
vn 0.4733788 -5.5432725 -2.6017106
v 0.3362441 0.3651481 -7.4992752
vn 0.4009065 -5.9147291 -1.9429308
v 0.4497194 0.3714757 -7.4992752
vn 0.0529478 -6.0118961 -1.6547725
v 0.5631948 0.3777318 -7.4992752
vn -1.8894781 -5.2555585 -1.7838540
v 0.6766701 0.3734832 -7.4992752
vn -0.0004811 -5.9963484 -1.7781622
v -0.2130911 0.3861004 -7.6138921
vn 0.0453313 -5.9934087 -1.7888881
v 0.0538825 0.3862217 -7.6135063
vn 0.0387893 -6.1795759 -1.1120739
v 0.1092935 0.3852468 -7.6044817
vn 0.1202965 -6.1708937 -1.1544175
v 0.2574752 0.3849601 -7.5946498
vn 0.2387618 -6.1800432 -1.0900401
v 0.4497194 0.3852468 -7.5662060
vn 0.0463023 -6.1894803 -1.0313773
v 0.5631948 0.3852468 -7.5407190
vn 0.6975698 -2.2276626 -5.6529484
v -0.1176577 0.0702486 -7.3857999
vn 0.9777063 -2.7439640 -5.2834229
v 0.0891056 0.1582956 -7.3857999
vn 2.7066114 1.2968223 -5.4766855
v -1.5122375 -0.1821303 -7.3857999
vn 4.3415914 1.3663799 -4.2437325
v -1.5475864 -0.0686550 -7.3857999
vn 5.5181508 0.6511449 -2.8991623
v -1.5765424 0.0448203 -7.3857999
vn 1.5243895 0.7695125 -5.9683619
v -1.3916485 -0.4090810 -7.3857999
vn 1.1569070 -1.8025713 -5.8923955
v 0.1092935 0.1697717 -7.3857999
vn 1.8246857 1.1357690 -5.7116928
v -1.4433925 -0.2956057 -7.3857999
vn 1.5835321 -2.9854395 -5.0688372
v 0.2227688 0.2188587 -7.3857999
vn 1.7747909 -4.6584954 -3.7526700
v 0.3368532 0.2716635 -7.3858008
vn -1.2916005 -2.3744514 -5.5423121
v -1.0254605 0.1875997 -7.3857999
vn 1.2797899 -5.3968058 -2.9159720
v 0.4497194 0.3150015 -7.3857999
vn -0.1426845 -5.6125870 -2.5641651
v 0.5631948 0.3351207 -7.3857999
vn -4.0270233 -2.6672702 -3.4268396
v 0.7240081 0.2717714 -7.3857999
vn -2.2405584 -4.5808392 -3.1926677
v 0.6766701 0.3110938 -7.3857999
vn -0.1080309 -3.6925168 -4.7379394
v -0.4580836 0.0322571 -7.3857999
vn 0.2355120 -3.7612989 -4.6915960
v -0.3446083 0.0341558 -7.3857999
vn -0.7950096 -2.2518940 -5.5911164
v -0.7985096 0.0890737 -7.3857999
vn 0.2784687 -2.9714024 -4.9791341
v -0.2467310 0.0448203 -7.3857999
vn -0.3476125 -3.0743077 -4.8147750
v -0.6517543 0.0464349 -7.3844066
vn 3.5597522 -3.7070856 -3.2268400
v -1.5323145 0.2717714 -7.3857999
vn 1.6415139 -4.9834690 -3.1605623
v -1.4793620 0.3024998 -7.3857999
vn -0.2873737 -5.6069589 -2.6696079
v -1.3658864 0.3146133 -7.3857999
vn -1.5709803 -4.7424154 -3.7001660
v -1.2524111 0.2883034 -7.3857999
vn -1.6742330 -3.5869794 -4.5989552
v -1.1389358 0.2362227 -7.3857999
vn -1.6383830 -4.8433409 -3.5803342
v -1.2144887 0.2717714 -7.3857999
vn 0.1409925 -0.8652005 -6.2150545
v -0.1176577 0.1582956 -7.4008751
vn 1.3222389 -2.5565948 -5.1516051
v -0.0037546 0.1084052 -7.3866000
vn 4.3537321 0.2775226 -4.3106985
v -1.5928373 -0.1821303 -7.4341421
vn 5.0104246 0.3212891 -3.6742411
v -1.5928373 -0.0686550 -7.4291210
vn 5.6095791 0.2667946 -2.7810338
v -1.5928373 0.0448203 -7.4142218
vn 5.5627999 -0.7039432 -2.6520126
v -1.5898734 0.1563688 -7.4018850
vn -0.0804981 -0.5925086 -6.2517271
v -0.5715590 0.1582956 -7.4012866
vn 0.0197363 -0.5512793 -6.2553105
v -0.3490714 0.1583940 -7.4029169
vn -0.0142694 -2.4036715 -5.3648033
v -0.3982027 0.2720987 -7.4093652
vn -0.2149477 -3.3433876 -5.1509395
v -1.0254605 0.2717714 -7.4140263
vn -1.0347533 -2.6869996 -5.2566471
v -0.9515865 0.1581446 -7.3869281
vn -0.0559279 -2.8786268 -5.2839680
v -0.9119852 0.2717714 -7.4126787
vn 0.0635410 -0.6918904 -6.2362218
v -0.2311327 0.1582956 -7.4029441
vn -0.2082693 -0.9105458 -6.2106409
v -0.7985096 0.1582956 -7.3966494
vn 0.0722684 -2.5687633 -5.3082800
v -0.7985096 0.2717714 -7.4095516
vn -0.0251973 -2.4099646 -5.3964825
v -0.2304076 0.2716855 -7.4106302
vn -0.1170950 -0.7155463 -6.2375603
v -0.6850343 0.1582956 -7.3996587
vn 0.0159705 -2.4739966 -5.3195333
v -0.6850343 0.2717714 -7.4083457
vn 0.0909629 -2.6989670 -5.3786979
v -0.0041823 0.2717714 -7.4137316
vn 0.2137963 -3.0394845 -5.2885818
v 0.1092935 0.2717714 -7.4131918
vn 0.5191600 -3.5123484 -5.0481472
v 0.2227688 0.2717714 -7.4072232
vn -0.3270466 -2.9298673 -4.9861269
v -0.5897418 0.0441345 -7.3860354
vn -0.0751628 -1.4975983 -6.0315785
v -0.4580836 0.0448203 -7.3907890
vn 0.1522073 -1.5540357 -6.0061827
v -0.3446083 0.0448203 -7.3902769
vn 4.1557341 -2.5432410 -3.1161034
v -1.5928373 0.2717714 -7.4485798
vn -0.8023511 -3.8019009 -4.8536086
v -1.1389358 0.2717714 -7.4043941
vn 1.7917536 -5.7523870 -1.7255956
v -0.0041823 0.0215936 -7.2723246
vn 1.2286181 -5.6354218 -2.2107072
v -0.1176577 -0.0119452 -7.2723246
vn 2.1433775 -5.1944447 -2.4082601
v 0.0666566 0.0448203 -7.2723246
vn 2.1701353 -4.9987874 -2.5502417
v 0.1092935 0.0606904 -7.2723246
vn 2.5813553 -5.1598482 -2.2158608
v 0.2227688 0.1198359 -7.2723246
vn 3.1027122 -4.7393937 -2.3878648
v 0.2886028 0.1582956 -7.2723246
vn 5.5196271 1.4781941 -2.3454945
v -1.5279822 0.0448203 -7.2723246
vn 5.3620434 -1.3990909 -2.3203766
v -1.5357077 0.1582956 -7.2723246
vn 5.3071594 1.5757703 -2.4620252
v -1.2828891 -0.4090810 -7.2723246
vn 5.4214106 2.3542733 -1.9671582
v -1.3290088 -0.2956057 -7.2723246
vn 4.7905989 2.6770613 -2.5636694
v -1.3658864 -0.2161522 -7.2723246
vn 4.7653375 2.5187881 -2.6400485
v -1.3832424 -0.1821303 -7.2723246
vn 5.1591530 3.1380532 -1.7248050
v -1.4785621 -0.0428482 -7.2723379
vn -5.5153699 2.0713384 -1.9927237
v 0.6849176 0.0417462 -7.2720809
vn -5.6742458 -0.7961900 -2.1426380
v 0.7041230 0.1582956 -7.2723246
vn 2.9246993 -4.8673086 -2.4176900
v 0.3362441 0.1884112 -7.2723246
vn 2.1054881 -5.5245199 -1.2927339
v 0.4573452 0.2712543 -7.2729139
vn -0.1887334 -5.8363781 -1.9534304
v 0.5631948 0.2898536 -7.2723246
vn -4.5269732 -3.1487217 -2.3582425
v 0.6766701 0.2293139 -7.2723246
vn -2.7481890 -4.7680836 -2.5779407
v 0.6282544 0.2717714 -7.2723246
vn -0.0884671 -5.5839577 -2.4174504
v -0.4580836 -0.0515356 -7.2723246
vn -0.5729524 -5.5249853 -2.4948163
v -0.5715590 -0.0448608 -7.2723246
vn 0.3795483 -5.5831113 -2.4142642
v -0.3446083 -0.0483265 -7.2723246
vn 0.8555292 -5.5408225 -2.4181414
v -0.2311327 -0.0355744 -7.2723246
vn -2.3588521 -5.0828390 -2.4227934
v -1.0254605 0.0845876 -7.2723246
vn -2.1193478 -5.6989527 -1.5397885
v -0.9274104 0.0446757 -7.2724075
vn -1.6258246 -5.6586313 -2.0743225
v -0.7985096 0.0034337 -7.2723246
vn -1.0226544 -5.5546303 -2.4286976
v -0.6850343 -0.0266652 -7.2723246
vn 3.6307268 -4.2524357 -2.0803428
v -1.4793620 0.2435212 -7.2723246
vn 1.3540928 -5.5292282 -2.2274480
v -1.4170227 0.2717714 -7.2723246
vn -2.6204309 -5.1759119 -2.3482137
v -1.2524111 0.2242088 -7.2723246
vn 0.9180927 -4.2220826 -4.1891332
v -0.1176577 0.0448203 -7.3702765
vn 2.0843933 -4.3284340 -3.4132433
v -0.0041823 0.0448203 -7.3349171
vn 1.2925348 -3.1206889 -4.8439465
v 0.1092935 0.1582956 -7.3825984
vn 2.3600140 -3.8384395 -3.5710857
v 0.2227688 0.1582956 -7.3452015
vn 3.0391059 1.5770199 -4.8376040
v -1.4793620 -0.1821303 -7.3749843
vn 4.3690443 2.7006073 -3.2797506
v -1.4793620 -0.0686550 -7.3180618
vn 3.4007201 0.9776151 -4.8116064
v -1.3658864 -0.4090810 -7.3765974
vn 3.7682035 2.1605604 -3.9247386
v -1.3658864 -0.2956057 -7.3447714
vn 2.1612103 -5.4743252 -2.0179770
v 0.4497194 0.2717714 -7.2977743
vn -3.5320926 -3.8893390 -3.0561869
v 0.6766701 0.2717714 -7.3416386
vn 0.3414844 -3.0853844 -4.8371267
v -0.2324805 0.0452049 -7.3854461
vn -2.8286109 -4.6169715 -2.7432041
v -1.1398811 0.1576717 -7.2992949
vn -1.7575169 -3.4626579 -4.3931360
v -1.0254605 0.1582956 -7.3726354
vn -2.0222371 -5.0245943 -2.7779992
v -0.9119852 0.0448203 -7.2921977
vn -1.3417006 -4.4011512 -3.9102449
v -0.7985096 0.0448203 -7.3555374
vn 2.5354261 -4.8514252 -2.8693333
v -1.4793620 0.2717714 -7.3436170
vn -1.5794709 -5.0873866 -3.1964030
v -1.2524111 0.2717714 -7.3681092
vn 1.8824964 -5.7718768 -1.6004602
v -0.0041823 -0.0046945 -7.1588492
vn 1.3677480 -5.9369926 -1.5197445
v -0.1176577 -0.0369487 -7.1588492
vn 2.4456756 -5.5866356 -1.4914916
v 0.1204957 0.0429069 -7.1625891
vn 5.3015943 1.4023894 -2.3478875
v -1.4891336 0.0398440 -7.1574564
vn 2.9342711 -5.3534851 -1.4626260
v 0.2227688 0.0910573 -7.1588492
vn 3.1231418 -5.2740240 -1.3749353
v 0.3344752 0.1583084 -7.1561460
vn 5.1403050 -1.2441192 -2.7889323
v -1.4889483 0.1582956 -7.1588492
vn 5.6229820 2.4434793 -1.3529714
v -1.3030679 -0.2956057 -7.1588492
vn 5.3852901 2.9546919 -1.3037952
v -1.3646814 -0.1733096 -7.1646185
vn 5.2313652 2.9601226 -1.7563938
v -1.4274487 -0.0686550 -7.1588492
vn 1.6781000 -5.3101931 -2.3681173
v 0.4497194 0.2264996 -7.1588492
vn -5.1984844 1.3053851 -2.7351973
v 0.6491914 0.0448203 -7.1588492
vn -1.4223826 -4.3989182 -3.2382531
v 0.5631948 0.2422347 -7.1588492
vn -4.1321726 -1.8040633 -3.3839462
v 0.6557121 0.1582956 -7.1588492
vn -0.0343481 -6.1008563 -1.4817183
v -0.4534379 -0.0715615 -7.1662912
vn -2.9928758 -5.2399144 -1.7323034
v -1.1954114 0.1533051 -7.1617513
vn 0.4538051 -6.0851965 -1.4786651
v -0.3377709 -0.0700917 -7.1566262
vn -2.1088121 -5.6711884 -1.6713383
v -0.9119852 0.0126486 -7.1588492
vn -1.0718440 -5.9531193 -1.6852299
v -0.6864142 -0.0593375 -7.1324925
vn 3.2773147 -3.4256935 -3.2316117
v -1.4793620 0.1763816 -7.1588492
vn 0.1087582 -4.9294953 -2.7726614
v -1.3658864 0.2319860 -7.1588492
vn -2.6177220 -5.2961559 -2.0476525
v -1.2524111 0.1857562 -7.1588492
vn -5.5018907 1.9469228 -1.6508266
v 0.6766701 0.0448203 -7.2269592
vn -4.8127565 -1.5036538 -2.5928190
v 0.6766701 0.1582956 -7.1910501
vn -0.9974376 -5.0588760 -2.4447889
v 0.5631948 0.2717714 -7.2101026
vn -1.0708143 -5.7044830 -2.1607113
v -1.3656130 0.2721318 -7.2731299
vn 1.7738583 -5.7570181 -1.7292981
v -0.0041823 -0.0426507 -7.0453739
vn 3.0607677 -5.2344632 -1.5801821
v 0.2209065 0.0437617 -7.0083714
vn 3.0754385 -5.3140764 -1.3065324
v 0.3362441 0.1303883 -7.0453739
vn 5.6264849 2.3360755 -1.4613552
v -1.2647754 -0.3049892 -7.0347133
vn 5.8402271 1.8361127 -1.4001310
v -1.2523551 -0.4107189 -7.1232347
vn 5.4381170 2.8077645 -1.4201558
v -1.3296733 -0.1821303 -7.0453739
vn 5.3229933 3.0775900 -1.2430643
v -1.3658864 -0.1142216 -7.0453739
vn 2.4036720 -5.6236305 -1.2914381
v 0.3909187 0.1582956 -7.0453739
vn 5.6348948 2.4545887 -1.1979595
v -1.3912477 -0.0686550 -7.0453739
vn -5.3485470 -2.7575428 -1.1651903
v 0.5631948 0.1305933 -7.0453739
vn -2.4162431 -5.4644461 -1.4651961
v 0.5326171 0.1582956 -7.0453739
vn 5.5648785 -0.2651109 -2.0281522
v -1.4259079 0.0448203 -7.0453739
vn -5.9468498 0.0513076 -1.4652947
v 0.5849767 0.0448203 -7.0453739
vn 2.8855572 -4.6300883 -2.0407388
v -1.3658864 0.1401858 -7.0453739
vn -1.5302463 -5.8302321 -1.4710028
v -1.2524111 0.1389165 -7.0453739
vn 0.2219258 -6.0004754 -1.5071353
v 0.4497194 0.1719389 -7.0453739
vn -2.8179455 -5.3490276 -1.6907201
v -1.0684748 0.0448203 -7.0453739
vn -2.9216652 -5.3454614 -1.5035005
v -1.1389358 0.0830293 -7.0453739
vn -0.5144002 -6.0581245 -1.5663056
v -0.5642392 -0.0702875 -7.1526518
vn 0.9105586 -6.0218139 -1.5314884
v -0.2253457 -0.0629644 -7.1333566
vn -2.1624742 -5.5879507 -1.8348328
v -0.9119852 -0.0289631 -7.0453739
vn -1.6595109 -5.8019629 -1.7318728
v -0.7984753 -0.0265990 -7.1587076
vn 3.8497722 -2.0513325 -3.9047117
v -1.4793620 0.1582956 -7.1459327
vn 1.2090559 -5.9334645 -1.6545745
v -0.1132579 -0.0692718 -7.0446682
vn -3.3127286 -3.4819622 -3.3805122
v 0.5631948 0.1582956 -7.0742664
vn 1.4853774 -4.2718167 -3.7755783
v -1.3658864 0.1582956 -7.0683432
vn -1.9640672 -5.3896699 -2.4093180
v -1.2524111 0.1582956 -7.0957928
vn -2.6213086 -5.4614539 -1.6510968
v -1.0233964 0.0452584 -7.1137400
vn 1.3748648 -5.9694490 -1.3244758
v -0.1176577 -0.1007514 -6.9318981
vn 1.7448542 -5.9499164 -0.9664177
v 0.0053702 -0.0688860 -6.9320345
vn 2.3067431 -5.6477718 -1.2870884
v 0.1092935 -0.0356555 -6.9318981
vn 3.3303101 -5.0817900 -1.3915012
v 0.2442694 0.0351885 -6.9363441
vn 3.7299366 -4.9727569 -0.7857248
v 0.3362441 0.1062961 -6.9318981
vn 5.8288970 1.9690831 -1.2238218
v -1.2040374 -0.4090810 -6.9318981
vn 5.6625299 2.4061363 -1.1494002
v -1.2505654 -0.2872429 -6.9454894
vn 5.2926831 3.1674809 -0.9457552
v -1.2997584 -0.1821303 -6.9318981
vn 5.5579596 2.8403571 -0.3267941
v -1.3784332 -0.0677123 -6.9351697
vn 5.7328568 -0.3042040 0.9346538
v -1.4179504 0.0448203 -6.9318981
vn 2.5816584 -5.6768312 -0.0554485
v 0.4133153 0.1582956 -6.9318981
vn 3.0229111 -4.8437119 0.9929827
v -1.3658864 0.1279988 -6.9318981
vn -5.3897295 -2.7875028 0.8855761
v 0.5631948 0.1294618 -6.9318981
vn -2.0288775 -5.7627954 0.2277918
v -1.2524111 0.1281939 -6.9318981
vn -2.3606470 -5.5612049 0.9172117
v 0.5327301 0.1582956 -6.9318981
vn -2.8049467 -5.4247527 -1.3222687
v -1.0254605 -0.0130939 -6.9318981
vn -3.2146828 -5.2823629 -1.0221356
v -1.1191036 0.0426807 -6.9321074
vn 0.6690756 -6.1174779 0.4376152
v 0.4497194 0.1694703 -6.9318981
vn -1.5945793 -5.9072790 -1.3534377
v -0.7985096 -0.0972896 -6.9318981
vn 0.0410096 -6.1047049 -1.3770512
v -0.4580836 -0.1408901 -6.9318981
vn -0.4481209 -6.0691633 -1.4461148
v -0.5715590 -0.1376433 -6.9318981
vn 0.4323176 -6.0900140 -1.3702838
v -0.3446083 -0.1366301 -6.9318981
vn -1.0493084 -5.9863291 -1.4613695
v -0.6850343 -0.1240883 -6.9318981
vn 0.9494663 -6.0206332 -1.4203188
v -0.2311327 -0.1239181 -6.9318981
vn -2.1109805 -5.7340102 -1.3219860
v -0.9101109 -0.0635872 -6.9310937
vn 1.6586256 -5.8957982 -1.3392270
v -0.0041823 -0.0686550 -6.9481111
vn -1.5235000 -5.7981300 -1.8352444
v -0.7989530 -0.0644724 -7.0474324
vn 1.7839053 -5.9829187 -0.6717562
v 0.0186838 -0.0803823 -6.8170209
vn 1.5164557 -6.0225134 -0.7953469
v -0.1176577 -0.1212788 -6.8184233
vn 2.2130921 -5.8149934 -0.6019340
v 0.1092935 -0.0529418 -6.8184233
vn 5.0858946 3.5510297 -0.3701675
v -1.2832761 -0.1821303 -6.8184233
vn 3.0426147 -5.3966451 -0.5868964
v 0.2227688 -0.0015926 -6.8184233
vn 4.6060133 4.2371197 0.0999029
v -1.3658864 -0.0850554 -6.8184233
vn 3.9079692 -4.8197312 -0.5179650
v 0.2907109 0.0448203 -6.8184233
vn 4.7264862 4.0068121 0.6031625
v -1.3834405 -0.0686550 -6.8184233
vn 4.5117021 -4.3414059 -0.3261055
v 0.3362441 0.0896854 -6.8184233
vn 5.6341238 2.6429636 -0.5908654
v -1.2478125 -0.2476005 -6.8210840
vn 3.5059807 -3.5421164 2.5374858
v -1.4374444 0.1582956 -6.8184233
vn 0.2341867 -5.4031863 2.2745731
v -1.3658864 0.1868429 -6.8184233
vn -4.0405712 -4.7279811 0.8357855
v -1.2524111 0.1506186 -6.8184233
vn -2.4343519 -5.4647560 1.0380105
v -1.2621961 0.1582956 -6.8184233
vn -3.9740753 -4.7974286 -0.2662176
v -1.1403197 0.0421413 -6.8186202
vn -2.9417534 -5.4251790 -0.7078998
v -1.0254605 -0.0364165 -6.8184233
vn 3.9785450 -4.8051109 0.2451318
v 0.4005594 0.1582956 -6.8184233
vn -2.1902776 -5.8236313 -0.7495446
v -0.9471859 -0.0684853 -6.8183508
vn -1.6943620 -5.9821815 -0.7880694
v -0.7985096 -0.1174221 -6.8184233
vn -1.0576458 -6.1076517 -0.7948385
v -0.6850343 -0.1451049 -6.8184233
vn -0.3654629 -6.2070198 -0.7213148
v -0.5715590 -0.1571350 -6.8184233
vn 1.8303254 -5.4417839 1.0387837
v 0.4497194 0.1954141 -6.8184233
vn -1.5725900 -5.0462217 2.1404755
v 0.5631948 0.2000098 -6.8184233
vn 0.0898685 -6.2347636 -0.6453082
v -0.4580836 -0.1583753 -6.8184233
vn 0.3851425 -6.2246199 -0.6445729
v -0.3446083 -0.1539240 -6.8184233
vn 0.8838100 -6.1484389 -0.7429872
v -0.2311327 -0.1440892 -6.8184233
vn -3.3935132 -3.8784840 2.3081377
v 0.5631948 0.1582956 -6.8914928
vn 1.2941537 -4.9177384 2.8458920
v -1.3658864 0.1582956 -6.8740644
vn -3.7018375 -5.0257945 -0.4902854
v -1.1389358 0.0448203 -6.8512774
vn -2.1263306 -5.8184605 -0.9910258
v -0.9119852 -0.0686550 -6.8974671
vn 4.7380342 3.8480732 0.8463125
v -1.4793620 0.0138631 -6.7049475
vn 1.4781600 -6.0621643 -0.0573946
v -0.1176577 -0.1311135 -6.7049475
vn 5.6328101 1.5005981 0.7885734
v -1.4986932 0.0448203 -6.7049475
vn 1.9370993 -5.9571266 -0.0064259
v 0.0369055 -0.0835530 -6.7034464
vn 5.5028124 -1.5612788 1.2369908
v -1.4977760 0.1582956 -6.7049475
vn 5.4255881 3.0817678 0.3023420
v -1.2524111 -0.2312365 -6.7049475
vn 2.3438625 -5.7854691 0.1176903
v 0.1092935 -0.0588713 -6.7049475
vn 4.9491668 3.7421269 0.4207460
v -1.2833090 -0.1821303 -6.7049475
vn 3.1639094 -5.3287559 0.3545591
v 0.2227688 -0.0050545 -6.7049475
vn 4.3704634 4.4601145 0.4326009
v -1.3658864 -0.0924163 -6.7049475
vn 4.2738914 4.5552340 0.5639922
v -1.3942540 -0.0686550 -6.7049475
vn 4.1149845 -4.5997128 0.4651544
v 0.3026132 0.0522261 -6.7055206
vn 5.6735377 2.6464982 -0.0022737
v -1.2203493 -0.2956057 -6.7049475
vn -4.1358075 -4.6369452 0.2884979
v -1.1395501 0.0405099 -6.7036657
vn -3.0756240 -5.3566117 0.1744340
v -1.0254605 -0.0443211 -6.7049475
vn -4.6549430 -4.1832266 0.5360633
v -1.2428799 0.1582956 -6.7049475
vn -2.3090227 -5.8024573 0.0121609
v -0.9611000 -0.0724605 -6.7072792
vn 4.4043593 -4.4591684 0.3704904
v 0.3967462 0.1582956 -6.7049475
vn 2.8395729 -5.2464190 0.6177400
v 0.4497194 0.2096252 -6.7049475
vn -1.6948304 -6.0113406 -0.1247176
v -0.7985096 -0.1280470 -6.7049475
vn -0.9429374 -5.1041222 1.1449656
v 0.5631948 0.2432032 -6.7049475
vn -0.9721937 -6.1620865 -0.0205889
v -0.6850343 -0.1536508 -6.7049475
vn -0.2805036 -6.2400589 0.0651053
v -0.5715590 -0.1642895 -6.7049475
vn 3.5302756 -4.3082895 1.6440958
v -1.4793620 0.1866274 -6.7049475
vn -0.2807806 -5.3047695 1.3461260
v -1.3658864 0.2333546 -6.7049475
vn 0.2230457 -6.2564530 0.0943709
v -0.4032253 -0.1629168 -6.7030883
vn -3.8402951 -4.8218870 0.5823681
v -1.2524111 0.1687274 -6.7049475
vn 0.7765096 -6.1964922 0.0311645
v -0.2311327 -0.1516428 -6.7049475
vn 5.1609435 1.3859339 1.8051891
v -1.4789703 0.0447421 -6.7882724
vn 4.2460546 -2.6343336 2.3663192
v -1.4793620 0.1582956 -6.7538986
vn -3.5026658 -4.9795041 0.8200797
v -1.2524111 0.1582956 -6.7748032
vn 1.4124687 -6.0592508 0.6338314
v -0.1176577 -0.1243315 -6.5914721
vn 2.0428786 -5.8812594 0.6483083
v 0.0208391 -0.0823360 -6.5815434
vn 2.6183147 -5.6266913 0.7876737
v 0.1092935 -0.0481834 -6.5914721
vn 4.9057517 3.7820616 -0.4119379
v -1.4793620 0.0095921 -6.5914721
vn 3.8435428 -4.8885112 0.8587533
v 0.2617154 0.0448203 -6.5914721
vn 5.6539950 1.8470521 -0.3198085
v -1.5021889 0.0448203 -6.5914721
vn 4.3267250 -4.5140152 0.4408484
v 0.3362441 0.1135368 -6.5914721
vn 5.7000642 -1.2686121 0.0359297
v -1.5107133 0.1582956 -6.5914721
vn 5.3121061 3.2741196 0.6456760
v -1.2524111 -0.2542996 -6.5914721
vn 4.9149699 3.8508208 0.6489571
v -1.3033919 -0.1821303 -6.5914721
vn 4.6885319 4.1465030 0.2490475
v -1.3658864 -0.1109037 -6.5914721
vn 4.4695845 4.3524909 -0.1453983
v -1.4076836 -0.0686550 -6.5914721
vn 5.5205965 2.9129605 0.6290888
v -1.2289665 -0.2956057 -6.5914721
vn -3.2084167 -5.2852278 0.8659353
v -1.0254605 -0.0291057 -6.5914721
vn -4.0999808 -4.6920066 0.7206318
v -1.1250005 0.0475847 -6.5917730
vn -4.4402456 -4.4139876 0.0825428
v -1.2317238 0.1582956 -6.5914721
vn -2.4632785 -5.6845074 0.7916529
v -0.9392688 -0.0727635 -6.5894041
vn 3.0681736 -5.2696962 -0.1593263
v 0.4497194 0.2137451 -6.5914721
vn -1.6412930 -5.9694562 0.7213887
v -0.7985096 -0.1233125 -6.5914721
vn -0.8853044 -6.1295810 0.7579587
v -0.6850343 -0.1467648 -6.5914721
vn -0.2429823 -6.2105775 0.7663667
v -0.5715590 -0.1552973 -6.5914721
vn 0.2187369 -6.2325950 0.6864177
v -0.3919130 -0.1542406 -6.5971942
vn 3.5433371 -4.4693060 0.1975516
v -1.4793620 0.2114716 -6.5914721
vn 0.7375304 -6.1827455 0.6682380
v -0.2311327 -0.1435194 -6.5914721
vn -0.6333983 -5.5252790 0.2042242
v -1.3658864 0.2479200 -6.5914721
vn -3.8222404 -4.8454723 -0.0209567
v -1.2524111 0.1792278 -6.5914721
vn -4.1999636 -4.5632505 0.7083310
v -1.1389358 0.0448203 -6.6662102
vn 1.3885179 -6.0987258 0.2402021
v -0.1176577 -0.1066499 -6.4779968
vn 2.0335758 -5.9117322 0.1276096
v 0.0083653 -0.0706403 -6.4778576
vn 2.7267170 -5.6066909 -0.0139387
v 0.1092935 -0.0282750 -6.4779968
vn 3.1938546 -5.2674389 -0.3547826
v 0.2323471 0.0437747 -6.4786091
vn 5.8246489 -0.8503888 -1.1499153
v -1.4965439 0.1582956 -6.4779968
vn 5.5049963 2.9600039 0.0291397
v -1.2524111 -0.2825255 -6.4779968
vn 5.2249422 3.3014815 -0.5735483
v -1.3146361 -0.1820038 -6.4780703
vn 4.8007593 3.7221646 -1.4622948
v -1.3878996 -0.0686550 -6.4779968
vn -3.1167605 -5.3885279 0.2282757
v -1.0254605 -0.0035911 -6.4779968
vn -3.3500926 -5.2182083 -0.2258701
v -1.1015868 0.0448203 -6.4779968
vn -3.5172892 -4.9404788 -1.0341693
v -1.1389358 0.0696464 -6.4779968
vn -1.6223409 -6.0178919 0.6353949
v -0.7985096 -0.0996227 -6.4779968
vn -2.3001945 -5.8027086 0.4624451
v -0.9067334 -0.0651043 -6.4807606
vn -0.9457090 -6.1621456 0.6389950
v -0.6850343 -0.1243696 -6.4779968
vn -0.3662114 -6.2291760 0.5288150
v -0.5715590 -0.1347852 -6.4779968
vn -0.0209880 -6.2480240 0.3431252
v -0.4580836 -0.1373253 -6.4779968
vn 0.3071957 -6.2463794 0.2627698
v -0.3446083 -0.1351671 -6.4779968
vn 3.5768609 -3.9865589 -1.4440501
v -1.4793620 0.1978803 -6.4779968
vn 0.7692344 -6.2078838 0.2813886
v -0.2311327 -0.1264272 -6.4779968
vn -0.5321898 -4.9289341 -1.4648310
v -1.3658864 0.2420049 -6.4779968
vn -3.5344856 -4.4467754 -2.0496402
v -1.2512755 0.1610848 -6.4659247
vn 1.6546112 -5.8100739 -1.4765055
v -0.0041823 -0.0850315 -6.3645215
vn 1.2454435 -5.9387064 -1.3884869
v -0.1176577 -0.1143336 -6.3645215
vn 5.4984083 2.3842559 -1.7297605
v -1.2524111 -0.2501264 -6.3645215
vn 5.3463469 1.7851247 -2.5543709
v -1.2804995 -0.1821303 -6.3645215
vn 3.9973292 0.6977957 -4.6080265
v -1.3097897 -0.0686550 -6.3645215
vn 2.0765924 1.8721048 -4.9853792
v -1.3744507 0.0448203 -6.3645215
vn 1.9875629 -1.3125708 -2.6425612
v -1.4436746 0.1582956 -6.3645215
vn -1.0727715 -2.8986063 -5.3119645
v -1.2524111 0.0543542 -6.3645215
vn -2.6094573 -2.3385668 -4.4471955
v -1.3451149 0.1582956 -6.3645215
vn -1.0497600 -4.8449163 -3.5772758
v -1.1389358 0.0270696 -6.3645215
vn -1.2807403 -3.6601565 -4.6531396
v -1.2193825 0.0448203 -6.3645215
vn -2.3230433 -5.4371176 -1.8196504
v -1.0254605 -0.0190420 -6.3645215
vn -1.5062549 -5.9015064 -1.1495997
v -0.7985096 -0.0991025 -6.3645215
vn -0.9775314 -6.0218678 -1.1306120
v -0.6850343 -0.1234379 -6.3645215
vn -0.5080029 -6.0764675 -1.2039255
v -0.5715590 -0.1372037 -6.3645215
vn -1.9988091 -5.7543688 -1.2638242
v -0.9109124 -0.0675214 -6.3621664
vn -0.8207894 -3.6598816 -3.4657271
v -1.3658864 0.1767392 -6.3645215
vn -0.1281812 -6.0945272 -1.2670859
v -0.4580836 -0.1432486 -6.3645215
vn 0.2695189 -6.0854635 -1.3021502
v -0.3446083 -0.1421762 -6.3645215
vn 0.7246186 -6.0366306 -1.3389983
v -0.2311327 -0.1330290 -6.3645215
vn 4.8538108 2.2404616 -2.1554847
v -1.4799109 0.0445340 -6.4717731
vn 3.6626759 -1.3463287 -2.5695045
v -1.4793620 0.1582956 -6.4121256
vn 4.6778479 2.7951403 -3.0169075
v -1.3658864 -0.0686550 -6.4320464
vn -1.7248234 -5.4829679 -2.0907397
v -1.1389358 0.0448203 -6.3957214
vn 2.8024383 -2.8713760 -3.9872062
v -1.1916795 -0.0686550 -6.2510462
vn 0.2534288 -5.2601781 -3.1783862
v -1.1389358 -0.0515876 -6.2510462
vn -1.8230900 -5.5592051 -2.2840562
v -0.9119852 -0.1115303 -6.2510462
vn -1.3126714 -5.8162394 -1.8973422
v -0.8084318 -0.1845455 -6.1450686
vn -0.8695415 -5.8038721 -2.2378421
v -0.6850343 -0.1665273 -6.2510462
vn 0.3908829 -5.8357491 -2.2948027
v -0.2963026 -0.1821303 -6.2510462
vn 5.1904631 0.2128360 -2.9765058
v -1.2260795 -0.1827971 -6.2512717
vn 3.7372046 -1.7711465 -4.1974907
v -1.2524111 -0.0686550 -6.3098154
vn -1.4217927 -5.5777149 -2.4345508
v -1.0281838 -0.0686805 -6.2510304
vn 0.8475868 1.1616089 -5.9111681
v -1.3660390 0.0439278 -6.3636403
vn 0.1290940 -2.0971720 -5.8034501
v -1.2524111 0.0448203 -6.3601818
vn -0.7359130 -0.9642588 -5.6083169
v -1.3658864 0.1582956 -6.3563805
vn -0.1056423 -5.8498564 -2.2873518
v -0.4578921 -0.1813622 -6.2612414
vn 0.1673872 -5.8477259 -2.2900519
v -0.3445089 -0.1816611 -6.2582979
vn 5.4883432 -0.6608731 -2.2058096
v -1.1710439 -0.1821303 -6.1375709
vn 2.5046208 -3.8049312 -2.5202038
v -1.1389358 -0.1141143 -6.1375709
vn -0.8804942 -5.5970163 -2.4690108
v -1.0254605 -0.1177053 -6.1375709
vn -1.7871286 -5.6620402 -1.9359994
v -0.9119852 -0.1602983 -6.1375709
vn -0.1424575 -5.9266596 -2.0045249
v -0.4580836 -0.2327337 -6.1375709
vn -0.9489694 -5.8566003 -2.0126662
v -0.6857289 -0.2035324 -6.1577587
vn -0.5832751 -5.9068556 -2.0116029
v -0.5715590 -0.2251244 -6.1375709
vn 0.2441610 -5.9184742 -2.0260656
v -0.3446083 -0.2316480 -6.1375709
vn 1.5716639 -4.4987602 -3.2314835
v -1.1389358 -0.0686550 -6.2217445
vn -0.4737254 -5.8367853 -2.2718747
v -0.5584962 -0.1807737 -6.2514148
vn 0.6982331 -5.8859386 -2.0475593
v -0.2291144 -0.2210931 -6.1389527
vn 5.9261570 1.5033700 -1.3315836
v -1.1128156 -0.2956057 -6.0240955
vn 3.8079844 -2.6951237 -1.0087726
v -1.1289313 -0.1821303 -6.0240955
vn -0.0558574 -6.0195136 -1.1820562
v -1.0254605 -0.1559777 -6.0240955
vn -1.6306453 -6.0135112 -0.7460845
v -0.9309894 -0.1821742 -6.0244083
vn -1.4144973 -6.0078917 -1.0318907
v -0.7985096 -0.2168288 -6.0240955
vn -1.1060421 -6.0232992 -1.2025138
v -0.6850343 -0.2424846 -6.0240955
vn -0.5147322 -6.1099920 -1.1019777
v -0.5715590 -0.2579689 -6.0240955
vn -0.0671365 -6.1710510 -0.8549282
v -0.4580836 -0.2622757 -6.0240955
vn 4.0999517 -2.2035022 -2.1043344
v -1.1389358 -0.1821303 -6.0562181
vn -1.6634253 -5.8894863 -1.3556167
v -0.9119852 -0.1821303 -6.0547638
vn 3.6850204 -2.9209545 -0.6032705
v -1.1045964 -0.1821303 -5.9106197
vn -0.2146513 -6.1827817 -0.4336705
v -1.0254605 -0.1697278 -5.9106197
vn -1.5576855 -6.0750017 -0.3436157
v -0.9226969 -0.1926163 -5.9173222
vn -1.6010904 -6.0557327 -0.4095971
v -0.7985096 -0.2276587 -5.9106197
vn -1.0059767 -6.1499929 -0.3843732
v -0.6850343 -0.2559462 -5.9106197
vn -0.2607719 -6.1812396 -0.2065748
v -1.0245647 -0.1745512 -5.7361431
vn -1.5752788 -6.0732603 -0.1783448
v -0.9204555 -0.1957179 -5.7755942
vn -1.5278611 -6.0800524 -0.1143757
v -0.7959348 -0.2378643 -5.6822863
vn 5.7159734 -0.0591942 -2.5324097
v -1.6929215 -1.7634231 -7.7241559
vn 5.7643499 0.0824516 -2.4337549
v -1.6940411 -1.5972910 -7.7250037
vn 0.0568232 2.0217483 -5.8319578
v -0.8552474 -2.1756439 -7.7262259
vn -0.0500649 2.1278701 -5.7806253
v -0.6282966 -2.1757593 -7.7262259
vn -0.0579267 2.1831460 -5.7468200
v -0.4013460 -2.1669607 -7.7262259
vn 0.0936614 2.2175305 -5.7166471
v -0.0653150 -2.1669316 -7.7263050
vn 5.6472454 0.1167717 -2.7014565
v -1.6945739 -1.8813782 -7.7248154
vn 5.7340107 0.1871749 -2.4962111
v -1.6977109 -1.4363674 -7.7248044
vn 5.6743913 0.3070515 -2.6116240
v -1.7027781 -1.3167807 -7.7250929
vn -0.0302034 0.5214575 -6.2466898
v -0.6062858 -2.2247412 -7.7338734
vn 0.0064943 0.5551620 -6.2343969
v -0.2121151 -2.2246597 -7.7365398
vn 5.8888583 0.7640339 -1.9588734
v -1.6536462 -1.8842607 -7.6127505
vn 6.0435996 0.0520958 -1.6808884
v -1.6551611 -1.7548317 -7.6115398
vn -0.0132118 5.8158197 -2.2921498
v -1.2524111 -2.0688775 -7.6127505
vn 0.0334103 5.7902455 -2.3873384
v -1.1362977 -2.0693889 -7.6121144
vn 0.0490049 5.8121538 -2.3677337
v -0.7367144 -2.0776207 -7.6143327
vn 3.2981102 4.7024660 -2.2794356
v -1.5928373 -2.0293281 -7.6127505
vn 5.0176663 2.8667526 -2.2190604
v -1.6215286 -1.9977362 -7.6127505
vn 6.0256348 0.0663719 -1.7679229
v -1.6604767 -1.5272168 -7.6171756
vn 5.9668107 0.1491732 -1.9516203
v -1.6625638 -1.3168838 -7.6127505
vn 5.9048920 0.2069471 -2.1312461
v -1.6662717 -1.2034087 -7.6127505
vn -0.0328163 5.8250966 -2.3349066
v -0.5673950 -2.0767760 -7.6119866
vn -0.0029628 5.8350687 -2.2996407
v -0.2999956 -2.0753548 -7.6139569
vn 5.8673034 -0.0620242 -2.2398386
v -1.6689875 -1.0899334 -7.6127505
vn 0.0436075 5.8202205 -2.3472004
v -0.0041823 -2.0769317 -7.6127505
vn 0.1418252 5.7913914 -2.4164207
v 0.1630644 -2.0779042 -7.6095824
vn 0.0876799 4.3903475 -4.1097860
v -1.0391634 -2.1108873 -7.6924872
vn -0.0128447 4.5241771 -3.9976306
v -0.6607653 -2.1115055 -7.6856790
vn -0.0273064 4.5131793 -3.9719892
v -0.3446083 -2.1112115 -7.6916232
vn 0.0620212 4.5645270 -3.9323726
v -0.0971653 -2.1113243 -7.6904087
vn 1.0941921 5.6273184 -2.0664458
v -1.4793620 -2.0397413 -7.4992752
vn 5.5249367 -0.0151077 -2.8083160
v -1.6312792 -1.1301174 -7.5003419
vn 3.7657230 3.4434869 -2.2782326
v -1.5895237 -1.9946126 -7.5023098
vn 5.7119708 1.0591531 -1.9522994
v -1.6271870 -1.8842607 -7.4992752
vn 5.9146366 0.0439458 -1.9862075
v -1.6307871 -1.7707853 -7.4992752
vn 5.7889295 -0.0510728 -2.2609704
v -1.6310048 -1.6554328 -7.4992809
vn -0.1096881 5.8960433 -2.0718017
v -1.3658864 -2.0404944 -7.4992752
vn -0.2581743 5.7487550 -2.4398675
v -1.2524111 -2.0353053 -7.4992752
vn -0.0524361 5.5675216 -2.8007932
v -1.1296824 -2.0312688 -7.4989829
vn 0.0714550 5.4899068 -2.8913434
v -0.8657149 -2.0360320 -7.4988947
vn -0.0021252 5.4644928 -2.9265373
v -0.5842668 -2.0382454 -7.4993839
vn 0.0009368 5.4559503 -2.9334373
v -0.1527045 -2.0376513 -7.4992099
vn 5.5939684 0.0217075 -2.6690080
v -1.6284386 -1.4066876 -7.4988513
vn 0.1103776 5.4144487 -3.0507560
v 0.1820830 -2.0369418 -7.4990811
vn 2.6361647 4.6753402 -2.7355964
v -1.4793620 -1.9808536 -7.3857999
vn 4.8824849 2.3029716 -2.8007801
v -1.5668216 -1.8842607 -7.3857999
vn 5.5815468 -0.1771527 -2.8084674
v -1.5784168 -1.7707853 -7.3857999
vn 4.6826639 -1.5527163 -3.7979116
v -1.5534251 -1.6573100 -7.3857999
vn -1.7381865 4.9056392 -3.4204371
v -1.2524111 -1.9645205 -7.3857999
vn 2.5497456 -1.3137369 -5.3387566
v -1.4426885 -1.4303594 -7.3857999
vn -1.3083949 3.8832154 -4.5641904
v -1.0705621 -1.8842607 -7.3857999
vn 1.9960227 -0.9477770 -5.7461119
v -1.3937595 -1.3168838 -7.3857999
vn 2.7480497 -0.6462327 -5.3827515
v -1.3243206 -1.0899334 -7.3857999
vn 2.5611520 -0.3934513 -5.5462151
v -1.3041713 -0.9764576 -7.3857999
vn 2.5930898 0.2953389 -5.5298595
v -1.2980251 -0.7495070 -7.3857999
vn -1.5018952 3.1317539 -4.8427019
v -1.0254605 -1.8630183 -7.3857999
vn 2.7397585 0.6218866 -5.3690090
v -1.3150420 -0.6360316 -7.3857999
vn 2.4756899 -0.0797934 -5.6276722
v -1.2954929 -0.8629823 -7.3857999
vn -0.8362498 2.2871399 -5.6515994
v -0.9119852 -1.8147461 -7.3857999
vn 2.9046826 1.1216153 -5.0448179
v -1.3496585 -0.5225563 -7.3857999
vn -0.6311808 2.8223848 -5.1676288
v -0.7674677 -1.7707853 -7.3857999
vn 0.8017991 3.6198299 -4.6616073
v -0.1176577 -1.7455368 -7.3857999
vn -0.8632050 3.2908235 -4.9404302
v -0.6850343 -1.7475047 -7.3857999
vn -0.4718984 3.0093498 -5.2355690
v -0.5715590 -1.7228062 -7.3857999
vn 0.0056172 2.9342396 -5.3282375
v -0.4239728 -1.7120625 -7.3856788
vn 0.5984282 3.2858591 -4.9520631
v -0.2311327 -1.7243435 -7.3857999
vn 3.3842638 -1.4008840 -4.9982643
v -1.4791977 -1.4909786 -7.3851833
vn 1.8790863 4.7807856 -2.9997060
v -1.4793620 -1.9977362 -7.4110675
vn 4.9355688 1.6184232 -3.0558467
v -1.5928373 -1.8842607 -7.4251242
vn 5.5802178 -0.0054796 -2.8108034
v -1.5928373 -1.7707853 -7.4117947
vn 5.1364241 -0.4970219 -3.4986658
v -1.5928373 -1.6573100 -7.4291487
vn -0.3064544 5.7525244 -2.3798139
v -1.3663005 -1.9964259 -7.3911119
vn -0.7064362 5.2825298 -3.2814093
v -1.2524111 -1.9977362 -7.4286261
vn -0.5534880 4.5222363 -4.2011957
v -1.1389358 -1.9977362 -7.4496636
vn -0.0520103 3.9767830 -4.6462049
v -1.0254605 -1.9977362 -7.4506626
vn 1.5427647 -0.1549183 -6.0457735
v -1.4793620 -1.2034087 -7.4037161
vn -0.6462598 2.3832002 -5.7632923
v -1.0254605 -1.8842607 -7.3925972
vn 3.7272544 -0.0755675 -4.7346244
v -1.5928373 -0.9764576 -7.4501891
vn 1.3702341 -0.0656505 -6.0595865
v -1.4805353 -1.0589966 -7.4052243
vn 1.3233248 -0.0136848 -6.0441427
v -1.4793620 -0.8629823 -7.4050803
vn 0.4421601 1.4777882 -6.0242543
v -0.1176577 -1.7707853 -7.3953719
vn 0.0099585 3.6629267 -4.7945538
v -0.8552474 -1.9977362 -7.4472437
vn 2.0733073 -0.6374543 -5.8736162
v -1.4793620 -1.4303594 -7.3945489
vn -0.2506483 1.9387765 -5.9465775
v -0.9119852 -1.8842607 -7.4009371
vn 1.8032063 -0.1999670 -5.9876451
v -1.4793620 -1.3168838 -7.4017410
vn -0.1697396 1.7021284 -6.0190039
v -0.7985096 -1.8842607 -7.4044394
vn 2.7017319 -0.8285812 -5.1878567
v -1.3636286 -1.2172580 -7.3867540
vn 1.0109506 -0.2568617 -6.1744699
v -1.3658864 -1.0899334 -7.3956690
vn 0.8503547 -0.1236735 -6.1989088
v -1.3658864 -0.9764576 -7.3994389
vn -0.1242207 1.4383855 -6.0741601
v -0.6825340 -1.8844383 -7.4063582
vn 0.7767661 -0.0355443 -6.2050800
v -1.3658864 -0.8629823 -7.4011555
vn 0.7851200 0.0950204 -6.1986542
v -1.3658864 -0.7495070 -7.4009733
vn -0.4319484 1.2972051 -6.0953650
v -0.6850343 -1.7707853 -7.3931451
vn -0.1689322 1.0836775 -6.1473675
v -0.5715590 -1.7707853 -7.3991089
vn 0.0050300 3.5466547 -4.8628950
v -0.6302298 -1.9978610 -7.4466858
vn -0.0150207 1.2441972 -6.0995884
v -0.3420128 -1.8851123 -7.4079232
vn 0.8801903 0.3234122 -6.1822538
v -1.3679248 -0.6142071 -7.3967338
vn 4.4087477 -0.5136892 -4.2559757
v -1.5928373 -1.5438347 -7.4441648
vn -0.0239127 3.5063951 -4.8942142
v -0.1619194 -1.9978254 -7.4478817
vn 3.9439740 -0.1474012 -4.6370034
v -1.5928373 -1.4303594 -7.4482870
vn 3.6966300 -0.0122657 -4.7416906
v -1.5931138 -1.2263433 -7.4471431
vn 0.0959681 1.4447039 -6.0812006
v -0.1176577 -1.8842607 -7.4090648
vn -0.0268700 1.0016922 -6.1627603
v -0.4239764 -1.7687826 -7.4008961
vn 0.1207598 1.1856298 -6.1231627
v -0.2311327 -1.7707853 -7.3999186
vn 0.0484477 3.6236885 -4.8759556
v 0.1089527 -1.9972683 -7.4491787
vn 3.1953454 4.6154237 -2.4529948
v -1.4793620 -1.9151635 -7.2723246
vn 5.0570936 2.6073039 -2.3768702
v -1.5056784 -1.8842607 -7.2723246
vn 5.5604906 -0.4441556 -2.4223032
v -1.5325084 -1.7707853 -7.2723246
vn 4.7994218 -2.9460578 -2.4677582
v -1.4036751 -1.5438347 -7.2723246
vn -0.1949142 5.4875588 -2.3557646
v -1.3658864 -1.9547014 -7.2723246
vn -2.7656100 5.2261815 -2.0573912
v -1.2562730 -1.9066890 -7.2735677
vn 5.3570199 -2.6871653 -1.8035425
v -1.3643785 -1.4707716 -7.2726326
vn -2.7469468 5.0690842 -2.2049317
v -1.1389358 -1.8326674 -7.2723246
vn 5.3222623 -1.7709333 -2.4373689
v -1.2949762 -1.3168838 -7.2723246
vn 5.9315886 0.4662779 -1.8555797
v -1.2171271 -0.7495070 -7.2723246
vn 5.3956070 -1.6071340 -2.3626778
v -1.2521697 -1.1757636 -7.2737265
vn 5.9739928 0.9469589 -1.6118846
v -1.2316885 -0.6360316 -7.2723246
vn -0.6296796 6.0478911 -1.5279369
v -0.5715590 -1.6425943 -7.2723246
vn 5.9659643 -1.0166768 -1.6280482
v -1.2348456 -1.0899334 -7.2723246
vn 5.9177046 -0.5425012 -1.8888702
v -1.2185163 -0.9764576 -7.2723246
vn 5.8976016 -0.0292091 -1.9695323
v -1.2121775 -0.8629823 -7.2723246
vn -2.5311596 5.0930471 -2.3159854
v -1.0225015 -1.7710963 -7.2727199
vn -0.1291311 6.0324287 -1.6714549
v -0.4580836 -1.6351664 -7.2723246
vn -1.9570110 5.4071703 -2.2825000
v -0.9119852 -1.7244890 -7.2723246
vn 0.3041960 6.0378876 -1.6457181
v -0.3446083 -1.6371691 -7.2723246
vn -1.4918194 5.3159599 -2.5529089
v -0.7985096 -1.6843979 -7.2723246
vn 1.1603962 5.6143517 -2.2347894
v -0.1655254 -1.6573100 -7.2723246
vn 1.2637166 5.5230904 -2.2675047
v -0.1176577 -1.6662862 -7.2723246
vn 1.6604502 5.4568672 -2.2902617
v -0.0041823 -1.6972446 -7.2723246
vn -1.8221030 4.5085440 -3.5675855
v -1.1389318 -1.8839381 -7.3641171
vn 3.9958134 -1.6772001 -4.1872158
v -1.4793620 -1.5438347 -7.3726463
vn 4.4196472 -2.2418532 -3.3940942
v -1.3658864 -1.4303594 -7.3256984
vn 3.6878626 -1.2744846 -4.5066385
v -1.3658864 -1.3168838 -7.3727283
vn -0.7955717 5.1006460 -3.0900881
v -0.5715590 -1.6573100 -7.3227420
vn -1.4449043 4.3494229 -3.8209038
v -0.9119852 -1.7707853 -7.3580074
vn -0.6167564 3.1226664 -4.8657980
v -0.7949317 -1.7716157 -7.3840718
vn 4.8513889 -1.1362852 -3.3262043
v -1.2524111 -1.0899334 -7.3252621
vn 4.5892701 -0.5382306 -3.8448615
v -1.2524111 -0.9764576 -7.3489361
vn 4.6446204 0.4215281 -3.8195267
v -1.2524111 -0.7495070 -7.3523064
vn 4.8534980 1.0379356 -3.3683410
v -1.2524111 -0.6360316 -7.3326068
vn 4.5682392 -0.0777729 -3.9463615
v -1.2524111 -0.8629823 -7.3563261
vn -0.1376584 5.0017591 -3.3813081
v -0.4580836 -1.6573100 -7.3364582
vn 0.2962163 5.0589848 -3.3092506
v -0.3446083 -1.6573100 -7.3326511
vn 1.1834242 5.1419954 -2.8001378
v -0.2300325 -1.6564186 -7.3090858
vn 0.8712602 3.0943208 -4.8616347
v -0.0252095 -1.7705830 -7.3854098
vn 4.7596374 1.6982744 -3.1308131
v -1.4793620 -1.8289628 -7.1588492
vn 5.0953774 -1.6873327 -2.8954341
v -1.4793620 -1.7384651 -7.1588492
vn 0.0231647 5.2214184 -2.9179242
v -1.3658864 -1.9040143 -7.1588492
vn 2.6310298 4.2083893 -3.1786568
v -1.4372621 -1.8842607 -7.1588492
vn -1.6112986 5.6751814 -1.8651837
v -1.2786136 -1.8842607 -7.1588492
vn 5.1921606 -2.4826262 -2.2886674
v -1.4425430 -1.6573100 -7.1588492
vn -2.9620852 5.3536644 -1.4212018
v -1.1389358 -1.8051908 -7.1588492
vn -2.8380952 5.4173198 -1.4331012
v -1.0743849 -1.7707853 -7.1588492
vn -2.5684366 5.5072532 -1.5747269
v -1.0254605 -1.7472439 -7.1588492
vn 5.5080814 -2.5365410 -1.6296538
v -1.3164120 -1.4303594 -7.1588492
vn 5.7135897 -1.9859424 -1.6869202
v -1.2565793 -1.3149703 -7.1166110
vn 5.8704920 -1.6279771 -1.5266417
v -1.2447171 -1.2388145 -7.1600609
vn -1.5335124 5.8813205 -1.5760827
v -0.7942139 -1.6573673 -7.1560569
vn -2.1942992 5.6498566 -1.6295854
v -0.9119852 -1.6947520 -7.1588492
vn -1.0981327 5.9635921 -1.6224426
v -0.6850343 -1.6349366 -7.1588492
vn -0.6502199 6.0210285 -1.6544541
v -0.5715590 -1.6180086 -7.1588492
vn 6.0694609 0.5507106 -1.5144253
v -1.1932328 -0.7495070 -7.1588492
vn 6.0155129 1.0169446 -1.4890221
v -1.2086449 -0.6360316 -7.1588492
vn 5.9721565 -1.1083171 -1.5885161
v -1.2102578 -1.0899334 -7.1588492
vn 5.9729280 1.3604616 -1.3811233
v -1.2314937 -0.5225563 -7.1588492
vn 6.0482411 -0.5881579 -1.5813549
v -1.1934500 -0.9764576 -7.1588492
vn 6.0919075 0.0033379 -1.5217534
v -1.1876285 -0.8629823 -7.1588492
vn -0.1648412 6.0570612 -1.6464963
v -0.4580836 -1.6099665 -7.1588492
vn 0.3328916 6.0429921 -1.6712761
v -0.3446083 -1.6113396 -7.1588492
vn 0.8563067 5.9958367 -1.6489127
v -0.2311327 -1.6230407 -7.1588492
vn 1.3942492 5.9205232 -1.5624074
v -0.0847369 -1.6508923 -7.1598430
vn 3.9167318 3.4321356 -2.3223491
v -1.4793620 -1.8842607 -7.2061996
vn 5.0156040 -2.7590280 -2.5317514
v -1.4833255 -1.6571203 -7.2754483
vn -2.6036880 5.4204550 -1.6255767
v -1.2535238 -1.8851094 -7.1943903
vn 5.9313626 -1.6212578 -1.2748545
v -1.2524111 -1.2034087 -7.2386551
vn -1.2014059 5.5265245 -2.3708220
v -0.6769488 -1.6576473 -7.2729940
vn 1.3201100 6.0218916 -1.2051249
v -0.1176577 -1.6573100 -7.2205906
vn 5.4068193 1.4515042 -2.3889728
v -1.2524654 -0.5228175 -7.2717304
vn 2.9086909 4.6914482 -2.2003469
v -1.3658864 -1.8156230 -7.0453739
vn 5.4879837 1.2106812 -2.1195469
v -1.3963604 -1.7707853 -7.0453739
vn -1.4916581 5.7907033 -1.2656698
v -1.2524111 -1.8322489 -7.0453739
vn 5.8171439 -1.5202656 -1.5929453
v -1.3893793 -1.6573100 -7.0453739
vn -2.9974539 5.3988485 -1.1337118
v -1.1388736 -1.7719947 -7.0294924
vn -2.8090105 5.3741517 -1.5626961
v -1.0254605 -1.7084846 -7.0453739
vn 5.8232536 -1.5671608 -1.7342694
v -1.1995718 -1.2034087 -7.0453739
vn 5.9330149 -1.0392774 -1.7474757
v -1.1738608 -1.0899334 -7.0453739
vn -2.0590570 5.6970286 -1.5780320
v -0.9116764 -1.6573825 -7.0428176
vn 6.0293584 -0.4855272 -1.6647875
v -1.1597118 -0.9764576 -7.0453739
vn 6.0402889 0.5169898 -1.6216481
v -1.1609006 -0.7495070 -7.0453739
vn 5.9695935 1.0058013 -1.6549809
v -1.1753387 -0.6360316 -7.0453739
vn 5.8797050 1.4844753 -1.6236504
v -1.1994972 -0.5225563 -7.0453739
vn 5.3807836 -2.7932742 -1.5835762
v -1.3661685 -1.6035337 -7.0451145
vn 5.4768744 -2.4767983 -1.7504032
v -1.2751317 -1.4303594 -7.0453739
vn 5.6882334 -1.9976717 -1.7284466
v -1.2488686 -1.3596038 -7.0479951
vn 0.8319481 5.9322968 -1.8551660
v -0.2311327 -1.5847063 -7.0453739
vn 0.2550540 6.0164561 -1.7485583
v -0.3446083 -1.5745652 -7.0453739
vn 1.3793371 5.8412085 -1.8360476
v -0.1176577 -1.6068525 -7.0453739
vn -1.6117080 5.8132062 -1.7302972
v -0.7985096 -1.6238234 -7.0453739
vn -0.1313743 6.0302157 -1.7259001
v -0.4580836 -1.5739288 -7.0453739
vn -0.5739613 5.9762926 -1.8250633
v -0.5715590 -1.5806060 -7.0453739
vn -1.1379952 5.8747091 -1.8793440
v -0.6850343 -1.5963185 -7.0453739
vn 5.2768040 -0.2088314 -3.0861778
v -1.4843153 -1.7707857 -7.1572304
vn 0.4355450 5.0432353 -3.5587676
v -1.3658864 -1.8842607 -7.1322417
vn 5.3189659 -2.9050038 -1.6453686
v -1.3684940 -1.5427883 -7.1450958
vn 3.2060432 4.6010494 1.8154753
v -1.3658864 -1.8239076 -6.9318981
vn 5.8294225 0.9420279 1.1442173
v -1.3967185 -1.7707853 -6.9318981
vn -2.0087848 5.5431376 0.9464582
v -1.2524111 -1.8358705 -6.9318981
vn 5.7823076 -2.2505720 -0.0510028
v -1.3782134 -1.6573100 -6.9318981
vn -3.6653938 5.0775576 -0.4089503
v -1.1602950 -1.7707853 -6.9318981
vn 6.0756464 0.8562805 -1.2640346
v -1.1426405 -0.6419252 -6.9222832
vn -3.6964233 4.9918537 -0.7659336
v -1.1389358 -1.7534988 -6.9318981
vn 5.8870239 -1.6536659 -1.2924756
v -1.1670098 -1.2034087 -6.9318981
vn -2.9353454 5.3677292 -1.1180534
v -1.0254605 -1.6764250 -6.9318981
vn 5.9166789 1.5360827 -1.3403186
v -1.1679244 -0.5225563 -6.9318981
vn 6.1118269 -0.4029121 -1.3284844
v -1.1366105 -0.9791139 -6.9550514
vn 6.1181402 0.0528927 -1.3389050
v -1.1379858 -0.8610163 -6.9783158
vn 5.3200378 -3.3019772 -0.3145255
v -1.3658864 -1.6370707 -6.9318981
vn 5.2676859 -3.2122741 -0.9313757
v -1.3034565 -1.5438347 -6.9318981
vn 5.6541991 -2.5038838 -0.9838259
v -1.2522956 -1.4445099 -6.9320564
vn 5.8271189 -2.0094001 -1.1461905
v -1.2052274 -1.3168838 -6.9318981
vn 0.6953712 6.0599642 -1.4061825
v -0.2311327 -1.5523176 -6.9318981
vn 0.1509712 6.1400433 -1.2665157
v -0.3459386 -1.5452706 -6.9286418
vn 1.4059305 5.9129119 -1.4658583
v -0.1176577 -1.5715814 -6.9318981
vn -2.2496011 5.7230434 -1.1926744
v -0.9568480 -1.6481858 -6.9365373
vn -1.8078940 5.8334069 -1.3752866
v -0.7985096 -1.5910721 -6.9318981
vn -1.1195879 5.9662056 -1.4752475
v -0.6850343 -1.5613878 -6.9318981
vn 6.1292534 0.4634558 -1.2430831
v -1.1378651 -0.7481793 -6.9512162
vn 5.6214499 -2.4087334 -1.3213618
v -1.2524111 -1.4303594 -6.9636602
vn 3.3124044 4.2441335 2.4721444
v -1.3910143 -1.8842607 -6.8184233
vn -2.0944457 5.4128647 1.5092890
v -1.2766368 -1.8842607 -6.8184233
vn 5.0337691 -0.4089223 2.0936148
v -1.4538815 -1.7707853 -6.8184233
vn -4.1371183 4.5489779 1.0187166
v -1.2524111 -1.8663926 -6.8184233
vn 4.9930019 -3.4848495 0.7181509
v -1.3915489 -1.6573100 -6.8184233
vn 6.2140546 -0.2648545 -0.7214665
v -1.1132157 -0.9764576 -6.8184233
vn -4.5285559 4.3239636 0.2509722
v -1.1673727 -1.7707853 -6.8184233
vn 6.2212548 0.2671630 -0.7189466
v -1.1145680 -0.7759702 -6.8163695
vn -4.1010447 4.6431317 -0.1299774
v -1.1389358 -1.7396464 -6.8184233
vn 6.1340952 0.9160978 -0.8328450
v -1.1287717 -0.6157909 -6.8230228
vn -2.9616423 5.4478903 -0.6140407
v -1.0248020 -1.6595544 -6.8175473
vn 6.0021849 1.5839376 -0.8428549
v -1.1478133 -0.5225563 -6.8184233
vn 5.8505611 2.1056283 -0.8220310
v -1.1841965 -0.4090810 -6.8184233
vn 4.6607332 -4.1966290 0.1260656
v -1.3658864 -1.6320367 -6.8184233
vn -0.0176079 6.2382984 -0.6490103
v -0.4580836 -1.5277517 -6.8184233
vn 5.0328741 -3.6376276 -0.4086122
v -1.2881076 -1.5438347 -6.8184233
vn -0.3234820 6.2052197 -0.7046216
v -0.5715590 -1.5283191 -6.8184233
vn 5.6308336 -2.6552286 -0.5882363
v -1.2504067 -1.4764050 -6.8213158
vn 0.1255674 6.2367706 -0.6143531
v -0.3446083 -1.5279779 -6.8184233
vn 5.8606110 -2.1423590 -0.7028015
v -1.1892385 -1.3168838 -6.8184233
vn 5.9536877 -1.8537284 -0.6963736
v -1.1499777 -1.2034087 -6.8184233
vn 0.5943895 6.1712360 -0.7610109
v -0.2225593 -1.5334076 -6.8267460
vn -2.2660775 5.8064237 -0.7671746
v -0.9119852 -1.6137412 -6.8184233
vn -1.9199685 5.9023690 -0.8404742
v -0.7985096 -1.5701694 -6.8184233
vn 6.0527716 -1.4640896 -0.7091908
v -1.1389358 -1.1645122 -6.8184233
vn 6.1473417 -0.9134499 -0.7271053
v -1.1234548 -1.0899334 -6.8184233
vn 0.9863364 5.3571734 2.5514185
v -1.3674423 -1.8879691 -6.8313498
vn -1.1057957 6.0845418 -0.8005952
v -0.6887510 -1.5408159 -6.8229914
vn -0.4028432 6.1056728 -1.3391076
v -0.5705264 -1.5466027 -6.9228654
vn -0.0625466 6.1493406 -1.2497650
v -0.4560997 -1.5452708 -6.9287410
vn 6.0475807 -0.9180209 -1.2986970
v -1.1402770 -1.0848744 -6.9261551
vn 5.3830042 1.6919999 1.4824170
v -1.4793620 -1.8605700 -6.7049475
vn 5.4484329 -1.6035511 0.9815883
v -1.4833114 -1.7677013 -6.7104726
vn 0.2812548 5.5350266 0.9871495
v -1.3658864 -1.9325836 -6.7049475
vn 3.8219609 4.1125603 1.6309305
v -1.4646163 -1.8842607 -6.7049475
vn 4.5857000 -4.1916833 0.5235489
v -1.3999033 -1.6573100 -6.7049475
vn -4.8143721 3.9492867 0.7590359
v -1.1569471 -1.7707853 -6.7049475
vn -4.3372955 4.3678803 0.7381414
v -1.1389358 -1.7484529 -6.7049475
vn 6.2423506 -0.2467975 -0.0114403
v -1.1050265 -0.9768645 -6.7036014
vn 6.2534986 0.2589291 -0.0331096
v -1.1075983 -0.7495070 -6.7049475
vn 6.1956577 0.7554887 -0.1202938
v -1.1152399 -0.6360316 -6.7049475
vn 4.3779802 -4.4671030 0.3498846
v -1.3658864 -1.6281617 -6.7049475
vn 6.0574932 1.5192022 -0.2693471
v -1.1380274 -0.5171735 -6.7121801
vn 4.8790150 -3.8110657 0.3574710
v -1.2848451 -1.5438347 -6.7049475
vn 5.8517299 2.1595304 -0.2946311
v -1.1705334 -0.4090810 -6.7049475
vn 5.4431410 -3.0155292 0.2388861
v -1.2524111 -1.4930584 -6.7049475
vn -3.3700585 5.1523652 0.4501618
v -1.0272205 -1.6570613 -6.6929760
vn 5.7452965 -2.4865632 0.0015434
v -1.2236722 -1.4303594 -6.7049475
vn 5.8756199 -2.1503663 -0.2119491
v -1.1775529 -1.3168838 -6.7049475
vn -2.4474652 5.7402716 -0.0078365
v -0.9119852 -1.6012437 -6.7049475
vn -1.8735938 5.9474282 -0.1172515
v -0.7985096 -1.5584242 -6.7049475
vn -1.3661096 6.0958433 0.0072705
v -0.7416768 -1.5438347 -6.7049475
vn -0.8733568 6.1790314 0.1321961
v -0.6850343 -1.5330660 -6.7049475
vn 6.0391936 -1.6503739 -0.1299908
v -1.1397061 -1.1987795 -6.7046657
vn -0.2571208 6.2253036 0.2419210
v -0.5708394 -1.5224570 -6.7050109
vn 6.1713066 -0.9276574 -0.0652110
v -1.1149311 -1.0899334 -6.7049475
vn 0.0836354 6.2482510 0.2592996
v -0.3446083 -1.5231125 -6.7049475
vn 0.4309134 6.2238002 0.1371830
v -0.2311327 -1.5260077 -6.7049475
vn -3.5406325 4.9281473 0.5751496
v -1.2521812 -1.8858827 -6.7087121
vn -3.1155033 5.3781347 -0.2589279
v -1.0254605 -1.6573100 -6.7867937
vn 4.3512411 3.0199733 0.1526171
v -1.4828572 -1.8884369 -6.5914698
vn 5.8854737 -1.0812204 -0.0460103
v -1.4922931 -1.7707853 -6.5914721
vn 5.2058096 -3.3018155 -0.1312080
v -1.4793620 -1.7430806 -6.5914721
vn 0.0573048 5.5178752 0.0352686
v -1.3658864 -1.9450569 -6.5914721
vn 6.2285891 -0.2327374 0.6445224
v -1.1125937 -0.9764576 -6.5914721
vn -3.4484382 4.9926128 -0.0659076
v -1.2483380 -1.8929377 -6.5922952
vn 6.2386665 0.2247705 0.6174491
v -1.1145414 -0.7504670 -6.5930691
vn 4.6228237 -4.1612940 -0.1264389
v -1.4103820 -1.6573100 -6.5914721
vn -4.1723504 4.5881672 0.8799301
v -1.1271029 -1.7716455 -6.5885353
vn -3.7724352 4.8580904 1.1200664
v -1.0254605 -1.6754706 -6.5914721
vn -3.1041975 5.3359499 1.0613892
v -0.9976451 -1.6573100 -6.5914721
vn 6.1981030 0.6600908 0.5918416
v -1.1212161 -0.6360316 -6.5914721
vn 6.0805359 1.3438718 0.6662300
v -1.1392131 -0.5234639 -6.5916543
vn 4.6929612 -4.1522136 0.2079024
v -1.3658864 -1.6128044 -6.5914721
vn 5.7827110 2.2403495 0.5622802
v -1.1723640 -0.4090810 -6.5914721
vn 4.9026089 -3.8520770 0.6841235
v -1.3048778 -1.5438347 -6.5914721
vn 5.4299812 -3.0123286 0.7657627
v -1.2483799 -1.4606667 -6.5887914
vn 5.7942028 -2.2636428 0.5785405
v -1.1803453 -1.3168838 -6.5914721
vn 6.0273266 -1.6030447 0.4816014
v -1.1437054 -1.2034087 -6.5914721
vn -2.6011560 5.5944591 0.9254844
v -0.9119852 -1.6107829 -6.5914721
vn -1.7438421 5.8909760 0.9228647
v -0.7985096 -1.5656555 -6.5914721
vn -0.4651580 6.1748075 1.0071348
v -0.6752429 -1.5438347 -6.5914721
vn 6.1616459 -0.9011680 0.5406102
v -1.1215340 -1.1011350 -6.5989718
vn 4.5023727 3.0743630 0.5674762
v -1.4793620 -1.8842607 -6.6384306
vn -4.3705130 4.3421082 1.1692932
v -1.1389358 -1.7707853 -6.6282377
vn 6.0923495 1.4093578 0.3358438
v -1.1389358 -0.5225563 -6.5974331
vn -0.7947956 6.1443930 0.8682184
v -0.6850427 -1.5439440 -6.5960121
vn 6.2533059 -0.2497004 0.3376037
v -1.1290061 -0.9764576 -6.4779968
vn 5.2176061 -3.2761011 -0.9006851
v -1.4793620 -1.7687852 -6.4779968
vn 6.2547460 0.0568449 0.3005977
v -1.1286063 -0.8629823 -6.4779968
vn -0.0787016 5.1642365 -1.5346407
v -1.3658864 -1.9331512 -6.4779968
vn 6.2517858 0.2559993 0.3470241
v -1.1306546 -0.7495070 -6.4779968
vn -3.0195272 4.7170620 -2.3877265
v -1.2661650 -1.8842607 -6.4779968
vn -3.2378592 4.5316534 -2.6812189
v -1.2524111 -1.8737369 -6.4779968
vn 4.7897053 -3.7037554 -1.4676106
v -1.3920591 -1.6573100 -6.4779968
vn 6.2222576 0.6939829 0.3778155
v -1.1379040 -0.6267471 -6.4777012
vn -3.7829497 4.9004097 -0.6375015
v -1.1414564 -1.7910068 -6.4787173
vn 6.0893054 1.4469917 0.3742531
v -1.1552126 -0.5225563 -6.4779968
vn -3.4855614 5.1538587 0.1528468
v -1.0254605 -1.7048793 -6.4779968
vn 5.8141518 2.3060954 0.3032010
v -1.1926430 -0.4074923 -6.4781551
vn 5.0963230 -3.3277774 -1.2512008
v -1.3658864 -1.6202023 -6.4779968
vn 5.2577968 -3.1981630 -0.6002822
v -1.3189144 -1.5438347 -6.4779968
vn 5.5472093 -2.8446121 0.0367944
v -1.2523966 -1.4303896 -6.4779968
vn 5.7840080 -2.3595200 0.1913983
v -1.1998801 -1.3168838 -6.4779968
vn 6.0454564 -1.6296017 0.2739904
v -1.1588030 -1.2034087 -6.4779968
vn -2.7583592 5.5739350 0.6343625
v -0.9369657 -1.6509830 -6.4788566
vn -1.8923244 5.9099116 0.8565198
v -0.7985096 -1.5936728 -6.4779968
vn -0.9035472 6.1587667 0.7366271
v -0.6850343 -1.5675254 -6.4779968
vn -0.2541250 6.2312198 0.6087844
v -0.5715590 -1.5595310 -6.4779968
vn 6.2061749 -0.8329564 0.3283980
v -1.1376269 -1.0981041 -6.4778314
vn -0.0407965 6.2359495 0.5203370
v -0.4580836 -1.5582194 -6.4779968
vn 3.5551429 2.2002628 -1.7922447
v -1.4787927 -1.8838193 -6.4776387
vn -3.3695405 5.0922260 -0.9244375
v -1.2524111 -1.8842607 -6.5081978
vn -0.1928620 6.1920824 1.0016015
v -0.5748166 -1.5374379 -6.5959563
vn 0.2596416 6.1909180 0.9693576
v -0.2354524 -1.5398757 -6.5833969
vn 0.1557879 2.2076001 -5.7759166
v -1.2524111 -1.7585649 -6.3645215
vn 3.6194870 -0.4900922 -4.9414511
v -1.3063979 -1.6573100 -6.3645215
vn -1.0357786 4.8034692 -3.5948012
v -1.1389358 -1.7390976 -6.3645215
vn -2.6855319 5.3963175 -1.6615919
v -1.0254605 -1.6872342 -6.3645215
vn 6.0684271 0.0541517 -1.2944167
v -1.1237683 -0.8629823 -6.3645215
vn 6.0851202 0.3388347 -1.2153823
v -1.1269393 -0.7495070 -6.3645215
vn 6.0985098 0.8072416 -1.0230216
v -1.1370001 -0.6180579 -6.3646188
vn 6.0406179 1.4073899 -0.8230618
v -1.1534877 -0.5225563 -6.3645215
vn 5.5808907 2.3691270 -1.4071141
v -1.2334943 -0.2956057 -6.3645215
vn 5.7974215 1.9860673 -1.1509559
v -1.1867063 -0.4090810 -6.3645215
vn 5.4878006 -2.3074341 -1.8128283
v -1.2536836 -1.4684510 -6.3665576
vn 5.7227349 -2.0602570 -1.3724808
v -1.1894152 -1.3168838 -6.3645215
vn 5.9872751 -1.5128506 -1.0009638
v -1.1538908 -1.2034087 -6.3645215
vn -2.4269271 5.6022034 -1.2830224
v -0.9557957 -1.6548016 -6.3652020
vn -1.7299558 5.8954325 -0.9292693
v -0.7985096 -1.5983529 -6.3645215
vn -0.9824795 6.1092196 -0.7477213
v -0.6850343 -1.5717685 -6.3645215
vn -0.3846855 6.1799779 -0.7763931
v -0.5715590 -1.5604639 -6.3645215
vn 5.3044291 -1.5186278 -2.8135912
v -1.2789452 -1.5432049 -6.3635635
vn 6.0675545 -0.8984485 -1.1198980
v -1.1363926 -1.1119132 -6.3648214
vn 6.0787163 -0.3010589 -1.2322736
v -1.1255317 -0.9764576 -6.3645215
vn -0.1108605 6.1791515 -0.8826187
v -0.4580836 -1.5562871 -6.3645215
vn 4.6360826 -1.2209058 -2.3300695
v -1.4799796 -1.7710503 -6.4738426
vn 0.4761611 2.5098486 -3.5116408
v -1.3658864 -1.8842607 -6.3871603
vn 2.2596273 -0.1694101 -5.0270820
v -1.3658864 -1.7707853 -6.3690529
vn -1.1188385 3.3735104 -5.0150471
v -1.2524111 -1.7707853 -6.3708272
vn 4.6018362 -2.5950246 -3.2372932
v -1.3658864 -1.6573100 -6.4258804
vn -2.6769571 4.9895415 -2.4052062
v -1.1389358 -1.7707853 -6.4185328
vn 5.9451318 0.0383544 -1.9351698
v -1.0276612 -0.8602899 -6.1297255
vn 5.8041806 0.4593820 -2.3568285
v -1.0832901 -0.7495070 -6.2510462
vn 5.0687203 0.2878580 -3.1543903
v -1.2180679 -1.5438347 -6.2510462
vn -1.3759090 5.5471449 -2.4339366
v -1.0254605 -1.6409345 -6.2510462
vn 5.4980254 -1.8129562 -2.4198227
v -1.1856904 -1.4303594 -6.2510462
vn 5.7964191 0.8622613 -2.2568765
v -1.0964270 -0.6360316 -6.2510462
vn 5.5321655 1.9462085 -2.2472513
v -1.1864724 -0.2956057 -6.2510462
vn 5.7340298 1.2226474 -2.2562735
v -1.1176836 -0.5225563 -6.2510462
vn 5.6518183 1.7232461 -2.1147978
v -1.1462795 -0.4117910 -6.2563467
vn 5.7072825 -1.2895936 -2.2839406
v -1.1143653 -1.2034087 -6.2510462
vn -1.9837862 5.5689111 -2.1099515
v -0.9119852 -1.5937629 -6.2510462
vn -0.9463075 5.8824339 -1.9846162
v -0.7084909 -1.5434134 -6.2542253
vn 5.7871389 -0.8398128 -2.2877119
v -1.0926204 -1.0899334 -6.2510462
vn 5.8089495 -0.3748257 -2.3567545
v -1.0807316 -0.9764576 -6.2510462
vn 3.2116880 1.7862577 -4.6635380
v -1.2524111 -1.6573100 -6.3228068
vn 1.3053656 4.4686327 -3.5168417
v -1.1389358 -1.6568153 -6.2518787
vn -1.8873777 5.4381289 -2.4380534
v -1.0254605 -1.6573100 -6.2912912
vn 5.8421497 1.3076204 -1.8945308
v -1.1389358 -0.5225563 -6.3085356
vn 5.7789006 -1.3762077 -2.0360768
v -1.1389358 -1.2034087 -6.3136997
vn -0.4763100 5.9511433 -1.9370713
v -0.5700989 -1.5416179 -6.2933502
vn -0.1325202 5.9535875 -1.9812306
v -0.4554471 -1.5407107 -6.3075247
vn 5.9278455 -0.3392483 -1.9620707
v -1.0295404 -0.9728221 -6.1274529
vn 5.8194327 0.9084843 -2.1214514
v -1.0477407 -0.6360316 -6.1375709
vn 5.7646852 1.3656721 -2.0338876
v -1.0704021 -0.5225563 -6.1375709
vn 5.6812153 1.8637834 -1.8977638
v -1.1032145 -0.4090810 -6.1375709
vn 5.7545958 1.6076397 -1.9146338
v -1.1425788 -0.2916991 -6.1294279
vn 2.4797463 3.9489682 -2.8742514
v -1.1389358 -1.5862722 -6.1375709
vn 5.4696236 0.7681103 -2.4810803
v -1.1597197 -1.5438347 -6.1375709
vn -0.6436101 5.6415515 -2.2935023
v -1.0254605 -1.5938687 -6.1375709
vn -0.1756153 5.9482441 -1.9124700
v -0.4580836 -1.4716070 -6.1375709
vn -0.6274052 5.9023690 -1.9939979
v -0.5715590 -1.4798095 -6.1375709
vn 5.6535902 -1.8562698 -1.9726964
v -1.0997517 -1.3168838 -6.1375709
vn 5.7571940 -1.3661218 -2.0391812
v -1.0668542 -1.2034087 -6.1375709
vn -1.8307689 5.6994829 -1.8403255
v -0.9095711 -1.5483685 -6.1324930
vn -1.0319049 5.8699131 -1.9550195
v -0.6850343 -1.4968812 -6.1375709
vn 5.8456917 -0.8559691 -2.0705168
v -1.0452614 -1.0899334 -6.1375709
vn 5.6047487 -1.7588428 -2.1964920
v -1.1397949 -1.3159029 -6.2439766
vn -1.3930566 5.8073268 -1.9268072
v -0.7986984 -1.5314075 -6.1703134
vn 6.0531406 -0.8530781 -1.2978368
v -1.0167978 -1.0965271 -6.0369272
vn -0.3269895 5.9626970 -1.5110863
v -1.0254605 -1.5547521 -6.0240955
vn 6.1541634 -0.2011434 -0.9798716
v -1.0031991 -0.9764576 -6.0240955
vn 2.5532851 2.3937132 -2.1521163
v -1.1119971 -1.5438347 -6.0240955
vn 6.1865721 0.0407973 -0.7559250
v -1.0025384 -0.8629823 -6.0240955
vn 5.6519909 -0.6379321 -2.0631118
v -1.1080854 -1.4303594 -6.0240955
vn 6.1730871 0.2977703 -0.8317088
v -1.0055046 -0.7495070 -6.0240955
vn 5.8165250 -1.8581872 -1.3167347
v -1.0644896 -1.3168838 -6.0240955
vn 5.9917192 -1.3405715 -1.1466082
v -1.0305781 -1.2002792 -6.0124526
vn 5.9849133 1.3215663 -1.1732584
v -1.0314636 -0.5384564 -6.0183835
vn -1.7318047 5.8626533 -1.3734422
v -0.9784142 -1.5423936 -6.0303245
vn 5.8030996 1.9284141 -1.2437178
v -1.0684214 -0.4090810 -6.0240955
vn -1.5137434 5.9433999 -1.2099220
v -0.7985096 -1.4881935 -6.0240955
vn -1.0484475 6.0278053 -1.2378869
v -0.6850343 -1.4630303 -6.0240955
vn -0.3854447 6.1407232 -0.9397691
v -0.5715590 -1.4490993 -6.0240955
vn -0.0551538 6.1936665 -0.6493511
v -0.4334446 -1.4452199 -6.0239301
vn 3.9792457 2.3357759 -2.4178236
v -1.1389358 -1.5438347 -6.0889068
vn 5.7500768 -1.4254837 -2.0084624
v -1.1418792 -1.4324249 -6.1338100
vn 5.9219694 0.3949032 -1.9548618
v -1.0293920 -0.7547999 -6.1243258
vn -1.8572807 5.7800617 -1.5972981
v -0.9119852 -1.5438347 -6.1131916
vn 6.0540514 0.8769931 -1.1920208
v -1.0184472 -0.6258228 -6.0349417
vn 5.9467874 1.9315003 -0.4841389
v -1.0550354 -0.4090810 -5.9106197
vn 6.2618923 0.0216710 0.3084471
v -1.0037346 -0.7495070 -5.9106197
vn 6.2245140 0.5299970 -0.1787283
v -1.0054929 -0.6360316 -5.9106197
vn 6.1019983 -1.3701060 -0.5207203
v -1.0215530 -1.2083131 -5.9113464
vn 6.1983700 -0.6734869 -0.4133581
v -0.9991212 -1.0899334 -5.9106197
vn 6.2438531 0.1706104 -0.0017773
v -0.9951396 -0.9764576 -5.9106197
vn 6.2565351 0.2124581 0.3493173
v -1.0022840 -0.8629823 -5.9106197
vn 2.0382066 4.6155820 -0.4655336
v -1.0254605 -1.5361469 -5.9106197
vn 5.7341452 0.5978618 -0.7029791
v -1.0853491 -1.4303594 -5.9106197
vn 6.0084891 -1.7148256 -0.5900150
v -1.0495732 -1.3168838 -5.9106197
vn -1.6485021 6.0348663 -0.5515120
v -0.9119852 -1.5091641 -5.9106197
vn -1.5953342 6.0354004 -0.5365728
v -0.7985096 -1.4735632 -5.9106197
vn -0.7854730 6.1803513 -0.3525220
v -0.6850343 -1.4492130 -5.9106197
vn 6.0895166 1.3381877 -0.5503477
v -1.0251303 -0.5220798 -5.9380651
vn 1.3851610 4.9711981 -1.6407750
v -1.0254605 -1.5438347 -5.9733362
vn 5.9678073 1.9264102 -0.3404524
v -1.0494597 -0.4090810 -5.7971449
vn 6.0690613 1.2891320 -0.6254014
v -1.0968322 -0.2953380 -5.9138498
vn 6.2592673 -0.0705700 0.2522211
v -1.0096579 -0.6360316 -5.7971449
vn 6.1456437 1.1554974 -0.2765095
v -1.0188864 -0.5164553 -5.7946606
vn 3.5420880 -2.9916885 -0.3716703
v -1.0937991 -0.1821303 -5.7971449
vn 5.9766083 0.5651599 -0.7874168
v -1.0833914 -0.2956057 -5.6836691
vn 6.1886806 0.8046736 -0.2534717
v -1.0120380 -0.5225563 -5.6836691
vn 6.2230215 -0.3350794 0.6886232
v -1.0238184 -0.7493299 -5.7631097
vn 6.0119495 1.7681386 -0.3214702
v -1.0308775 -0.4340740 -5.6306067
vn 0.2388441 5.8211293 -2.3435352
v 0.3362441 -2.0857677 -7.6127505
vn 0.2433305 5.9047813 -2.1227787
v 0.4497194 -2.0905306 -7.6127505
vn -5.6868501 1.8544366 -1.7911540
v 0.7967567 -1.9977362 -7.6127505
vn -6.0231924 0.4125761 -1.6606519
v 0.8170701 -1.8851055 -7.6125669
vn 0.5771946 5.6701813 -2.5782018
v 0.4497194 -2.0521116 -7.4992752
vn 0.3498172 5.4518328 -2.9972696
v 0.3362441 -2.0428436 -7.4992752
vn 0.0499540 5.7904239 -2.2876992
v 0.5631948 -2.0621285 -7.4992752
vn -1.7693018 5.2689571 -2.1096749
v 0.6766701 -2.0561552 -7.4992752
vn -4.0061970 3.3560162 -2.2893796
v 0.7684131 -1.9977362 -7.4992752
vn -5.3810806 1.6528391 -2.1317973
v 0.7901454 -1.9473832 -7.4992752
vn -5.0348959 0.0433611 -3.1137254
v 0.7901454 -1.2627068 -7.4992752
vn -6.0829172 0.3353584 -1.3883027
v 0.7976575 -1.8842607 -7.4992752
vn -5.4744959 -0.3494846 -2.6513751
v 0.7901254 -1.5811733 -7.4992499
vn -6.1171999 -0.1186014 -1.3839998
v 0.7966566 -1.7707853 -7.4992752
vn -5.9873781 0.0345733 -1.8233070
v 0.7906241 -1.2034087 -7.4992752
vn -4.8387480 3.0624888 -1.2003580
v 0.7901454 -1.9977362 -7.5719881
vn -5.0721350 -0.0144284 -3.0955601
v 0.7894603 -1.4081419 -7.4994650
vn -5.2342634 -0.1029270 -2.9285131
v 0.7899254 -1.5440103 -7.4995160
vn -2.0403972 0.1214313 -5.8433065
v 0.4661407 -0.7495070 -7.3857999
vn -2.1738763 0.3639480 -5.7499127
v 0.4765701 -0.6360316 -7.3857999
vn -2.3927188 0.6624303 -5.5665426
v 0.4981890 -0.5225563 -7.3857999
vn -2.7593603 1.2710505 -5.1155639
v 0.5389929 -0.4090810 -7.3857999
vn -2.5803461 1.0261248 -5.2773156
v 0.5631948 -0.3606358 -7.3857999
vn -1.8689394 1.0874305 -5.7946520
v 0.5927749 -0.2956057 -7.3857999
vn 1.4810152 2.8700349 -4.9748802
v 0.1092935 -1.8203602 -7.3857999
vn -2.7375672 -1.5057287 -5.1543989
v 0.6143427 -1.4303594 -7.3857999
vn 1.9474691 4.0489683 -4.2294464
v 0.3362441 -1.9340744 -7.3857999
vn -2.8792892 -1.1713741 -5.0503712
v 0.5204358 -1.2034087 -7.3857999
vn 1.2957243 5.5487661 -2.6122553
v 0.4833398 -1.9977362 -7.3857999
vn -2.4374332 -0.5117763 -5.5811157
v 0.4888587 -1.0899334 -7.3857999
vn -4.8917885 -1.5471457 -3.6060126
v 0.7209635 -1.6573100 -7.3857999
vn -2.2379625 -0.2000573 -5.7262807
v 0.4685165 -0.9471036 -7.3859372
vn -1.4286350 5.3669538 -2.8544202
v 0.6536131 -1.9977362 -7.3857999
vn -5.2905779 1.6193014 -2.6247838
v 0.7483792 -1.8842607 -7.3857999
vn -5.6250501 -0.6941382 -2.5840898
v 0.7516708 -1.7707853 -7.3857999
vn -0.6898158 0.1159290 -6.2291589
v 0.5631948 -0.6360316 -7.4008884
vn -0.8181500 0.2211886 -6.2119989
v 0.5631948 -0.5225563 -7.3977795
vn 0.4581751 2.0882554 -5.8952370
v 0.1092935 -1.8842607 -7.4028459
vn -2.0298047 0.0512440 -5.6381316
v 0.6766701 -0.7495070 -7.4067140
vn 1.5569735 3.6527035 -4.6791992
v 0.2259638 -1.8843795 -7.3864441
vn 0.7525016 4.6259069 -4.1274185
v 0.3362441 -1.9977362 -7.4381380
vn -2.0326686 0.0612931 -5.6656618
v 0.6766701 -0.5792940 -7.4055424
vn 1.7602592 5.2374473 -2.9506125
v 0.4551531 -1.9886061 -7.3859391
vn -1.0450094 0.5123721 -6.1635990
v 0.5631948 -0.4090810 -7.3909454
vn -3.0477087 4.3615956 -2.9997935
v 0.6753735 -1.9967105 -7.3975010
vn -5.7856021 0.4801033 -2.2325048
v 0.7901454 -1.8842607 -7.4731903
vn -5.9023342 -0.1744228 -2.0859926
v 0.7901454 -1.7707853 -7.4757023
vn -5.6557670 -0.4105449 -2.6152978
v 0.7901454 -1.6573100 -7.4916964
vn -3.0188053 -0.4187337 -5.3676300
v 0.6766701 -1.4303594 -7.4046593
vn -2.6709979 -0.1389002 -5.5150976
v 0.6766701 -1.3168838 -7.4088178
vn -1.0542221 -0.4367053 -6.1604576
v 0.5631948 -1.2034087 -7.3955903
vn -2.3444905 -0.0740163 -5.5807595
v 0.6766701 -1.2034087 -7.4086633
vn -4.8538814 0.0597775 -3.6427119
v 0.7901454 -1.2034087 -7.4980860
vn 0.1805001 1.7894177 -6.0051212
v -0.0041823 -1.8842607 -7.4080467
vn -0.8544367 -0.1586963 -6.2067547
v 0.5631948 -1.0899334 -7.4004641
vn 0.4266268 4.0112848 -4.6667886
v 0.2227688 -1.9977362 -7.4482479
vn -0.7086988 -0.0638264 -6.2266803
v 0.5631948 -0.9764576 -7.4024005
vn -2.1175909 0.0210937 -5.6039786
v 0.6766701 -1.0899334 -7.4075408
vn -4.6469522 0.0501815 -4.0573583
v 0.7901454 -1.0899334 -7.4965076
vn -4.3818378 -1.6517696 -4.1117754
v 0.6758246 -1.5526919 -7.3859921
vn -2.0531573 0.0106406 -5.6188188
v 0.6766701 -0.9197199 -7.4071465
vn -5.0018692 0.0258104 -3.1170104
v 0.7908849 -1.0147829 -7.4964905
vn -0.6630594 0.0216436 -6.2308903
v 0.5622942 -0.8135253 -7.4029679
vn -5.6906600 0.2532063 -2.3435826
v 0.3820705 -0.7495070 -7.2723246
vn -5.7481928 0.7700915 -2.1665943
v 0.3931923 -0.6360316 -7.2723246
vn -5.8211737 1.3093325 -1.8375335
v 0.4154491 -0.5225563 -7.2723246
vn -5.1803389 2.1547949 -2.3556159
v 0.4853897 -0.2956057 -7.2723246
vn -5.1979847 3.0476217 -1.6706686
v 0.5601200 -0.1539843 -7.2729740
vn -4.8501401 3.1099508 -2.2740598
v 0.6143074 -0.0686550 -7.2723246
vn 2.5208852 5.2116084 -2.2003791
v 0.1743064 -1.7707853 -7.2723246
vn 2.3016782 5.5492992 -1.7934644
v 0.1092935 -1.7431054 -7.2723246
vn -5.8009443 -1.1403106 -1.9932809
v 0.4091473 -1.0899334 -7.2723246
vn -5.7164392 -0.5930539 -2.2976859
v 0.3902702 -0.9764576 -7.2723246
vn -5.6699815 -0.1921891 -2.4041979
v 0.3815665 -0.8629823 -7.2723246
vn 2.4025655 5.2339311 -2.4151893
v 0.4497194 -1.9343746 -7.2723246
vn -0.2286847 5.3285723 -2.4680645
v 0.5631948 -1.9730921 -7.2723246
vn -3.7625220 4.1592727 -2.3948641
v 0.6766701 -1.9177732 -7.2723246
vn -5.4669609 1.9350042 -2.1150324
v 0.6978245 -1.8842607 -7.2723246
vn -4.9756508 -2.8412533 -2.2545040
v 0.5631948 -1.5063035 -7.2723246
vn 3.1527705 5.1190000 -1.8155966
v 0.3718498 -1.8842226 -7.2726684
vn -5.3328843 -2.5857401 -1.9431772
v 0.5238848 -1.4303594 -7.2723246
vn -5.7226391 -0.9058315 -1.9908981
v 0.7102404 -1.7707853 -7.2723246
vn 2.5592165 5.0885458 -2.2940061
v 0.2227688 -1.7930763 -7.2723246
vn -5.4654703 -2.5816770 -1.5601978
v 0.6766701 -1.6844440 -7.2723246
vn -4.9881945 -2.7983968 -2.2347004
v 0.5838218 -1.5438347 -7.2723246
vn -5.2690325 -1.9244401 -2.4067161
v 0.4723105 -1.3168838 -7.2723246
vn -5.4178052 -1.9244550 -2.2381456
v 0.4497194 -1.2469373 -7.2723246
vn -4.0922585 0.1468884 -4.4707837
v 0.4497194 -0.7495070 -7.3770084
vn -4.2106867 0.5135787 -4.3060155
v 0.4497194 -0.6360316 -7.3701324
vn -4.5336213 1.1314206 -3.7596123
v 0.4497194 -0.5225563 -7.3515511
vn -5.1180134 1.8706686 -2.5799465
v 0.4502130 -0.4050866 -7.2911835
vn -3.3818140 1.4457510 -4.6101384
v 0.5631948 -0.2956057 -7.3745308
vn -4.3549004 2.4731793 -3.3275223
v 0.5631948 -0.1821303 -7.3213325
vn 2.4281621 4.2289047 -3.3497529
v 0.1092935 -1.7707853 -7.3424320
vn 0.0390865 5.8987269 -2.1039112
v 0.5631949 -1.9985911 -7.3618550
vn 2.7689114 4.4949083 -3.0417602
v 0.3362441 -1.8842607 -7.3322101
vn -4.6455116 -2.1600268 -2.8763013
v 0.4485276 -1.2048581 -7.3136144
vn -4.5481119 -0.8642218 -3.8910780
v 0.4497194 -1.0899334 -7.3579855
vn -4.1395750 -0.4431783 -4.3494682
v 0.4497194 -0.9764576 -7.3725138
vn -5.1033831 -2.3949094 -2.6037285
v 0.6765926 -1.6571025 -7.3252063
vn -3.9975657 -0.0833962 -4.5044332
v 0.4497194 -0.8629823 -7.3775554
vn -3.7789268 -2.4668350 -3.7237325
v 0.5631948 -1.4303594 -7.3512616
vn -2.8250058 -0.9734462 -5.1334386
v 0.5618206 -1.3012582 -7.3856626
vn -6.0788074 0.3322811 -1.5405449
v 0.3562932 -0.7495070 -7.1588492
vn 2.3482246 5.6016626 -1.5927188
v 0.1092935 -1.7142539 -7.1588492
vn -6.0194073 0.8809639 -1.5538785
v 0.3675613 -0.6360316 -7.1588492
vn 1.7960703 5.7889652 -1.6422782
v -0.0054363 -1.6635329 -7.1264806
vn -5.9079051 1.4029574 -1.5982256
v 0.3901463 -0.5225563 -7.1588492
vn -5.7833781 1.8873639 -1.5471509
v 0.4254383 -0.3946315 -7.1532888
vn 2.8128705 5.3211575 -1.7631946
v 0.3362441 -1.8292260 -7.1588492
vn -0.4368462 4.7977996 -3.1934464
v 0.5631948 -1.9157665 -7.1588492
vn -5.3884044 2.9065218 -1.4022855
v 0.5188193 -0.1821303 -7.1588492
vn -2.7614727 2.7856503 -3.5910358
v 0.6366420 -1.8842607 -7.1588492
vn -5.2875237 3.0990877 -1.3814543
v 0.5631948 -0.1039720 -7.1588492
vn -4.7220054 -0.0157785 -3.5484684
v 0.6689754 -1.7707853 -7.1588492
vn -5.2412224 3.1242630 -1.4957844
v 0.5841670 -0.0686550 -7.1588492
vn -5.3817925 -2.3383551 -2.0101173
v 0.6243416 -1.6573520 -7.1585917
vn -5.8134532 -1.7016251 -1.6547039
v 0.4105573 -1.2034087 -7.1588492
vn -5.9269505 -1.2285222 -1.6717057
v 0.3809791 -1.0899334 -7.1588492
vn -6.0321488 -0.6748226 -1.6092414
v 0.3626299 -0.9764576 -7.1588492
vn -6.0804610 -0.1687862 -1.5625191
v 0.3548865 -0.8629823 -7.1588492
vn -5.4517341 -2.7699780 -1.4189521
v 0.4965816 -1.4303594 -7.1588492
vn 2.7606115 5.4403930 -1.4888535
v 0.2261338 -1.7708311 -7.1647406
vn -4.1487312 2.6797004 -2.4743109
v 0.6766701 -1.8842607 -7.2072625
vn -5.2743745 -0.5032036 -2.5988874
v 0.6766701 -1.7707853 -7.1710119
vn -5.7006640 -2.1580071 -1.5056279
v 0.4502021 -1.3199117 -7.1652174
vn -5.9083614 1.3101428 -1.6146355
v 0.3431724 -0.5225934 -7.0115719
vn -5.7287006 1.8844622 -1.7049839
v 0.3843484 -0.4090810 -7.0453739
vn 2.1976271 5.6132712 -1.6909771
v 0.1050720 -1.6629722 -7.0137920
vn -5.5107441 2.5169559 -1.6207749
v 0.4392608 -0.2661672 -7.0399413
vn 2.6017697 5.5605378 -1.2551699
v 0.3362441 -1.7913163 -7.0453739
vn -5.5911775 1.5996542 -1.6935928
v 0.5820599 -1.7707853 -7.0453739
vn -5.7397327 2.3043756 -0.7149512
v 0.5618824 -0.0525105 -7.0422354
vn -5.2894230 3.0516679 -1.4210609
v 0.4841533 -0.1821303 -7.0453739
vn 2.9875014 5.3172803 -1.4791204
v 0.2970800 -1.7707853 -7.0453739
vn -6.0011120 -1.0780036 -1.1786599
v 0.5855055 -1.6573100 -7.0453739
vn 2.7445216 5.3672633 -1.7635599
v 0.2227688 -1.7301762 -7.0453739
vn 0.6576355 5.8493805 -1.5469197
v 0.4497194 -1.8322201 -7.0453739
vn -5.6237411 -2.2201254 -1.6742725
v 0.4198027 -1.3301923 -7.0558243
vn -3.5930758 4.4030013 -1.9819281
v 0.5631948 -1.7982635 -7.0453739
vn -5.7889185 -1.6956439 -1.6892945
v 0.3719630 -1.2034087 -7.0453739
vn -6.0148778 -0.7986914 -1.6073934
v 0.3362441 -1.0289326 -7.0453739
vn 1.7955430 5.7412705 -1.7999210
v 0.0310525 -1.6512772 -7.0537381
vn -5.4957962 -2.7631807 -1.2188659
v 0.5631948 -1.5988643 -7.0453739
vn -5.2941322 -3.0741606 -1.3987722
v 0.5333481 -1.5438347 -7.0453739
vn 1.9231213 5.3098974 -2.4504607
v 0.4457368 -1.8862457 -7.1538858
vn -1.4001317 3.9390609 -4.2466788
v 0.5631948 -1.8842607 -7.1274796
vn -5.4086900 2.7280550 -1.5830826
v 0.5631948 -0.0686550 -7.0852933
vn -6.0593438 0.3003819 -1.6093190
v 0.3249186 -0.7484950 -7.0456486
vn -5.9881816 0.7910628 -1.7003061
v 0.3356781 -0.6283490 -7.0464315
vn -5.6010590 2.3621168 -1.5701872
v 0.4525333 -0.2977215 -7.1228638
vn -6.0554700 -0.5338241 -1.5621773
v 0.3306878 -0.9766542 -7.0469990
vn -6.0767322 -0.1658256 -1.5528542
v 0.3232043 -0.8641929 -7.0450830
vn -5.8631358 1.8596077 -1.1632686
v 0.3550000 -0.4090810 -6.9318981
vn -5.9810271 1.4446464 -1.1786124
v 0.3285893 -0.5030608 -6.9301534
vn -5.6392622 2.4248869 -1.2246623
v 0.3968759 -0.2956057 -6.9318981
vn -5.2354059 3.2031665 -1.1257492
v 0.4518045 -0.1839326 -6.9293146
vn -5.0705538 3.6577249 -0.4053704
v 0.5385442 -0.0686550 -6.9318981
vn -5.7526293 1.3956037 1.2453130
v 0.5865188 -1.7707853 -6.9318981
vn -5.7274284 2.4569125 0.0080220
v 0.5631948 -0.0309167 -6.9318981
vn -5.8851914 -1.7026608 0.1351143
v 0.5820212 -1.6573100 -6.9318981
vn -5.2687058 -3.0236206 -1.4037398
v 0.4439756 -1.4561812 -6.9393740
vn 3.2568488 5.3206687 -0.6934752
v 0.3357950 -1.7724440 -6.9326315
vn -5.7572927 -2.1352527 -1.2230653
v 0.3809595 -1.3168838 -6.9318981
vn 3.0279551 5.2981181 -1.2897567
v 0.2227688 -1.6931276 -6.9318981
vn -5.9445748 -1.6107783 -1.1465423
v 0.3407068 -1.1893433 -6.9326806
vn -6.0448122 0.2817468 0.7994660
v 0.5843387 0.0448203 -6.9318981
vn 1.1532952 5.7859492 0.8903260
v 0.4497194 -1.8346314 -6.9318981
vn -6.1394219 0.1435913 -1.2688512
v 0.2969308 -0.7495070 -6.9318981
vn -3.5458059 4.6220856 1.6637517
v 0.5631948 -1.8055894 -6.9318981
vn -6.0651760 0.7731463 -1.3732278
v 0.3045745 -0.6360316 -6.9318981
vn 1.8496625 5.8320141 -1.3770617
v -0.0041823 -1.6056643 -6.9318981
vn 2.2997794 5.6824951 -1.2833445
v 0.1461422 -1.6576763 -6.9314857
vn -6.0683632 -1.0528353 -1.1897043
v 0.3190246 -1.0899334 -6.9318981
vn -6.1340446 -0.5589884 -1.1839150
v 0.3042035 -0.9764576 -6.9318981
vn -6.1667981 -0.1804840 -1.1291519
v 0.2976270 -0.8629823 -6.9318981
vn -5.3068023 -3.3283856 -0.2892758
v 0.5631948 -1.6232765 -6.9318981
vn -4.9750710 -3.6653810 -1.0324922
v 0.5032744 -1.5438347 -6.9318981
vn -5.3610210 -2.8378863 -1.5538374
v 0.4498301 -1.4303868 -7.0059109
vn -5.9679875 -1.0922214 -1.5626769
v 0.3392522 -1.0877825 -7.0258570
vn -5.9562502 1.8734918 -0.6735244
v 0.3392889 -0.4106091 -6.8146176
vn -5.7088628 2.4569268 -0.6493844
v 0.3778319 -0.2956057 -6.8184233
vn -5.0838413 3.5075793 -0.3711697
v 0.4424141 -0.1686185 -6.8141370
vn -4.2917409 4.5697341 0.1467455
v 0.5381975 -0.0686550 -6.8184233
vn -4.7536130 3.9583197 0.5231203
v 0.5631948 -0.0468240 -6.8184233
vn 3.2785738 5.2215767 -0.5795103
v 0.2227688 -1.6705008 -6.8184233
vn 2.4161868 5.7221403 -0.7792137
v 0.1823017 -1.6522422 -6.8230658
vn 4.0385294 4.7900405 0.1501758
v 0.3422905 -1.7701865 -6.8212738
vn -5.1813097 1.4327908 1.9054003
v 0.6292620 0.0448203 -6.8184233
vn 2.3534105 5.2274156 1.3836560
v 0.4497194 -1.8714347 -6.8184233
vn -4.5679321 -2.6159768 2.5571384
v 0.6115189 0.1582956 -6.8184233
vn -6.2178965 -0.0709949 -0.7511645
v 0.2772822 -0.7495070 -6.8184233
vn -6.1157031 0.7793434 -0.8690603
v 0.2805638 -0.6360316 -6.8184233
vn -5.0477734 0.0885273 1.9335470
v 0.6428242 -1.7707853 -6.8184233
vn -6.0247378 1.5273545 -0.7851939
v 0.3054757 -0.5225563 -6.8184233
vn -5.1703076 -3.1276720 0.6195321
v 0.5934138 -1.6573100 -6.8184233
vn 1.9593885 5.8894501 -0.9023815
v -0.0041823 -1.5837665 -6.8184233
vn -6.1081185 -1.1239824 -0.7142144
v 0.2993484 -1.0899334 -6.8184233
vn -6.2130146 -0.4720427 -0.6614118
v 0.2863674 -0.9764576 -6.8184233
vn -6.2429113 -0.2154973 -0.6155062
v 0.2821765 -0.8629823 -6.8184233
vn -4.6055508 -4.2637606 -0.0360943
v 0.5631948 -1.6256254 -6.8184233
vn -4.5887890 -4.2058992 -0.5245040
v 0.4803109 -1.5438347 -6.8184233
vn -5.1173172 -3.4883881 -0.6311697
v 0.4497194 -1.5063412 -6.8184233
vn -5.6097813 -2.6516736 -0.6824446
v 0.4071259 -1.4303594 -6.8184233
vn -5.8869567 -2.0420225 -0.6919793
v 0.3632531 -1.3168838 -6.8184233
vn -5.9966183 -1.7146738 -0.7215169
v 0.3330600 -1.2068071 -6.8423972
vn 3.4009538 5.2492528 -0.4072176
v 0.3362441 -1.7707853 -6.9053946
vn 3.5344934 5.0423837 0.3262200
v 0.2227688 -1.6641378 -6.7049475
vn 2.7904239 5.5637574 0.2694340
v 0.2103291 -1.6573100 -6.7049475
vn -5.6589870 2.5410423 0.0520311
v 0.3683786 -0.2956057 -6.7049475
vn 2.8110318 5.3939991 0.5516652
v 0.4497194 -1.8916416 -6.7049475
vn 4.3379879 4.4746184 0.5452728
v 0.4409251 -1.8842607 -6.7049475
vn -0.5715693 5.5879683 1.1431975
v 0.5631948 -1.9226611 -6.7049475
vn -5.2260637 2.2619693 1.0814362
v 0.6619167 0.0448203 -6.7049475
vn -4.8303752 3.7741013 0.4173805
v 0.4406491 -0.1684157 -6.7057643
vn -4.1046214 3.4572637 1.3973113
v 0.6413250 -1.8842607 -6.7049475
vn -4.4308109 4.3947225 0.6750574
v 0.5657400 -0.0536281 -6.7104149
vn -4.8264337 -2.2500448 1.5315099
v 0.6668282 0.1582956 -6.7049475
vn 4.3527274 4.4841909 0.3433171
v 0.3339424 -1.7643504 -6.7046871
vn -5.5011024 -0.8713176 0.8858701
v 0.6707053 -1.7707853 -6.7049475
vn -4.8333669 -3.8941846 0.4028836
v 0.5976129 -1.6573100 -6.7049475
vn -6.2345691 -0.1507063 0.1246546
v 0.2691855 -0.7495070 -6.7049475
vn -6.1381469 0.7286130 0.1170920
v 0.2709670 -0.6360316 -6.7049475
vn -6.0525723 1.5329180 0.0054844
v 0.2958732 -0.5225563 -6.7049475
vn -5.9481168 1.9475417 -0.0692687
v 0.3358076 -0.3901600 -6.7047338
vn 1.9190290 5.9428973 -0.1815305
v -0.0041823 -1.5707560 -6.7049475
vn 2.3590920 5.7858315 -0.0301808
v 0.1092935 -1.6130092 -6.7049475
vn 1.2535601 6.1217203 -0.0478417
v -0.1117961 -1.5419643 -6.7049470
vn -6.0412378 -1.6384889 -0.0716266
v 0.3210212 -1.2090110 -6.7027988
vn -6.1280890 -1.0695904 0.0725235
v 0.2909250 -1.0899334 -6.7049475
vn -6.2354999 -0.4016742 0.1399570
v 0.2798281 -0.9764576 -6.7049475
vn -6.2614899 -0.2687797 0.1395545
v 0.2764745 -0.8629823 -6.7049475
vn -4.3862205 -4.4770017 0.3057741
v 0.5631948 -1.6253946 -6.7049475
vn -4.7942333 -3.8852146 0.3804313
v 0.4599883 -1.5257468 -6.7067442
vn -5.5200186 -2.8531446 0.1972738
v 0.4005041 -1.4303594 -6.7049475
vn -5.8799067 -2.0874858 -0.0866028
v 0.3527689 -1.3168838 -6.7049475
vn 2.7443566 5.1757717 1.0251365
v 0.4497194 -1.8842607 -6.7574825
vn -1.8444583 4.7056041 2.3551247
v 0.5631948 -1.8831232 -6.8159609
vn 1.2719853 6.0562887 -0.7669063
v -0.1291918 -1.5446179 -6.8085895
vn -5.4936929 2.7685468 0.9482213
v 0.3799238 -0.2956057 -6.5914721
vn -4.5993009 4.2174459 0.4051835
v 0.5624394 -0.0782319 -6.5873079
vn 4.1492763 4.6289043 0.8610226
v 0.3131700 -1.7692769 -6.5887933
vn 3.7140474 4.8702116 1.2012824
v 0.2227688 -1.6856563 -6.5914721
vn 3.0004213 5.3622108 1.1221398
v 0.1787934 -1.6573100 -6.5914721
vn 4.0819936 -4.7431664 0.0193010
v 0.3843260 0.1582956 -6.5914721
vn -5.3495722 2.2941573 0.1641109
v 0.6763486 0.0483289 -6.5926452
vn 2.8417659 5.3866949 -0.1189669
v 0.4497194 -1.8990128 -6.5914721
vn -6.0272613 -0.9010551 0.2346300
v 0.6829782 0.1582956 -6.5914721
vn 4.1093760 4.6935077 0.0161287
v 0.4312177 -1.8842607 -6.5914721
vn -6.1892214 -0.0840164 0.9714102
v 0.2818685 -0.7495070 -6.5914721
vn -0.4427912 5.6190567 0.0491938
v 0.5631948 -1.9353995 -6.5914721
vn -6.1201448 0.6607039 1.0297245
v 0.2849030 -0.6360316 -6.5914721
vn -4.2142620 4.1293864 0.1322314
v 0.6591296 -1.8842607 -6.5914721
vn -6.0537977 1.3047678 0.8274375
v 0.3042617 -0.5225563 -6.5914721
vn -0.7513567 -5.3556194 0.1610080
v 0.5631948 0.2545276 -6.5914721
vn -5.7121592 1.4456370 0.1085870
v 0.6766701 -1.8522105 -6.5914721
vn -4.5579481 -3.7165608 0.3641150
v 0.6766701 0.1749187 -6.5914721
vn -5.7211485 -1.6135259 -0.3771110
v 0.6767764 -1.7707498 -6.5896311
vn -4.9166579 -3.7708492 -0.1831256
v 0.6059847 -1.6573100 -6.5914721
vn 1.9171283 5.8592587 0.8340030
v -0.0041823 -1.5754769 -6.5914721
vn 1.0914060 6.0964766 0.9390186
v -0.1176577 -1.5491002 -6.5914721
vn 2.5709651 5.6217179 0.9422594
v 0.1092935 -1.6227329 -6.5914721
vn -5.9889383 -1.6447350 0.6752961
v 0.3293266 -1.2212455 -6.5889120
vn -6.1365843 -0.9420053 0.7699916
v 0.3014307 -1.0899334 -6.5914721
vn -6.2069693 -0.3948835 0.8214888
v 0.2912898 -0.9764576 -6.5914721
vn -6.2191086 -0.2268523 0.8341112
v 0.2871709 -0.8629823 -6.5914721
vn -4.7284336 -4.0987206 0.1814885
v 0.5631948 -1.6096756 -6.5914721
vn -4.6318250 -4.1809759 0.7109387
v 0.5012197 -1.5438347 -6.5914721
vn 0.5860587 6.1696668 0.9436075
v -0.1591334 -1.5438347 -6.5914721
vn -5.0924702 -3.5454192 0.9031885
v 0.4497194 -1.4817462 -6.5914721
vn -5.4054484 -3.0366375 0.9496568
v 0.4176855 -1.4303594 -6.5914721
vn -5.7482471 -2.2814257 0.8020521
v 0.3599992 -1.3168838 -6.5914721
vn -4.7701993 3.8933702 1.0402936
v 0.4504373 -0.1834360 -6.6050482
vn -4.4203300 4.3929510 0.7759750
v 0.5631948 -0.0686550 -6.6335311
vn 4.3814268 4.4149537 0.7621741
v 0.3362441 -1.7707853 -6.6745691
vn -5.0127239 -2.1138041 0.9003310
v 0.6766701 0.1582956 -6.6628537
vn -5.6846018 -1.2631197 0.4863244
v 0.6766701 -1.7707853 -6.6344614
vn 1.1191368 6.1377058 0.4734841
v -0.1176577 -1.5438347 -6.6361952
vn 3.3300149 -4.8860531 -1.3891237
v 0.3362441 0.1143141 -6.4779968
vn -5.8661413 2.1030536 0.5874905
v 0.3578005 -0.4090810 -6.4779968
vn -6.0505242 1.4916044 0.6205111
v 0.3362441 -0.4848919 -6.4779968
vn -5.5095654 2.8588881 0.5229503
v 0.4107571 -0.2956057 -6.4779968
vn -5.3178620 3.2068548 0.1882980
v 0.4497194 -0.2270288 -6.4779968
vn -5.0383444 3.4917665 -0.4675353
v 0.4798632 -0.1821303 -6.4779968
vn -4.6265459 3.5617685 -1.7703706
v 0.5637965 -0.0700102 -6.4728541
vn 3.5130372 -4.9256802 -1.5247198
v 0.4031930 0.1582956 -6.4779968
vn -4.5847664 3.1418972 -2.0239692
v 0.6621194 0.0448203 -6.4779968
vn -6.0720491 -1.5242392 0.2627752
v 0.3396020 -1.1918596 -6.4782314
vn 3.2664299 4.9982672 -1.2417473
v 0.3362441 -1.7969720 -6.4779968
vn -5.2056041 1.6434743 -1.6923546
v 0.6766701 0.0710440 -6.4779968
vn 3.3485813 5.1890106 -0.4143091
v 0.2962618 -1.7707853 -6.4779968
vn 3.4468355 5.1513505 0.2467659
v 0.2227688 -1.7202077 -6.4779968
vn -6.2274446 0.1473180 0.5165944
v 0.3051062 -0.7495070 -6.4779968
vn 2.9756982 -5.0101709 -1.8259244
v 0.4497194 0.1940455 -6.4779968
vn -6.1836691 0.6503560 0.6800086
v 0.3116612 -0.6360316 -6.4779968
vn -0.3605539 -4.8689232 -1.3584149
v 0.5631948 0.2482166 -6.4779968
vn -0.2716027 5.3382664 -1.4639213
v 0.5631948 -1.9241333 -6.4779968
vn -6.1274600 1.1083000 0.6475787
v 0.3282561 -0.5225563 -6.4779968
vn -4.6572318 -2.5046167 -0.7233794
v 0.6797434 0.1672797 -6.4763384
vn -3.7283080 2.6197567 -1.9318631
v 0.6485109 -1.8842607 -6.4779968
vn 2.7868023 4.7489605 -2.0727849
v 0.4500143 -1.8840199 -6.4787140
vn -4.8366809 -1.0611749 -2.2249851
v 0.6617403 -1.7707853 -6.4779968
vn 2.0350041 5.8753314 0.7417596
v -0.0041823 -1.6026952 -6.4779968
vn 1.1315029 6.1223540 0.7147578
v -0.1176577 -1.5707803 -6.4779968
vn 2.8292971 5.5308824 0.6076835
v 0.1193512 -1.6565468 -6.4780130
vn -6.1877980 -0.8738733 0.3738506
v 0.3210921 -1.0899334 -6.4779968
vn -6.2287006 -0.4269288 0.3566238
v 0.3105021 -0.9764576 -6.4779968
vn -6.2408657 -0.1456795 0.3294848
v 0.3057866 -0.8629823 -6.4779968
vn 0.3259367 6.2322679 0.5907946
v -0.2419657 -1.5587229 -6.4792624
vn -4.9993134 -3.3485413 -1.5543838
v 0.5878136 -1.6581618 -6.4781809
vn -5.0784640 -3.2126074 -0.9379092
v 0.5144377 -1.5438347 -6.4779968
vn -5.3987813 -3.0875254 0.0138153
v 0.4478893 -1.4436677 -6.4775906
vn -5.7530746 -2.4128461 0.2410690
v 0.3832717 -1.3168838 -6.4779968
vn -5.8722239 1.9515858 0.7252735
v 0.3351188 -0.4061062 -6.5889978
vn -5.9775343 -1.6128323 0.9998310
v 0.3362441 -1.2034087 -6.5218172
vn 1.9887846 -5.7149844 -1.5345013
v 0.0497437 -0.0686550 -6.3645215
vn 2.4001656 -5.5594583 -1.5957909
v 0.1092935 -0.0471087 -6.3645215
vn 2.2017276 -5.2694526 -2.2673383
v 0.2227688 0.0100055 -6.3645215
vn 1.9107913 -4.9288516 -3.1138647
v 0.3069806 0.0448203 -6.3645215
vn 1.1177939 -4.9233155 -3.6341052
v 0.3362441 0.0524364 -6.3645215
vn -5.8443165 1.9485081 -0.9719529
v 0.3567204 -0.4090810 -6.3645215
vn -5.9412165 1.4488224 -1.0477976
v 0.3362441 -0.4867520 -6.3645215
vn -4.2621632 1.5166087 -3.9799936
v 0.4922695 -0.0686550 -6.3645215
vn -5.5410986 2.3489971 -1.4968127
v 0.4019165 -0.2956057 -6.3645215
vn -1.3800080 1.7017409 -5.5984745
v 0.5566392 0.0448203 -6.3645215
vn 1.5555629 -2.7083783 -5.2347803
v 0.4497194 0.0878959 -6.3645215
vn -2.0922828 1.5944086 -5.0834422
v 0.5631948 0.0481291 -6.3645215
vn -5.3643155 2.0148182 -2.1742287
v 0.4514187 -0.1847157 -6.3614774
vn 1.9948488 -2.7320836 -4.6453252
v 0.5257888 0.1582956 -6.3645215
vn -2.4895847 -1.1165278 -3.2313085
v 0.6290512 0.1582956 -6.3645215
vn 0.4520119 -3.6586900 -3.7077079
v 0.5631948 0.1828523 -6.3645215
vn 2.3343983 5.3131204 -2.1223946
v 0.2227688 -1.7000592 -6.3645215
vn 2.4887295 5.5285854 -1.4184800
v 0.1340976 -1.6573100 -6.3645215
vn 0.8762418 4.5599961 -3.9536946
v 0.3362441 -1.7455955 -6.3645215
vn -0.2979526 1.7669513 -5.9433260
v 0.4497194 -1.7647932 -6.3645215
vn -3.7319379 -0.9015596 -4.6663623
v 0.4965634 -1.6573100 -6.3645215
vn -5.9274850 -1.4457712 -1.2525954
v 0.3362063 -1.1984332 -6.3635874
vn -6.0600719 0.3136729 -1.3046442
v 0.3009507 -0.7516226 -6.3655229
vn -6.0323458 0.7238882 -1.2173921
v 0.3108363 -0.6360316 -6.3645215
vn -6.0165539 -0.8888023 -1.3016851
v 0.3159208 -1.0899334 -6.3645215
vn -5.9884133 1.1011373 -1.1201918
v 0.3287826 -0.5225563 -6.3645215
vn -6.0437174 -0.4591260 -1.3747659
v 0.3039641 -0.9764576 -6.3645215
vn 0.1040570 6.1799397 -0.8597938
v -0.3446083 -1.5564122 -6.3645215
vn -6.0604997 -0.0985882 -1.3609934
v 0.2991380 -0.8617982 -6.3655634
vn 0.4934640 6.1744814 -0.7448897
v -0.2311327 -1.5611989 -6.3645215
vn 1.1481586 6.0732307 -0.7982130
v -0.1176577 -1.5747387 -6.3645215
vn -5.3427644 -2.3194854 -2.1609898
v 0.4497194 -1.4898479 -6.3645215
vn 1.8101231 5.8502359 -1.0067236
v -0.0036018 -1.6052566 -6.3640938
vn -5.4368296 -2.4886935 -1.6949215
v 0.4233613 -1.4303594 -6.3645215
vn 2.2121863 5.6497655 -1.2316389
v 0.1092935 -1.6476369 -6.3645215
vn -5.6908665 -2.1100912 -1.4422894
v 0.3718328 -1.3168838 -6.3645215
vn -2.6648364 2.9547725 -4.3137250
v 0.5631948 0.0448203 -6.3661942
vn 1.6943142 5.3331585 -2.3809407
v 0.3362441 -1.7707853 -6.4019403
vn 2.7755978 -4.0603170 -3.4388838
v 0.4497194 0.1582956 -6.4120903
vn -0.7809758 2.6128497 -3.4023473
v 0.5631948 -1.8842607 -6.3951797
vn -4.5326700 -1.6927476 -1.8629856
v 0.6766701 0.1582956 -6.4471350
vn 0.9178560 3.1362565 -5.0448112
v 0.4497194 -1.7707853 -6.3668470
vn -2.5552387 -0.1215927 -4.8639584
v 0.5631948 -1.7707853 -6.3738165
vn -4.3442717 -2.7613049 -3.4011526
v 0.5631948 -1.6573100 -6.4307575
vn 1.5771980 -5.5983844 -2.3605337
v -0.0041823 -0.1341233 -6.2510462
vn 1.1296033 -5.4633002 -2.7607157
v 0.2207083 -0.0573724 -6.2454147
vn -1.0427102 -4.6525497 -3.7505655
v 0.3362441 -0.0473590 -6.2510462
vn -5.4776440 1.9047995 -2.4160635
v 0.3499880 -0.2956057 -6.2510462
vn -5.5110669 1.8258907 -2.3950291
v 0.3362441 -0.3353691 -6.2510462
vn -5.2106280 0.6241336 -3.1436000
v 0.3896875 -0.1821303 -6.2510462
vn -3.4191079 -2.4168990 -4.1677561
v 0.3704410 -0.0686550 -6.2510462
vn -5.5244670 -1.9394584 -2.2596524
v 0.3362441 -1.3504922 -6.2510462
vn -5.6680470 -1.4072690 -2.3094504
v 0.2953064 -1.2098163 -6.2504635
vn 0.5211999 5.9342008 -1.9757367
v -0.2336121 -1.5408051 -6.2882352
vn -5.1360450 0.1765304 -3.1504633
v 0.4022789 -1.5438347 -6.2510462
vn 2.0380068 5.5006514 -2.2402134
v 0.1092935 -1.5997572 -6.2510462
vn -5.4453540 -1.9969466 -2.4028459
v 0.3677611 -1.4303594 -6.2510462
vn 1.3973557 5.5291243 -2.4773624
v 0.2225816 -1.6535162 -6.2659864
vn -5.8652458 0.7058802 -2.0838339
v 0.2219916 -0.6295939 -6.1457658
vn -5.6977758 1.2157278 -2.3440084
v 0.2844353 -0.5225563 -6.2510462
vn 2.1210220 -5.3965440 -2.4098196
v 0.1115735 -0.0680989 -6.3112836
vn -1.6224616 4.3304629 -3.5210605
v 0.3363909 -1.6571078 -6.2535181
vn -3.2824697 1.5072262 -4.7901177
v 0.4497194 -1.6573100 -6.3297663
vn 0.2629792 -4.3363781 -4.3528519
v 0.3362441 0.0448203 -6.3555622
vn -5.6103725 1.7212226 -2.2335780
v 0.3360008 -0.4079791 -6.3012524
vn -3.8508396 -0.8424483 -4.4937778
v 0.4497194 -0.0686550 -6.3245497
vn -0.2773045 -1.2172577 -6.0178757
v 0.4497194 0.0448203 -6.3494816
vn 0.1569589 -0.9850069 -5.7975602
v 0.5631948 0.1582956 -6.3547430
vn 0.1714121 5.9457045 -2.0006855
v -0.3446662 -1.5394374 -6.3023958
vn -5.3259163 -1.3918691 -2.8083940
v 0.4702576 -1.5432732 -6.3646011
vn 1.0038435 5.8384342 -2.0817256
v -0.1010862 -1.5428799 -6.2503557
vn 0.0170887 -0.2374124 -6.2556634
v 0.5180430 0.0903764 -6.3603849
vn 1.2199709 -5.8255205 -1.9769726
v -0.0103092 -0.1821303 -6.1375709
vn 1.1039734 -5.8139353 -2.0649824
v -0.1099956 -0.1954016 -6.1609874
vn 1.4860209 -5.7089996 -2.1306736
v -0.0041823 -0.1807652 -6.1375709
vn 1.7963941 -5.5992451 -2.1741185
v 0.1092935 -0.1468682 -6.1375709
vn -5.6636834 1.6356376 -2.1414778
v 0.3057599 -0.2956057 -6.1375709
vn -0.1169475 -5.1711497 -2.7197440
v 0.2227688 -0.1040211 -6.1375709
vn -5.9242530 0.2787248 -2.0084743
v 0.2152890 -0.7487464 -6.1547804
vn -5.8131137 1.1733997 -1.9766960
v 0.2311373 -0.5219619 -6.1255341
vn -5.6666589 1.6858224 -2.0401015
v 0.2636027 -0.4090810 -6.1375709
vn -5.6200280 -1.9083973 -1.9921265
v 0.2785802 -1.3168838 -6.1375709
vn -5.7420006 -1.3585846 -2.0779037
v 0.2454395 -1.2034087 -6.1375709
vn -5.8525105 -0.8638361 -2.0590730
v 0.2253620 -1.0927516 -6.1387753
vn 0.1792027 5.9468393 -1.9252576
v -0.3446083 -1.4720027 -6.1375709
vn 0.6112157 5.8854437 -2.0567346
v -0.2311327 -1.4799731 -6.1375709
vn 1.0524141 5.8347197 -2.0469139
v -0.1173361 -1.4968544 -6.1376476
vn -5.9435329 -0.0441569 -1.9618449
v 0.2120415 -0.8597097 -6.1519690
vn -2.9629354 3.0458798 -3.5049238
v 0.3362441 -1.5670180 -6.1375709
vn 1.4667987 5.7511606 -2.0243003
v 0.0011127 -1.5319355 -6.1656876
vn -5.6703005 -1.3276169 -2.1891615
v 0.3362441 -1.4589133 -6.1375709
vn 0.4628464 5.5272856 -2.4599202
v 0.2227688 -1.5971932 -6.1375709
vn -5.5821371 1.7442381 -2.2905533
v 0.3362441 -0.2956057 -6.2186871
vn -4.7905455 -1.0814745 -2.8254259
v 0.3363959 -0.1820677 -6.1452703
vn -2.2913766 -3.5520535 -3.8669050
v 0.3362441 -0.0686550 -6.2252555
vn -5.5859365 -2.0938687 -1.9672399
v 0.3358766 -1.4309680 -6.1682353
vn -5.8922114 -0.4480776 -2.0812345
v 0.2195731 -0.9720842 -6.1597042
vn 1.4775876 -5.9727502 -1.1444067
v -0.0041823 -0.2114449 -6.0240955
vn 1.2005820 -5.9931378 -1.2614353
v -0.1176577 -0.2387261 -6.0240955
vn -5.9122930 1.0387172 -1.6915132
v 0.2671218 -0.2956057 -6.0240955
vn -4.1465960 -2.1379735 -2.1945200
v 0.2825084 -0.1821303 -6.0240955
vn -0.4567132 -5.7161808 -1.9309877
v 0.2227688 -0.1557593 -6.0240955
vn -5.6878834 -0.7168077 -2.0377941
v 0.2881269 -1.4303594 -6.0240955
vn -5.8381252 -1.8788350 -1.1887121
v 0.2451916 -1.3168838 -6.0240955
vn -5.9356241 -1.4536796 -1.2710571
v 0.2151492 -1.2053943 -6.0348868
vn 0.3117334 6.1326737 -1.0038838
v -0.2311327 -1.4475834 -6.0240955
vn -6.0266047 -0.8744996 -1.3675172
v 0.1898813 -1.0899334 -6.0240955
vn 1.0712636 5.9954805 -1.3019177
v -0.1176577 -1.4602389 -6.0240955
vn -6.1271739 -0.1609850 -1.1166497
v 0.1804347 -0.9764576 -6.0240955
vn 1.5784441 5.9156480 -1.2447717
v -0.0041823 -1.4872952 -6.0240955
vn -6.1750331 0.1036700 -0.8704652
v 0.1812883 -0.7508809 -6.0243697
vn 0.3530751 5.8906045 -1.8880084
v 0.2227688 -1.5540037 -6.0240955
vn 1.6690282 5.8527761 -1.4978883
v 0.1674671 -1.5420147 -6.0333123
vn -2.8199844 2.2467892 -2.6365533
v 0.2922587 -1.5438347 -6.0240955
vn -6.0938644 0.5521625 -1.1484218
v 0.1853614 -0.6360316 -6.0240955
vn -6.0250969 1.2278060 -1.1781006
v 0.2046375 -0.5225563 -6.0240955
vn -5.9240031 1.6405631 -1.1603491
v 0.2304310 -0.4141045 -6.0235696
vn 0.1029197 -6.1617436 -0.8914495
v -0.3446083 -0.2622628 -6.0240955
vn 0.6191208 -6.0825186 -1.1649417
v -0.2311327 -0.2566767 -6.0240955
vn 1.4054472 -5.8528271 -1.7509857
v -0.0041823 -0.1821303 -6.1335173
vn 1.8424456 5.6654348 -1.9416400
v 0.0963726 -1.5471578 -6.1311331
vn -4.4134903 1.8872830 -2.9956622
v 0.3356496 -1.5441966 -6.1222372
vn -6.1831818 0.3423187 -0.2505166
v 0.1715083 -0.6360316 -5.9106197
vn -6.1156669 1.2372775 -0.4234374
v 0.1895709 -0.5225563 -5.9106197
vn -6.0650940 1.6216711 -0.2455524
v 0.2219427 -0.4060731 -5.9106197
vn -6.1126199 0.0728737 -0.5100492
v 0.2501259 -0.2956057 -5.9106197
vn 0.1517928 -6.2643347 0.3343028
v -0.4580836 -0.2624683 -5.9106197
vn -0.2332608 -6.2496033 -0.0484985
v -0.5715590 -0.2661247 -5.9106197
vn -0.1201459 -6.2547460 0.3975521
v -0.3446083 -0.2632771 -5.9106197
vn 0.3394766 -6.2228580 0.0759325
v -0.2311327 -0.2657418 -5.9106197
vn 1.0681733 -6.1377382 -0.3337589
v -0.1176577 -0.2528272 -5.9106197
vn 1.5810906 -6.0599546 -0.4469861
v -0.0041823 -0.2234888 -5.9106197
vn -6.2634554 -0.2297025 0.0595017
v 0.1768074 -0.7495070 -5.9106197
vn -5.8962812 0.3505655 -0.5962636
v 0.2674131 -1.4303594 -5.9106197
vn 1.0672898 -6.1625991 -0.4278717
v 0.1092935 -0.1936154 -5.9106197
vn -6.0310702 -1.6200635 -0.5461208
v 0.1962366 -1.1985251 -5.9000244
vn -6.1323833 -0.7636187 -0.5359511
v 0.1710320 -1.0899334 -5.9106197
vn -0.1926693 6.2693343 0.2452076
v -0.3446083 -1.4471722 -5.9106197
vn -6.2462025 0.2654103 -0.2259026
v 0.1702237 -0.9764576 -5.9106197
vn -0.0919544 6.2589045 -0.1556845
v -0.2311327 -1.4403379 -5.9106197
vn -6.2715855 0.2004468 0.0903779
v 0.1807156 -0.8629823 -5.9106197
vn 0.9200100 6.1533723 -0.4597801
v -0.1176577 -1.4456956 -5.9106197
vn 1.6850981 6.0175166 -0.5043519
v -0.0041823 -1.4731865 -5.9106197
vn 1.5865816 6.0500598 -0.5239504
v 0.1092935 -1.5091238 -5.9106197
vn -2.3218305 4.3668909 -0.4813309
v 0.2227688 -1.5322661 -5.9106197
vn -6.0315123 1.6511590 -0.5566611
v 0.2227688 -0.4090810 -5.9458380
vn 1.3767711 -5.9780107 -1.2851992
v 0.1095359 -0.1818406 -6.0217061
vn -2.6652429 -4.0524931 -1.0360429
v 0.2227508 -0.1821865 -5.9196997
vn -1.5297163 4.7900400 -1.9144435
v 0.2227688 -1.5438347 -5.9855824
vn -6.2458191 0.0428221 0.2740932
v 0.1760578 -0.6360316 -5.7971449
vn -6.1585288 1.0215977 -0.1541417
v 0.1850724 -0.5225563 -5.7971449
vn -6.0676270 1.6124320 -0.2268983
v 0.2233265 -0.3867957 -5.7981472
vn -6.1162834 0.1034923 -0.2143469
v 0.2460051 -0.2956057 -5.7971449
vn 0.4927049 -6.1885490 0.9022533
v -0.4580836 -0.2474589 -5.7971449
vn 0.2840864 -6.2437139 0.3553483
v -0.5715590 -0.2617407 -5.7971449
vn -0.7420116 -6.1953006 -0.1366186
v -0.6850343 -0.2599792 -5.7971449
vn -0.2648689 -6.1812463 1.0285813
v -0.3446083 -0.2450390 -5.7971449
vn -6.2428293 -0.3858697 0.5198774
v 0.1872745 -0.7495070 -5.7971449
vn -0.2264335 -6.2394276 0.5400131
v -0.2311327 -0.2559180 -5.7971449
vn 0.7013935 -6.2062736 -0.1038017
v -0.1176577 -0.2547598 -5.7971449
vn -5.9511585 0.2628328 -0.3771332
v 0.2595258 -1.4303594 -5.7971449
vn -5.9990091 -1.7906449 -0.5145487
v 0.2287414 -1.2977762 -5.9183002
vn 1.5957354 -6.0690227 -0.2935152
v -0.0041823 -0.2282228 -5.7971449
vn -2.8408027 -3.8157759 -0.2380497
v 0.2227688 -0.1895556 -5.7971449
vn -6.1915736 -0.4679925 -0.1014178
v 0.1663785 -1.0899334 -5.7971449
vn -6.2338929 0.5680314 0.2894858
v 0.1721892 -0.9764576 -5.7971449
vn -0.4149891 6.2616196 0.1518515
v -0.2311327 -1.4437878 -5.7971449
vn -6.2349844 0.4073662 0.4906200
v 0.1885233 -0.8629823 -5.7971449
vn 0.6453760 6.2050552 -0.1650399
v -0.1176577 -1.4416919 -5.7971449
vn 1.7175121 6.0289888 -0.3194313
v -0.0041823 -1.4677160 -5.7971449
vn 1.4800440 6.0752869 -0.2867545
v 0.1092935 -1.5057123 -5.7971449
vn -2.3425112 4.2414079 -0.3289011
v 0.2227688 -1.5250127 -5.7971449
vn -6.2331390 -0.4501244 0.3794811
v 0.1974516 -0.7495070 -5.6836691
vn -6.2581072 -0.3394480 0.1956919
v 0.1822481 -0.6360316 -5.6836691
vn -6.1734438 0.7576049 -0.1393709
v 0.1816854 -0.5225563 -5.6836691
vn -6.0789800 1.5674455 -0.2414205
v 0.2216530 -0.3691608 -5.6389723
vn -6.1405210 0.1663220 -0.2474805
v 0.2411838 -0.2956057 -5.6836691
vn 0.7294997 -6.1421471 0.9291161
v -0.4580836 -0.2280025 -5.6836691
vn 0.8754163 -6.1719208 0.6948199
v -0.5715590 -0.2510386 -5.6836691
vn -0.4185595 -6.1444755 0.8565638
v -0.3446083 -0.2228479 -5.6836691
vn -0.8678662 -6.1917491 0.5549797
v -0.2311327 -0.2415767 -5.6836691
vn 0.2412670 -6.2287092 0.0415089
v -0.1176577 -0.2549443 -5.6836691
vn -0.4388609 -6.2017126 0.2105729
v -0.6850343 -0.2599478 -5.6836691
vn -2.9777484 -3.7279811 -0.3013573
v 0.2227688 -0.1978812 -5.6836691
vn 1.4721533 -6.0916338 -0.2691340
v -0.0041823 -0.2352948 -5.6836691
vn 1.0254006 -6.1471853 -0.2753642
v 0.1075054 -0.1973873 -5.7756839
vn -6.0323730 0.1955464 -0.4291164
v 0.2503929 -1.4303594 -5.6836691
vn -6.0919652 -1.4374352 -0.2467385
v 0.1857076 -1.2034087 -5.6836691
vn -6.2464805 -0.0888842 0.1257660
v 0.1700120 -1.0899334 -5.6836691
vn -6.2186918 0.8038406 0.3633595
v 0.1827574 -0.9764576 -5.6836691
vn -6.2324839 0.3980462 0.3726139
v 0.1983933 -0.8629823 -5.6836691
vn 1.6589149 6.0361571 -0.3421144
v -0.0041823 -1.4604199 -5.6836691
vn 1.3861629 6.0704660 -0.4297546
v 0.1092935 -1.4999754 -5.6836691
vn -2.4903336 4.0875282 -0.4628528
v 0.2227688 -1.5150464 -5.6836691
vn -6.0239830 -1.7432008 -0.3500916
v 0.2233179 -1.3179879 -5.7052665
vn -6.1771278 -0.4648623 -0.3746403
v 0.2018108 -0.7495070 -5.5701942
vn -6.2475185 -0.5223097 -0.2892247
v 0.1845603 -0.6360316 -5.5701942
vn -6.1806469 0.6725928 -0.2242559
v 0.1790156 -0.5225563 -5.5701942
vn -6.1023688 1.4677877 -0.2595933
v 0.2190675 -0.3642327 -5.5438695
vn -6.2231445 0.2478156 0.3725033
v 0.2301456 -0.2930251 -5.4560633
vn -0.0138329 -6.2329674 0.0674577
v -0.6850343 -0.2549372 -5.5701942
vn 0.6266556 -6.1478629 0.0002135
v -0.4580836 -0.2141194 -5.5701942
vn 1.0686158 -6.1619825 0.2044481
v -0.5715590 -0.2357402 -5.5701942
vn -3.2988203 -3.6034944 -0.4046481
v 0.2227688 -0.2111726 -5.5701942
vn -0.6163895 -6.1303959 -0.2019973
v -0.3446083 -0.2133803 -5.5701942
vn 0.8242878 -6.1483326 -0.2897817
v 0.1092935 -0.2065020 -5.5701942
vn -1.0958552 -6.1581507 -0.2276280
v -0.2311327 -0.2358689 -5.5701942
vn -6.0639896 -1.6013563 -0.2915397
v 0.2201452 -1.3334894 -5.5664887
vn 0.0107313 -6.2249985 -0.1400362
v -0.1176577 -0.2559009 -5.5701942
vn -6.1345515 0.1327699 -0.3670831
v 0.2404718 -1.4303594 -5.5701942
vn 1.3375957 -6.1165419 -0.1614957
v -0.0041823 -0.2402654 -5.5701942
vn -6.1269422 -1.2229315 -0.2041071
v 0.1806211 -1.2034087 -5.5701942
vn -6.2531896 0.0172672 -0.2671333
v 0.1706271 -1.0899334 -5.5701942
vn 0.4463873 6.2130857 -0.2303221
v -0.1164584 -1.4366370 -5.6598792
vn 1.5352397 6.0713019 -0.2234094
v -0.0041823 -1.4545798 -5.5701942
vn -6.1708159 0.4315459 -0.4600374
v 0.2019403 -0.8635627 -5.5721912
vn 1.1869704 6.1103473 -0.3799168
v 0.1092935 -1.4917760 -5.5701942
vn -2.7980199 3.9479547 -0.4427115
v 0.2227688 -1.4999642 -5.5701942
vn -6.1509218 0.8800507 0.0176791
v 0.1748872 -0.5225563 -5.4567184
vn -6.1021328 1.4237021 0.2388256
v 0.2206358 -0.3419103 -5.4556193
vn 0.3368014 -6.1178927 -1.0859222
v -0.4580836 -0.2268581 -5.4567184
vn -0.0578056 -6.2361903 -0.1709314
v -0.6850343 -0.2569528 -5.4567184
vn 0.7678504 -6.1831179 -0.6654226
v -0.5715590 -0.2412496 -5.4567184
vn -0.6408764 -6.1071157 -1.2068424
v -0.3446083 -0.2320099 -5.4567184
vn -0.7308946 -6.1879444 -0.7754696
v -0.2311327 -0.2497773 -5.4567184
vn 0.3324066 -6.2209940 -0.1230010
v -0.1176577 -0.2597556 -5.4567184
vn 1.3566676 -6.1050444 0.1593122
v -0.0041823 -0.2418566 -5.4567184
vn 0.7425890 -6.1543322 0.3939382
v 0.1092935 -0.2099848 -5.4567184
vn -6.1767516 -0.1962061 -1.0318174
v 0.1836157 -0.7495070 -5.4567184
vn -6.2547588 -0.1798159 -0.4996868
v 0.1745033 -0.6360316 -5.4567184
vn -3.8848739 -3.4593756 0.5027113
v 0.2227688 -0.2241554 -5.4567184
vn -6.0454807 -1.5849777 0.4058225
v 0.2213200 -1.3532616 -5.4539027
vn -6.1729360 0.0776253 0.6619396
v 0.2354698 -1.4303594 -5.4567184
vn -6.0790768 -1.3205363 0.1996866
v 0.1769347 -1.2034087 -5.4567184
vn -6.2079825 -0.4097120 -0.1530115
v 0.1607833 -1.0899334 -5.4567184
vn -6.2002087 0.4841736 -0.7817646
v 0.1656065 -0.9764576 -5.4567184
vn -6.1527863 0.4815778 -1.1668199
v 0.1784267 -0.8629823 -5.4567184
vn 1.4858526 6.0637550 0.2557119
v -0.0041823 -1.4522238 -5.4567184
vn 1.0778483 6.1424637 0.3615606
v 0.1092935 -1.4865329 -5.4567184
vn -3.1553090 3.9866498 0.7019017
v 0.2227688 -1.4899569 -5.4567184
vn -6.0258431 1.1643801 1.0412334
v 0.1836309 -0.5225563 -5.3432431
vn -5.9229789 1.7203137 1.0474790
v 0.2216680 -0.3769502 -5.3428946
vn -5.6580925 1.0362749 2.1586366
v 0.2472520 -0.2956057 -5.3432431
vn 0.0670792 -6.2181640 -0.5947461
v -0.4580836 -0.2550488 -5.3432431
vn 0.1097922 -6.2415252 -0.1149353
v -0.5715590 -0.2582812 -5.3432431
vn -0.3203337 -6.2014642 -0.4775406
v -0.3446083 -0.2593331 -5.3432431
vn 0.0411732 -6.2199821 0.1196913
v -0.2311327 -0.2633948 -5.3432431
vn 0.8536972 -6.1251554 0.7491230
v -0.1176577 -0.2560282 -5.3432431
vn 1.5515097 -5.9746056 0.9746611
v -0.0041823 -0.2322373 -5.3432431
vn 1.7080810 -5.9303956 1.1210905
v 0.1092935 -0.1969385 -5.3432431
vn -0.6216361 -6.1608472 0.5750611
v -0.6850343 -0.2568951 -5.3432431
vn 1.0714417 -5.6249871 2.3701060
v 0.1652389 -0.1821303 -5.3432431
vn -2.2580636 -2.1936622 4.4538341
v 0.2404885 -0.1821303 -5.3432431
vn -6.1686192 0.1530653 0.2215721
v 0.1630759 -0.7495070 -5.3432431
vn -6.1487966 0.4827045 0.6711236
v 0.1685996 -0.6360316 -5.3432431
vn -5.4454269 -0.8266680 2.5186040
v 0.2653098 -1.4303594 -5.3432431
vn -5.9495258 -1.4274088 1.2535973
v 0.1915550 -1.2034087 -5.3432431
vn -6.0495915 -0.8443504 1.1662495
v 0.1688180 -1.0899334 -5.3432431
vn -6.1290417 -0.2031423 0.7449107
v 0.1585231 -0.9764576 -5.3432431
vn -6.1443486 0.2085433 0.2842819
v 0.1587687 -0.8629823 -5.3432431
vn 1.7600560 5.7680449 1.7045816
v 0.1092935 -1.5061576 -5.3432431
vn -1.0754049 4.2539463 3.5104775
v 0.2227688 -1.5403626 -5.3432431
vn -1.7317781 -3.9863372 3.8050961
v 0.2228434 -0.1822466 -5.3486166
vn -5.8350248 -1.8657871 1.2186704
v 0.2227777 -1.3157691 -5.3457556
vn 0.5568905 -6.1417513 1.1434834
v -0.2311327 -0.2471132 -5.2297678
vn 0.0596604 -6.2027636 0.8288028
v -0.3446083 -0.2533226 -5.2297678
vn 1.1453848 -6.1042743 0.8695647
v -0.1247767 -0.2079582 -5.1207857
vn 3.0457911 -5.1720309 1.7765636
v 0.1092935 -0.1623211 -5.2297678
vn -5.1843910 2.8798475 2.0531819
v 0.3023710 -0.2956057 -5.2297678
vn -4.9169216 2.8303561 2.5991871
v 0.3362441 -0.2406220 -5.2297678
vn -4.4971614 1.5418689 3.6313260
v 0.3708315 -0.1821303 -5.2297678
vn 1.8171362 -4.1929698 3.8561909
v 0.2227688 -0.0829678 -5.2297678
vn -2.7562807 -1.7920539 4.0935116
v 0.3843966 -0.0686550 -5.2297678
vn 1.4459181 -3.5323951 3.7264442
v 0.2443104 -0.0686550 -5.2297678
vn -1.8166022 2.4503827 3.8354180
v 0.3848114 -1.6573100 -5.2297678
vn -0.9959831 -6.0631199 1.2842990
v -0.6850343 -0.2340751 -5.2297678
vn -0.1961861 -4.1871881 3.7563841
v 0.3362441 -0.0445070 -5.2297678
vn -0.4315293 -6.1774802 0.9760808
v -0.5715590 -0.2476845 -5.2297678
vn -6.0862470 0.2483355 1.5045671
v 0.1873565 -0.7495070 -5.2297678
vn -6.0199332 0.7770109 1.6026797
v 0.1973438 -0.6360316 -5.2297678
vn -5.9184432 1.2995998 1.6448064
v 0.2241634 -0.4960304 -5.2205024
vn -0.0880908 -6.2150321 0.7147555
v -0.4580836 -0.2528734 -5.2297678
vn -6.0458980 -0.9214044 1.4036481
v 0.2186063 -1.0856586 -5.1811228
vn -5.9362831 -1.3309495 1.5402676
v 0.2239043 -1.2009344 -5.2302938
vn -6.0387917 -0.4463750 1.6679982
v 0.1917248 -0.9764576 -5.2297678
vn -6.0699229 -0.0581011 1.6004317
v 0.1861324 -0.8629823 -5.2297678
vn -4.3175263 -1.2093364 3.3372126
v 0.4006290 -1.5438347 -5.2297678
vn -5.5352764 -2.3457956 1.7192882
v 0.2584925 -1.3168838 -5.2297678
vn 2.3623891 -5.4742994 1.8472368
v 0.1092935 -0.1821303 -5.2872934
vn -3.6708951 -0.3277760 4.3382964
v 0.3362441 -0.1821303 -5.2668171
vn -0.5958234 -1.8355502 5.3937092
v 0.3362441 -0.0686550 -5.2454662
vn -0.2938020 3.5029411 4.1577892
v 0.3358861 -1.6603910 -5.2367635
vn -5.7393942 1.8227808 1.7044827
v 0.2236110 -0.4112442 -5.2959199
vn -2.9335423 0.9172139 4.3562250
v 0.3362441 -1.5438347 -5.2911701
vn 0.2995278 5.0419421 3.3093960
v 0.2227688 -1.5438347 -5.3381929
vn 0.6181161 -6.1799073 0.8969853
v -0.2311327 -0.2234154 -5.1162925
vn 0.1981405 -6.1968832 1.0013362
v -0.3446083 -0.2304430 -5.1162925
vn -6.1670036 0.4621292 1.0048674
v 0.2227688 -0.6731353 -5.1162925
vn 1.9726225 -5.8550272 1.0249004
v -0.0032051 -0.1806609 -5.1285214
vn -6.0596366 1.3127924 0.9288169
v 0.2440567 -0.5225563 -5.1162925
vn 3.2326119 -5.2509212 1.0818467
v 0.1092935 -0.1259451 -5.1162925
vn -5.7105603 2.3369188 1.0633093
v 0.2776513 -0.4090810 -5.1162925
vn 3.8165228 -4.8616133 0.9500480
v 0.1836247 -0.0686550 -5.1162925
vn 3.3067143 -4.9987135 1.1669483
v 0.2227688 -0.0359025 -5.1162925
vn -0.1408574 -6.2014399 0.9866586
v -0.4580836 -0.2311645 -5.1162925
vn 0.5320846 -4.8085890 1.5756750
v 0.3362441 0.0333004 -5.1162925
vn -0.5435318 -6.1868620 0.9083639
v -0.5715590 -0.2251964 -5.1162925
vn -5.7027621 0.6276862 0.8650016
v 0.4675517 -1.6573100 -5.1162925
vn -5.0391231 3.2188182 1.2531409
v 0.4290309 -0.1821303 -5.1162925
vn -6.0317545 -1.4987164 0.7958806
v 0.2488551 -1.2034087 -5.1162925
vn -5.4326453 2.0842843 1.3351914
v 0.4497194 -0.1450429 -5.1162925
vn -6.1765361 -0.7091907 0.8346491
v 0.2238331 -1.0532204 -5.1240954
vn -5.8268533 -0.0190401 1.0146252
v 0.4665580 -0.0686550 -5.1162925
vn -2.6557086 -2.9212098 1.6777730
v 0.4497194 0.0065169 -5.1162925
vn -5.6015296 -2.6540971 0.8928110
v 0.2890606 -1.3168838 -5.1162925
vn -5.2997284 -2.2562284 0.9628758
v 0.4494692 -1.5468545 -5.1162891
vn -5.1944671 -3.4061537 0.7851235
v 0.3424830 -1.4055609 -5.1172552
vn -5.1505618 3.3469164 1.1690025
v 0.3368402 -0.2975357 -5.1281447
vn 2.7385232 -5.0516701 2.1465330
v 0.2227688 -0.0686550 -5.2078991
vn -3.8151486 1.8161553 2.7086923
v 0.4497194 -1.6573100 -5.1691341
vn -4.2004509 -0.9629314 3.1054666
v 0.4497194 -0.0686550 -5.1630716
vn -6.0881972 0.8941570 1.1329311
v 0.2241962 -0.6413482 -5.1305833
vn -5.0110068 -2.8893950 2.2062640
v 0.3382713 -1.4406116 -5.2239733
vn 0.4655522 -6.1934900 0.7159731
v -0.2311327 -0.2153654 -5.0028172
vn 0.0433173 -6.2001982 0.9663831
v -0.3446083 -0.2165332 -5.0028172
vn 1.1022933 -6.1453819 0.5288916
v -0.1176577 -0.1998243 -5.0028172
vn 2.0923777 -5.8613739 0.4722527
v -0.0096791 -0.1747115 -5.0167785
vn 3.1818061 -5.3896499 0.3649358
v 0.1092935 -0.1141481 -5.0028172
vn 3.5873022 -5.1541104 0.0629451
v 0.1757550 -0.0686550 -5.0028172
vn 3.3669717 -5.2417979 -0.2723968
v 0.2227688 -0.0332956 -5.0028172
vn 0.8059802 -5.5373464 -0.7284485
v 0.3362441 0.0323462 -5.0028172
vn -5.3462834 3.2595747 0.1774940
v 0.3418532 -0.3017560 -5.0019193
vn -5.2362628 3.3952992 -0.2052536
v 0.4319777 -0.1821303 -5.0028172
vn -6.2093158 0.0167771 0.9063864
v 0.2313848 -0.7495070 -5.0028172
vn -5.7588568 2.0473514 -0.4824689
v 0.4497194 -0.1502657 -5.0028172
vn -6.1948385 0.5872313 0.6758028
v 0.2339439 -0.6360316 -5.0028172
vn -5.9002671 -0.0565500 -0.7412818
v 0.4678364 -0.0686550 -5.0028172
vn -6.0703397 1.4069470 0.5743054
v 0.2519822 -0.5225563 -5.0028172
vn -3.4041390 -3.4055309 -1.0413240
v 0.4497194 0.0060329 -5.0028172
vn -5.8063955 2.3055604 0.5190271
v 0.2887325 -0.4090810 -5.0028172
vn -5.7903819 -2.3108776 0.5609450
v 0.3050411 -1.3183887 -4.8900704
vn -0.0176129 -6.1937199 1.0050026
v -0.4580836 -0.2168407 -5.0028172
vn -6.0246196 -1.5972801 0.4447920
v 0.2542133 -1.2034087 -5.0028172
vn -6.1923447 -0.6550319 0.5680432
v 0.2340522 -1.0899334 -5.0028172
vn -6.2143617 -0.0940823 0.8094832
v 0.2292676 -0.9764576 -5.0028172
vn -6.1976748 0.0785139 0.9976747
v 0.2318349 -0.8629823 -5.0028172
vn -5.5862212 -2.1467533 -0.5398833
v 0.4492800 -1.5509927 -5.0026946
vn -5.3670139 -3.2488797 0.0871216
v 0.3433298 -1.4019547 -5.0027657
vn -6.1850934 -0.2349374 0.9819989
v 0.2208241 -0.9761708 -5.1131468
vn -6.1571174 0.1428644 1.1463423
v 0.2201421 -0.7528263 -5.1118774
vn -6.1607475 -0.0230402 1.1390290
v 0.2195453 -0.8612010 -5.1104493
vn 0.1177793 -6.1136403 1.2965101
v -0.2347409 -0.1971532 -4.8900862
vn 1.2906415 -6.0725856 0.8536866
v -0.0856419 -0.1821303 -4.8893418
vn 2.0911434 -5.8400669 0.6851279
v -0.0041823 -0.1613140 -4.8893418
vn 2.8280833 -5.5787148 0.2932404
v 0.1092935 -0.1099696 -4.8893418
vn -5.5211849 2.9123425 0.4025187
v 0.3451920 -0.3024062 -4.8807764
vn 2.6564832 -5.6600022 -0.2244099
v 0.2250001 -0.0418720 -4.8808150
vn -0.3496262 -5.4815187 -1.3113160
v 0.3362441 0.0021052 -4.8893418
vn -5.7475810 2.1206579 -0.4830155
v 0.4200864 -0.1821303 -4.8893418
vn -4.8787861 -2.1809464 -1.2292145
v 0.4355354 -0.0686550 -4.8893418
vn -6.0811801 -0.2197174 1.5454956
v 0.2545075 -0.7495070 -4.8893418
vn -6.0901480 0.3245313 1.2721863
v 0.2496152 -0.6360316 -4.8893418
vn -5.9822545 -1.4538076 0.9418340
v 0.2653303 -1.2034087 -4.8893418
vn -6.0135732 1.2641629 0.9849297
v 0.2637982 -0.5225563 -4.8893418
vn -6.0987096 -0.4371434 1.1256988
v 0.2471657 -1.0899334 -4.8893418
vn -5.8768997 2.0615878 0.7049465
v 0.2993941 -0.4090810 -4.8893418
vn -6.0914831 0.2294853 1.4356844
v 0.2493906 -0.9764576 -4.8893418
vn -6.0611739 0.1341503 1.6323878
v 0.2575231 -0.8629823 -4.8893418
vn -5.2108121 -1.2363677 -2.0362372
v 0.4497194 -0.0686550 -4.9363604
vn -0.2545357 -6.1401396 0.9616701
v -0.3446083 -0.1584635 -4.7758665
vn -0.1420703 -6.1840940 0.9011549
v -0.2311327 -0.1659966 -4.7758665
vn 0.4797457 -6.1989002 0.4643419
v -0.1176577 -0.1637640 -4.7758665
vn 1.7389477 -5.9695058 -0.1892094
v -0.0041823 -0.1434765 -4.7758665
vn 2.4544878 -5.7012095 -0.4820932
v 0.1092935 -0.1001172 -4.7758665
vn -5.5744848 2.7724578 -0.4167953
v 0.3592472 -0.2956057 -4.7758665
vn -5.7865362 2.2970092 -0.2793333
v 0.3362441 -0.3480411 -4.7758665
vn 2.9907188 -5.4626713 -0.5393043
v 0.1753154 -0.0686550 -4.7758665
vn -5.6998234 1.2226505 -0.7120996
v 0.4202023 -0.1821303 -4.7758665
vn 2.1428766 -5.6311431 -0.6810426
v 0.2227688 -0.0404754 -4.7758665
vn -4.7273326 -2.5537207 -1.1627517
v 0.4131837 -0.0686550 -4.7758665
vn -0.9066821 -5.4039345 -1.1202358
v 0.3362441 -0.0153880 -4.7758665
vn -6.1180258 -0.3388619 0.8569100
v 0.2894998 -0.7495070 -4.7758665
vn -6.1956806 -0.0743629 0.6012031
v 0.2807827 -0.6360316 -4.7758665
vn -6.1481857 0.9386485 0.0644642
v 0.2877688 -0.5225563 -4.7758665
vn -5.9549007 1.7428126 -0.2503829
v 0.3156009 -0.4090810 -4.7758665
vn -6.0975733 0.0979924 0.8967953
v 0.2931545 -0.8585366 -4.7763834
vn -0.1714779 -6.0799108 1.5657814
v -0.3378444 -0.1924587 -4.8908520
vn 0.7669696 -6.1258869 1.0104309
v -0.1204541 -0.1872174 -4.8818312
vn -0.4050366 -6.1256857 -0.9368204
v -0.2311327 -0.1635599 -4.6623912
vn -0.1679692 -5.9968596 -1.5678351
v -0.1176577 -0.1710701 -4.6623912
vn 0.8970718 -5.3980689 -2.7387877
v -0.0041823 -0.1669068 -4.6623912
vn 1.8236427 -4.4939442 -3.3826094
v 0.1092935 -0.1295791 -4.6623912
vn -0.8333460 -4.7518749 -2.8008184
v 0.3362441 -0.0527811 -4.6623912
vn -4.5097241 0.6893963 -2.9051962
v 0.3906803 -0.1821303 -4.6623912
vn -3.4414039 -2.6506326 -3.0396242
v 0.3645463 -0.0686550 -4.6623912
vn -6.0284572 -0.4196468 -1.2341927
v 0.2868047 -0.7495070 -4.6623912
vn -5.9520683 -0.6026901 -1.5298204
v 0.2751265 -0.6360316 -4.6623912
vn -5.6157146 0.2061214 -2.4202561
v 0.2704678 -0.5225563 -4.6623912
vn -4.7929111 1.1876601 -3.2803366
v 0.2895913 -0.4090810 -4.6623912
vn -4.3083730 2.1089699 -3.2836957
v 0.3376954 -0.2892801 -4.6630487
vn -3.9597254 -0.1603439 -4.8395219
v 0.2227688 -0.4090810 -4.6101332
vn -2.1580880 0.1667213 -5.7996917
v 0.2227688 -0.2956057 -4.6053643
vn 0.0727309 -4.6494031 -4.1825323
v -0.0041823 -0.1821303 -4.6443343
vn 0.6913148 -3.1593387 -5.3363924
v 0.1092935 -0.1821303 -4.6265097
vn -0.0907103 -1.6418854 -5.7079082
v 0.2227688 -0.1821303 -4.6045260
vn -2.1290388 -0.0885414 -5.2319512
v 0.3362441 -0.1821303 -4.6213803
vn 1.2886455 -4.0662889 -3.2448137
v 0.2227853 -0.0684993 -4.6621890
vn -0.8748430 -2.4967365 -4.9193525
v 0.3362441 -0.0686550 -4.6474404
vn 0.0840797 6.2685285 0.3132994
v -0.4580836 -1.4476962 -5.9106197
vn -0.0416916 6.2592692 0.0148264
v -0.5715590 -1.4434507 -5.9106197
vn 6.1376019 -1.2547204 -0.3450043
v -1.0137594 -1.2064322 -5.7952957
vn 6.2531919 -0.2321678 0.0016252
v -0.9979522 -1.0899334 -5.7971449
vn 6.2149096 0.6541588 0.6188104
v -1.0062182 -0.9764576 -5.7971449
vn 2.0976057 4.4930086 -0.4338157
v -1.0254605 -1.5273011 -5.7971449
vn 5.8316488 0.5336344 -0.4399173
v -1.0706083 -1.4304656 -5.7453141
vn 6.0683794 -1.5805540 -0.3881872
v -1.0408752 -1.3296506 -5.7139697
vn 0.2573417 6.2316279 0.5101840
v -0.4580836 -1.4611664 -5.7971449
vn 0.3319128 6.2655220 0.2171120
v -0.5715590 -1.4496391 -5.7971449
vn -0.4916688 6.2255893 0.4197364
v -0.3446083 -1.4588282 -5.7971449
vn -1.5557203 6.0643301 -0.3800773
v -0.9119852 -1.5034583 -5.7971449
vn -1.5166650 6.0797815 -0.2860094
v -0.7985096 -1.4677289 -5.7971449
vn -0.3227821 6.2296767 -0.1155002
v -0.6858625 -1.4442884 -5.7113910
vn 6.1823521 0.9802724 0.3903825
v -1.0241640 -0.9400691 -5.6856995
vn 6.2073202 0.2837286 0.4610767
v -1.0340060 -0.8625543 -5.6958690
vn 6.2205915 -0.6233509 0.0783664
v -1.0301003 -0.7463921 -5.6764588
vn 6.2452865 -0.5095715 -0.1022108
v -1.0113354 -0.6360316 -5.6836691
vn 6.2425547 0.2541990 -0.0021302
v -0.9978313 -1.0899334 -5.6836691
vn 3.2094846 -2.9980168 -1.1996912
v -1.0742807 -0.1821303 -5.6836691
vn 2.1289725 -4.5296860 -0.7071810
v -1.0254251 -0.1820638 -5.6005955
vn 2.2451894 4.4409504 -0.4835079
v -1.0254605 -1.5155034 -5.6836691
vn 0.2748140 6.2314425 0.0570020
v -0.4580836 -1.4676557 -5.6836691
vn 0.5921201 6.2536573 0.0522730
v -0.5715590 -1.4530063 -5.6836691
vn -0.6490053 6.2170386 -0.0310996
v -0.3446083 -1.4631124 -5.6836691
vn -0.6278688 6.2434101 -0.1345802
v -0.2311327 -1.4437952 -5.6836691
vn 6.1586742 -1.0758259 -0.2855426
v -1.0064163 -1.2048934 -5.6830139
vn -1.3901004 6.0967607 -0.4212341
v -0.9119852 -1.4960890 -5.6836691
vn 5.8528223 -0.2328616 -0.3545092
v -1.0746093 -0.2956057 -5.5701942
vn 6.1831369 0.1584266 -0.3510654
v -1.0371771 -0.8629823 -5.5701942
vn 6.2214303 -0.5079741 -0.4312945
v -1.0056982 -0.6360316 -5.5701942
vn 6.1867924 -0.8062413 -0.3868710
v -1.0282345 -0.7502205 -5.5700927
vn 6.1702642 -0.9489580 -0.1594771
v -1.0010374 -1.2034087 -5.5701942
vn 6.1439381 0.9942107 -0.0044638
v -1.0014566 -0.5234214 -5.4596658
vn 6.2264256 0.4148288 -0.1706018
v -0.9958143 -1.0899334 -5.5701942
vn 6.1544971 1.0329764 -0.2756302
v -1.0258676 -0.9510630 -5.5704336
vn -1.5182009 -6.0804844 -0.2222064
v -0.9167029 -0.2020638 -5.6011124
vn 2.5498147 4.3646641 -0.4169226
v -1.0254605 -1.5012536 -5.5701942
vn 5.9889026 0.5070561 -0.3429310
v -1.0548236 -1.4303594 -5.5701942
vn 0.1638229 6.1965370 -0.6247797
v -0.4580836 -1.4632525 -5.5701942
vn 0.5276618 6.2401104 -0.4015996
v -0.5715590 -1.4519203 -5.5701942
vn -0.6059592 6.2033663 -0.6032131
v -0.3446083 -1.4565928 -5.5701942
vn -0.5821708 6.2397966 -0.3499138
v -0.2311327 -1.4393778 -5.5701942
vn 6.1117764 -1.4365214 -0.2202105
v -1.0302643 -1.3166271 -5.5683708
vn -1.1737521 6.1430535 -0.3042515
v -0.9119852 -1.4891198 -5.5701942
vn -1.3439182 6.1147785 -0.2335390
v -0.7998303 -1.4594579 -5.6296296
vn -0.2191775 6.2431321 -0.2089798
v -0.6850343 -1.4419520 -5.5701942
vn 6.0241385 1.7286952 0.0988362
v -1.0267400 -0.4263696 -5.4567103
vn 6.1372604 -1.0162892 0.2476114
v -0.9995108 -1.2034087 -5.4567184
vn 5.9765859 -0.2190339 0.1526173
v -1.0679355 -0.2956057 -5.4567184
vn 6.2346768 0.1163338 -0.0846002
v -0.9916360 -1.0899334 -5.4567184
vn 6.1448121 -0.6157427 -1.1435642
v -1.0063534 -0.7495070 -5.4567184
vn 6.1813226 0.7468163 -0.7555941
v -1.0084200 -0.9764576 -5.4567184
vn -1.5074279 -6.0837545 0.1960110
v -0.9119852 -0.2072129 -5.4567184
vn 6.2055378 -0.0873474 -0.4880892
v -0.9932833 -0.6360316 -5.4567184
vn 6.1005278 -0.0552651 -1.4437748
v -1.0170252 -0.8629823 -5.4567184
vn 2.5334904 -4.3614306 0.1066926
v -1.0254605 -0.1894917 -5.4567184
vn -1.3769593 -6.0847492 0.0650517
v -0.7994637 -0.2433145 -5.4583097
vn 2.7866621 4.4917841 0.6520357
v -1.0254605 -1.4934592 -5.4567184
vn 6.0582166 0.4391105 0.6283150
v -1.0504889 -1.4303594 -5.4567184
vn -0.0194474 6.2196717 -0.8491128
v -0.4580836 -1.4443090 -5.4567184
vn 0.0901350 6.2630897 -0.4099388
v -0.5715590 -1.4405055 -5.4567184
vn 6.1136756 -1.3770387 0.3029870
v -1.0279112 -1.3154405 -5.4570270
vn -0.2844128 6.2432666 -0.3209859
v -0.2367802 -1.4297951 -5.4562788
vn -1.0939803 6.1574926 0.3278743
v -0.9119852 -1.4854062 -5.4567184
vn 0.5868710 6.2027788 0.0667667
v -0.1229325 -1.4304136 -5.4587340
vn -1.2986211 6.1103215 0.1761431
v -0.7985096 -1.4546530 -5.4567184
vn -0.3848816 6.2306232 0.0458377
v -0.6850343 -1.4381018 -5.4567184
vn 6.1444077 -0.8096811 -0.9083567
v -1.0254605 -0.7495070 -5.5469847
vn 6.0986471 0.0372471 -1.2209885
v -1.0254605 -0.8629823 -5.4877920
vn 5.8758159 1.8029510 1.0323061
v -1.0360483 -0.4206683 -5.3445010
vn 6.1533966 -0.4649798 0.8896905
v -0.9972913 -1.0899334 -5.3432431
vn 5.6265125 1.0832627 2.1270292
v -1.0831726 -0.2956057 -5.3432431
vn 6.2297173 0.0232701 0.2862536
v -0.9957354 -0.9764576 -5.3432431
vn 6.1805038 -0.1116578 0.2929494
v -0.9904523 -0.7495070 -5.3432431
vn 6.2058420 -0.0828166 -0.0075053
v -0.9941547 -0.8629823 -5.3432431
vn 6.1467400 0.5225442 0.7944161
v -0.9943044 -0.6360316 -5.3432431
vn -1.7251061 -5.7725239 1.6065800
v -0.9654303 -0.1817167 -5.3418083
vn 6.0635095 1.1921577 0.9276541
v -1.0111606 -0.5225563 -5.3432431
vn -1.5149174 -5.9873428 0.8382771
v -0.7985096 -0.2363901 -5.3432431
vn 2.8205063 -2.2679477 3.4438157
v -1.0960541 -0.1821303 -5.3432431
vn 0.9882649 4.6432467 3.1264007
v -1.0254605 -1.5339773 -5.3432431
vn -0.1109484 -5.6392083 2.5783324
v -1.0254605 -0.1675158 -5.3432431
vn 5.3903351 -0.4844401 2.6089971
v -1.0821354 -1.4303594 -5.3432431
vn 5.8601246 -1.6852387 1.3683165
v -1.0409204 -1.3160731 -5.3483715
vn -1.6703749 5.8426933 1.5390944
v -0.9119852 -1.5024202 -5.3432431
vn -0.3782784 6.2004399 0.3740698
v -0.5715590 -1.4338858 -5.3432431
vn -0.1722209 6.2293863 0.1895807
v -0.4529561 -1.4305372 -5.3426123
vn 0.9359211 6.0686283 1.0773700
v -0.1176577 -1.4410598 -5.3432431
vn 0.0731183 6.2008233 0.6112691
v -0.3388725 -1.4288591 -5.3280282
vn 1.6479015 5.8736944 1.2494495
v -0.0041823 -1.4649792 -5.3432431
vn -1.5163188 5.9438396 1.1342237
v -0.7985096 -1.4658835 -5.3432431
vn -0.7783217 6.1194849 0.8057599
v -0.6850343 -1.4436281 -5.3432431
vn 1.8689497 -4.6892757 1.9405234
v -1.0254605 -0.1821303 -5.3861647
vn -0.0439337 6.2337656 -0.5600243
v -0.3446083 -1.4303594 -5.4022408
vn 0.2649738 6.1820755 0.7000108
v -0.2318033 -1.4303615 -5.3433080
vn -0.2619394 6.2262502 -0.7570141
v -0.3280733 -1.4358877 -5.4440603
vn 1.3757937 2.4395101 4.0948439
v -1.1856647 -1.6573100 -5.2297678
vn -1.7085633 4.0789671 3.8385856
v -1.1241591 -1.6573100 -5.2297678
vn 6.1056223 -0.0340650 1.3735554
v -1.0109155 -0.8629823 -5.2297678
vn 6.0711155 0.2469853 1.5256100
v -1.0131111 -0.7495070 -5.2297678
vn 5.6081810 -2.1610250 1.7917829
v -1.0800796 -1.3168838 -5.2297678
vn 5.8886871 -1.4165878 1.6365669
v -1.0445321 -1.2034087 -5.2297678
vn 5.9092331 1.2961268 1.6778558
v -1.0409093 -0.5225563 -5.2297678
vn -2.2071536 4.7341256 2.9778743
v -1.0254605 -1.6082623 -5.2297678
vn 5.6560793 2.1036379 1.6792408
v -1.0721052 -0.4090810 -5.2297678
vn -1.6852208 5.8534093 1.5153410
v -0.7985096 -1.4980323 -5.2297678
vn 4.4838734 1.5121896 3.4126022
v -1.1953337 -0.1821303 -5.2297678
vn -1.0898913 6.0021667 1.4886941
v -0.6850343 -1.4718161 -5.2297678
vn 2.1812572 -2.0926566 3.8729024
v -1.2090394 -0.0686550 -5.2297678
vn -0.5679706 6.0912180 1.3880913
v -0.5715590 -1.4554110 -5.2297678
vn 5.1285295 2.7185283 2.3502350
v -1.1389358 -0.2767148 -5.2297678
vn -2.1337211 -4.9010954 2.7872586
v -1.0254605 -0.1025810 -5.2297678
vn -2.0378168 -3.9259272 3.7494302
v -1.0849950 -0.0686550 -5.2297678
vn 6.0472779 -0.7308389 1.5253729
v -1.0254412 -1.0903878 -5.2297349
vn -0.1625875 -4.7323713 3.5565543
v -1.1389358 -0.0515962 -5.2297678
vn 1.5464348 4.1145525 3.6810691
v 0.2931027 -1.6573100 -5.2297678
vn 6.0755920 -0.3269339 1.4965911
v -1.0150166 -0.9764576 -5.2297678
vn -2.4053307 -5.5747933 1.4968092
v -0.9098267 -0.1818954 -5.2618380
vn 4.2677269 -1.1285405 3.6688960
v -1.2011273 -1.5438347 -5.2297678
vn -0.1813508 6.1205816 1.3448882
v -0.4580836 -1.4484239 -5.2297678
vn 0.2150516 6.1038079 1.4389184
v -0.3446083 -1.4490135 -5.2297678
vn 0.5694098 6.0705247 1.4936181
v -0.2311327 -1.4565499 -5.2297678
vn 1.1257179 5.9641600 1.6073707
v -0.1176577 -1.4726982 -5.2297678
vn 2.6255989 5.3605585 1.8858039
v 0.1076423 -1.5439444 -5.2355347
vn 1.7985305 5.7903852 1.6156558
v -0.0041823 -1.5004303 -5.2297678
vn 2.1718025 4.6216655 2.9921172
v 0.2227688 -1.6241219 -5.2297678
vn 5.1991940 -2.5435710 2.3096380
v -1.1389867 -1.4315388 -5.2292395
vn 0.0062016 3.5011389 4.3328819
v -1.1384892 -1.6586051 -5.2325134
vn 5.9612594 -1.2882259 1.2646673
v -1.0166627 -1.2136087 -5.3309507
vn 5.9298916 1.2346985 1.5867260
v -1.0254605 -0.5225563 -5.2798719
vn -0.5053015 5.3150392 2.9805541
v -1.0254605 -1.5438347 -5.3257275
vn 3.7382600 -1.0393525 3.8282144
v -1.1389358 -0.1821303 -5.2932873
vn 0.2411104 -2.6550262 5.0161886
v -1.1389358 -0.0686550 -5.2456293
vn 2.8461676 1.2245080 4.3417296
v -1.1389358 -1.5438347 -5.2889977
vn 2.0189829 3.6990578 1.4614103
v -1.2524111 -1.7271931 -5.1162925
vn 5.3124986 0.6018230 1.2247082
v -1.2875090 -1.6573100 -5.1162925
vn -1.3373682 5.2183580 1.4119943
v -1.1389358 -1.7236280 -5.1162925
vn -3.3083231 5.0961614 1.1016853
v -1.0340658 -1.6570089 -5.1166353
vn 6.2034092 0.2921594 0.9277366
v -1.0396485 -0.7495070 -5.1162925
vn 6.1598415 0.7598444 0.8945910
v -1.0491519 -0.6360316 -5.1162925
vn 6.0201049 1.4530432 0.9439210
v -1.0702982 -0.5225563 -5.1162925
vn 5.7711992 2.1998613 1.0477246
v -1.1055298 -0.4090810 -5.1162925
vn 5.4709225 2.9175680 0.9378671
v -1.1389358 -0.3343434 -5.1162925
vn 5.1684961 3.3842666 1.0144807
v -1.1628711 -0.2956057 -5.1162925
vn 5.4302783 -0.1719564 1.1309078
v -1.2862186 -0.0686550 -5.1162925
vn 5.2518048 2.5947444 1.2063229
v -1.2516335 -0.1761151 -5.1164141
vn 1.9786083 -3.4073853 1.4480635
v -1.2524111 0.0169964 -5.1162925
vn -1.3123856 -5.2281594 1.4175060
v -1.1389358 0.0103879 -5.1162925
vn -1.7839814 -5.8848825 1.2246237
v -0.8118061 -0.1852703 -5.1326008
vn -2.8502216 -5.4721036 1.0520387
v -0.9119852 -0.1422329 -5.1162925
vn -3.4527884 -5.2136555 0.5234149
v -1.0186030 -0.0695944 -5.1152091
vn -1.0872163 -6.1154003 0.8793881
v -0.6850343 -0.2092900 -5.1162925
vn 3.2731681 5.3010278 0.3773849
v 0.2220344 -1.6593851 -5.1173763
vn 5.1154385 -3.4072957 1.1052339
v -1.1753852 -1.4303594 -5.1162925
vn 0.6522295 5.4084082 1.1242040
v 0.3362441 -1.7199547 -5.1162925
vn 5.4316068 -2.9672351 0.9862292
v -1.1389358 -1.3734477 -5.1162925
vn -2.7426546 3.7461364 1.2874149
v 0.4497194 -1.7011909 -5.1162925
vn 5.4400630 -2.5546110 0.8184814
v -1.2573181 -1.5423478 -5.1168423
vn -0.1316293 6.1389675 1.3139299
v -0.4580836 -1.4784620 -5.1162925
vn -0.4992474 6.1558771 1.1054007
v -0.5715590 -1.4834588 -5.1162925
vn 0.1871082 6.1373906 1.3135718
v -0.3446083 -1.4790914 -5.1162925
vn 5.7406793 -2.2953660 1.0141873
v -1.1126466 -1.3168838 -5.1162925
vn 0.5488873 6.1467323 1.1319419
v -0.2311327 -1.4850287 -5.1162925
vn 5.9855847 -1.5631455 1.0013889
v -1.0742242 -1.2034087 -5.1162925
vn 1.1566410 6.0807428 0.9980394
v -0.1176577 -1.5012414 -5.1162925
vn -3.0929594 5.3671188 0.9389131
v -0.9119852 -1.5671751 -5.1162925
vn 3.2117321 5.3044844 0.8923362
v 0.1092935 -1.5765760 -5.1162925
vn -2.2583489 5.7918096 0.8476433
v -0.8615046 -1.5438347 -5.1162925
vn -1.6088305 5.9998646 0.8558086
v -0.7985096 -1.5240922 -5.1162925
vn 2.1137137 5.8238049 0.9273457
v 0.0288975 -1.5371078 -5.1176987
vn -1.0662684 6.1106730 0.9149053
v -0.6850343 -1.4985490 -5.1162925
vn 6.1435070 -0.7941561 0.9737197
v -1.0526705 -1.0899334 -5.1162925
vn 6.1854677 -0.3567020 1.0202564
v -1.0422459 -0.9764576 -5.1162925
vn 6.1941242 -0.0991385 1.0350723
v -1.0386591 -0.8629823 -5.1162925
vn 3.4283237 1.7045592 3.2953703
v -1.2524111 -1.6573100 -5.1835952
vn 6.0951858 -0.0546925 1.5091250
v -1.0254605 -0.8629823 -5.1809831
vn 6.0861468 0.2975805 1.5136629
v -1.0254605 -0.7495070 -5.1891460
vn 6.0449133 0.7392669 1.5317180
v -1.0252712 -0.6221772 -5.2270741
vn 5.2895799 2.9258099 1.6921867
v -1.1387395 -0.2963018 -5.2013235
vn 3.1780391 5.1609788 1.3169979
v 0.2227688 -1.6573100 -5.1358838
vn 3.6942127 -1.3376224 3.0770168
v -1.2524111 -0.0686550 -5.1903219
vn 5.1340046 -2.3697474 2.1336594
v -1.2524111 -1.5438347 -5.1373014
vn -3.3567269 -5.0748014 1.4201660
v -1.0254605 -0.0686550 -5.1386495
vn -2.4878819 5.4887748 1.7074120
v -0.9136502 -1.5427831 -5.2210417
vn 6.0689158 -0.3584683 1.5739084
v -1.0254605 -0.9764576 -5.1955442
vn 2.5059154 4.1825037 -0.9307337
v -1.2524111 -1.7261147 -5.0028172
vn 5.5079107 0.7279261 -0.8308372
v -1.2885010 -1.6573100 -5.0028172
vn -1.6719385 5.6657410 -0.6083168
v -1.1389358 -1.7229733 -5.0028172
vn 6.1947775 0.0879244 0.9335966
v -1.0513499 -0.7495070 -5.0028172
vn 6.1777039 0.6237987 0.6407043
v -1.0552764 -0.6360316 -5.0028172
vn 6.0489888 1.5228853 0.5059649
v -1.0762665 -0.5225563 -5.0028172
vn 5.8695536 2.1934590 0.4059538
v -1.1147988 -0.4090810 -5.0028172
vn 3.0051308 5.4866571 -0.2107437
v 0.2211391 -1.6576526 -4.9796286
vn 5.6431646 2.7342725 0.3010225
v -1.1389358 -0.3524828 -5.0028172
vn 5.3265781 3.3212299 0.0956651
v -1.1709363 -0.2956057 -5.0028172
vn 0.5926759 5.5946879 -0.8130533
v 0.3362441 -1.7189829 -5.0028172
vn 5.6167512 -0.2002763 -0.8108333
v -1.2863801 -0.0686550 -5.0028172
vn 5.5722647 2.5336437 -0.4219370
v -1.2521588 -0.1775998 -5.0029178
vn -2.8979876 3.7460558 -1.3775219
v 0.4497194 -1.6972418 -5.0028172
vn -5.8074436 0.6204646 -0.9028252
v 0.4648442 -1.6573100 -5.0028172
vn 2.4887455 -3.8857617 -0.9068589
v -1.2524111 0.0164990 -5.0028172
vn 5.3044076 -3.3588066 0.0857863
v -1.1826119 -1.4303594 -5.0028172
vn -1.8029227 -5.6783748 -0.5836846
v -1.1389358 0.0090547 -5.0028172
vn 5.5447445 -2.5076149 -0.3891205
v -1.2600714 -1.5417764 -5.0026784
vn 5.7142735 -2.5244739 0.3968830
v -1.1290462 -1.3382540 -5.0069962
vn -2.7887235 -5.5879703 0.4239909
v -0.9119852 -0.1306648 -5.0028172
vn -3.3052750 5.3218021 -0.2025598
v -1.0318302 -1.6571475 -5.0030236
vn -3.1654999 -5.4192080 -0.0663828
v -1.0233951 -0.0633591 -5.0022254
vn 6.0196495 -1.5908552 0.6019524
v -1.0820277 -1.2034087 -5.0028172
vn -3.0081921 5.4867029 0.2362477
v -0.9119852 -1.5760288 -5.0028172
vn -1.0045390 -6.1560564 0.6007969
v -0.6850343 -0.2018547 -5.0028172
vn -1.8293598 -5.9619970 0.4997951
v -0.7948978 -0.1775384 -5.0028906
vn -1.8736544 5.9522452 0.4668745
v -0.8212679 -1.5370969 -5.0003972
vn -0.4198774 -6.1863475 0.7907866
v -0.5715590 -0.2162509 -5.0028172
vn -0.9402213 6.1493011 0.6097040
v -0.6850343 -1.5049362 -5.0028172
vn 0.0850475 6.1681690 1.1687768
v -0.4580836 -1.4975622 -5.0028172
vn -0.2328658 6.1918831 0.8425889
v -0.5715590 -1.4945815 -5.0028172
vn -0.0243173 6.1664062 1.1774077
v -0.3446083 -1.4980254 -5.0028172
vn 0.3278511 6.1879840 0.8480576
v -0.2311327 -1.4965596 -5.0028172
vn 6.1640272 -0.6810842 0.7205134
v -1.0601647 -1.0899334 -5.0028172
vn 1.0047450 6.1485624 0.6065799
v -0.1176577 -1.5092072 -5.0028172
vn 6.1910968 -0.1908996 0.9619310
v -1.0550747 -0.9764576 -5.0028172
vn 3.0716677 5.4528084 0.2479285
v 0.1092935 -1.5836427 -5.0028172
vn 6.1806021 -0.1282900 1.0967311
v -1.0545089 -0.8629823 -5.0028172
vn 1.9783847 5.9216452 0.4465460
v 0.0150218 -1.5411820 -5.0059414
vn -1.7657098 -5.9807854 0.6663095
v -0.7985096 -0.1821303 -5.0901003
vn -0.5257108 5.8100443 -1.0869687
v -1.1389358 -1.6981809 -4.8893418
vn 6.0749130 -0.2235065 1.5297973
v -1.0743313 -0.7495070 -4.8893418
vn 6.0730305 0.3747392 1.2608107
v -1.0709202 -0.6360316 -4.8893418
vn 6.0270915 1.2852421 0.9192222
v -1.0872910 -0.5225563 -4.8893418
vn -0.1633119 5.8817811 -0.7481396
v 0.3362441 -1.6937976 -4.8893418
vn 5.8944664 2.0748625 0.3713855
v -1.1250416 -0.3939807 -4.8961792
vn 5.5538144 2.9190230 0.0209563
v -1.1697929 -0.2956057 -4.8893418
vn -4.2119122 3.1693425 -1.1655296
v 0.4269452 -1.6573100 -4.8893418
vn 5.7819805 1.9411083 -0.5417958
v -1.2378573 -0.1821303 -4.8893418
vn 5.8711486 -1.6816288 -0.4720113
v -1.2458141 -1.5438347 -4.8893418
vn -2.7430766 5.6308584 -0.0699661
v -1.0395173 -1.6561824 -4.8845129
vn -0.4181626 -5.6884975 -1.1624032
v -1.1389358 -0.0136814 -4.8893418
vn 5.5388098 -2.9492211 0.0410006
v -1.1811261 -1.4303594 -4.8893418
vn -2.4703267 -5.7295556 0.4482358
v -0.9119852 -0.1233826 -4.8893418
vn 5.8580217 -2.1379333 0.4698205
v -1.1325169 -1.3298347 -4.8953061
vn -2.6387579 -5.6970696 -0.0495245
v -1.0264767 -0.0644044 -4.8880382
vn 6.0208926 -1.3403202 0.9602529
v -1.0955780 -1.2034087 -4.8893418
vn -1.7720139 -5.9449592 0.7968411
v -0.7985096 -0.1648602 -4.8893418
vn -1.1490600 -6.0812368 0.9852388
v -0.7212031 -0.1821303 -4.8893418
vn -2.6663482 5.6310258 0.3960950
v -0.9119852 -1.5797458 -4.8893418
vn -1.4749652 6.0376015 0.7097417
v -0.8005657 -1.5425649 -4.8787699
vn 0.2695566 6.0592861 1.6298441
v -0.4580836 -1.5252686 -4.8893418
vn 0.0812304 6.0917521 1.4167072
v -0.5715590 -1.5156503 -4.8893418
vn -0.6588602 6.1089516 1.0468223
v -0.6850343 -1.5191154 -4.8893418
vn 0.0158489 6.1043158 1.3580240
v -0.2311327 -1.5171301 -4.8893418
vn 6.0711336 -0.4663370 1.2936538
v -1.0775812 -1.0899334 -4.8893418
vn 0.7243453 6.1182036 1.0489230
v -0.1176577 -1.5235221 -4.8893418
vn -5.8295865 -1.7450836 -0.5351060
v 0.4281802 -1.5438347 -4.8893418
vn 6.0823264 0.0669539 1.5378108
v -1.0789711 -0.9764576 -4.8893418
vn 6.0514030 -0.1285037 1.6727400
v -1.0816293 -0.8629823 -4.8893418
vn 1.6461220 5.9827332 0.7547345
v -0.0070246 -1.5438451 -4.8977509
vn -5.5488920 -2.8890395 0.2441782
v 0.3424724 -1.4003487 -4.8930898
vn 2.7088401 5.6054935 0.4360490
v 0.1092935 -1.5879545 -4.8893418
vn 2.5763237 5.7003660 -0.0117291
v 0.2261583 -1.6572853 -4.8893433
vn 4.5515718 2.5282035 -1.7250270
v -1.2507459 -1.6569287 -4.8981628
vn 4.7536712 -1.9148557 -1.7357477
v -1.2523059 -0.0687095 -4.8922429
vn -4.4318132 2.2525907 -1.9179468
v 0.4497194 -1.6573100 -4.9523182
vn 5.7141123 -2.1025054 -0.8849303
v -1.2524111 -1.5438347 -4.9504657
vn 0.0831345 5.7520075 -0.9755718
v -1.1389358 -1.6867027 -4.7758665
vn 3.8106441 3.3063164 -1.4871676
v -1.2216251 -1.6573100 -4.7758665
vn 6.1876373 0.0154554 0.7422512
v -1.1040475 -0.6360316 -4.7758665
vn 6.1756020 0.5547651 -0.1169474
v -1.1090107 -0.5225563 -4.7758665
vn 0.0937717 -6.1276698 1.0015144
v -0.4580836 -0.1563334 -4.7758665
vn 0.1260278 -6.1607814 0.9921103
v -0.5715590 -0.1618252 -4.7758665
vn 5.9022112 1.7855713 -0.8000467
v -1.1337644 -0.3885988 -4.7761750
vn 5.5736465 2.6302910 -0.8814646
v -1.1711709 -0.2956057 -4.7758665
vn 2.0344582 5.8454237 0.0327299
v 0.2232039 -1.6602789 -4.7758660
vn -0.6404944 5.8168492 -0.8432193
v 0.3362441 -1.6828361 -4.7758665
vn 5.5989432 1.2658317 -1.0389810
v -1.2324967 -0.1821303 -4.7758665
vn -3.9995861 3.5562747 -1.4364723
v 0.3956380 -1.6573100 -4.7758665
vn 4.1974630 -2.7089415 -1.3726804
v -1.2262580 -0.0686550 -4.7758665
vn -2.5190043 5.6658087 -0.5775648
v -0.9119852 -1.5897474 -4.7758665
vn 0.4595216 -5.5860949 -0.9289235
v -1.1389358 -0.0252957 -4.7758665
vn 5.6693764 -1.0105245 -1.0794710
v -1.2397077 -1.5438347 -4.7758665
vn -2.2690377 5.6683893 -0.6791687
v -1.0377014 -1.6574446 -4.7758894
vn -2.2188401 -5.8254948 -0.1489931
v -1.0270261 -0.0597827 -4.7745409
vn -0.9847395 6.1579370 -0.0918943
v -0.7985096 -1.5555582 -4.7758665
vn -2.2706234 -5.7832670 -0.3580765
v -0.9119852 -0.1106429 -4.7758665
vn 5.6458158 -2.5030615 -0.6910993
v -1.1856413 -1.4303594 -4.7758665
vn -1.3732724 -6.0569620 -0.0977733
v -0.7985096 -0.1449585 -4.7758665
vn 0.3108598 6.2006555 0.6683574
v -0.5715590 -1.5468097 -4.7758665
vn 6.0018682 -1.7778618 0.2542873
v -1.1390666 -1.3167346 -4.7788911
vn -0.3465312 -6.1938930 0.5792681
v -0.6850343 -0.1608720 -4.7758665
vn 6.1611791 -0.8432085 -0.0243635
v -1.1169262 -1.2034087 -4.7758665
vn 6.1884193 -0.1256401 0.5936263
v -1.1098831 -1.0899334 -4.7758665
vn 6.1059995 -0.0529830 0.9001089
v -1.1175616 -0.8698533 -4.7753978
vn -5.8123307 -2.2314107 -0.3372583
v 0.3279978 -1.3444704 -4.7754431
vn -6.1121597 -1.1606944 0.0298252
v 0.2883754 -1.2034087 -4.7758665
vn -6.2031908 -0.0616982 0.6090665
v 0.2768369 -1.0899334 -4.7758665
vn -5.6581678 -0.7489064 -1.0904936
v 0.4232945 -1.5438347 -4.7758665
vn -5.5518913 -2.7379284 -0.5625667
v 0.3691249 -1.4303594 -4.7758665
vn 0.2157169 6.1657209 0.6578637
v -0.4580836 -1.5558300 -4.7758665
vn -0.2563236 6.1590133 0.6732539
v -0.3446083 -1.5552514 -4.7758665
vn -0.2481864 6.2202935 0.5764267
v -0.2311327 -1.5462952 -4.7758665
vn 0.4372008 6.2343149 0.4463983
v -0.1176577 -1.5459878 -4.7758665
vn 1.2829176 6.0839119 -0.1951559
v -0.0041823 -1.5619733 -4.7758665
vn 2.6382864 5.6267290 -0.3707179
v 0.1092935 -1.6013827 -4.7758665
vn -0.3112416 6.2249603 0.6088805
v -0.6851206 -1.5440031 -4.7759905
vn 0.2895692 6.0878234 1.5164479
v -0.5715590 -1.5438347 -4.7883606
vn -0.1052770 -6.0937586 1.4027876
v -0.5684437 -0.1962183 -4.8912053
vn 0.1044417 -6.0702343 1.6082098
v -0.4588599 -0.1920101 -4.8924470
vn -0.7082591 -6.1047311 1.1471568
v -0.6835293 -0.1872980 -4.8827386
vn 2.3370996 5.7807608 0.1732931
v 0.2227688 -1.6573100 -4.8272915
vn 0.2255422 6.0570807 1.6005073
v -0.4580836 -1.5438347 -4.8266320
vn -0.2458741 6.0769358 1.5576178
v -0.3423276 -1.5349916 -4.8558817
vn -0.1980493 6.1161628 1.4072556
v -0.2311327 -1.5438347 -4.7873087
vn 0.4861977 6.1536918 1.0942819
v -0.1176577 -1.5438347 -4.7886357
vn 0.1264989 -6.1219912 -0.7987279
v -0.4580836 -0.1526799 -4.6623912
vn 0.3434605 -6.1063409 -0.9676079
v -0.5715590 -0.1587615 -4.6623912
vn -0.3027115 -6.1281629 -0.7697649
v -0.3446083 -0.1547294 -4.6623912
vn 6.0379920 -0.4367436 -1.1366072
v -1.1114867 -0.7495070 -4.6623912
vn 5.9170256 -0.6561304 -1.6086131
v -1.0993631 -0.6360316 -4.6623912
vn 5.6211009 -0.5529362 -2.4675660
v -1.0869958 -0.5225563 -4.6623912
vn -2.0534930 4.5848150 -3.3501945
v -0.9119852 -1.5562088 -4.6623912
vn 4.7051249 0.7274410 -3.7028461
v -1.0887437 -0.4090810 -4.6623912
vn -1.5851111 4.0994811 -3.3540456
v -1.0254605 -1.6229286 -4.6623912
vn 0.2022445 4.8720555 -3.8566947
v -0.7985096 -1.5312264 -4.6623912
vn 3.7254410 1.6841321 -4.1805139
v -1.1382455 -0.2744768 -4.6629148
vn 4.1466379 0.5945283 -3.2803035
v -1.1923251 -0.1821303 -4.6623912
vn 0.3969451 5.7193179 -2.5231707
v -0.6850343 -1.5341837 -4.6623912
vn 1.5532467 -2.8943958 -3.2870946
v -1.1481929 -0.0670610 -4.6598110
vn -1.7077183 -3.8531933 -4.2175083
v -1.0254605 -0.0877175 -4.6623912
vn 5.4397130 0.1714621 -2.8433344
v -1.0924428 -1.2034087 -4.6623912
vn 1.5542562 3.0220528 -3.6497970
v -1.1389358 -1.6510737 -4.6623912
vn -0.6510330 -3.9451931 -3.7054677
v -1.0719016 -0.0686550 -4.6623912
vn 5.8788638 0.5365508 -1.8266313
v -1.1002226 -1.0899334 -4.6623912
vn 4.0887346 -0.0933487 -3.1103678
v -1.2047606 -1.5438347 -4.6623912
vn 6.0236793 0.4014296 -1.2715509
v -1.1113465 -0.9764576 -4.6623912
vn 4.6696301 -2.1697752 -3.1354165
v -1.1500037 -1.4303594 -4.6623912
vn 6.0556927 -0.0015754 -1.1097665
v -1.1163678 -0.8629823 -4.6623912
vn -1.5384768 -4.5105639 -3.5560822
v -0.9119852 -0.1417489 -4.6623912
vn 4.0172334 -2.0653536 -3.7589331
v -1.1389358 -1.4090602 -4.6623912
vn -0.5235221 -5.5245214 -2.5718789
v -0.7985096 -0.1660533 -4.6623912
vn 4.3983197 -0.8424690 -4.0040421
v -1.1042709 -1.3168838 -4.6623912
vn 0.2705350 -6.0019979 -1.4731066
v -0.6850343 -0.1660423 -4.6623912
vn -4.6070089 -1.2586985 -3.3880496
v 0.2934794 -1.3168838 -4.6623912
vn -5.5069394 -0.3506738 -2.5521672
v 0.2707291 -1.2034087 -4.6623912
vn -5.9295344 0.5175284 -1.5890583
v 0.2723784 -1.0899334 -4.6623912
vn -6.0055704 0.5355397 -1.2389925
v 0.2843089 -0.9764576 -4.6623912
vn -6.0291119 0.0761501 -1.1693175
v 0.2914996 -0.8629823 -4.6623912
vn -0.4528474 5.5234652 -2.8693099
v -0.1176577 -1.5320916 -4.6623912
vn -4.3250446 -0.0775657 -2.9420652
v 0.3900414 -1.5438347 -4.6623912
vn 2.1817341 4.3738680 -3.3882780
v 0.1092935 -1.5711327 -4.6623912
vn 0.2970010 5.3855009 -2.7116768
v -0.0024984 -1.5429280 -4.6724997
vn 1.2882179 4.0288177 -3.6583261
v 0.2227688 -1.6372736 -4.6623912
vn 1.1841179 4.3048658 -2.5203943
v -1.1389358 -1.6573100 -4.6702209
vn -0.2231171 5.8761907 -1.8947009
v -0.7985096 -1.5438347 -4.6834350
vn 0.0109448 6.1454577 -1.0106287
v -0.6850343 -1.5438347 -4.6912241
vn 5.3992510 1.6035385 -2.4735320
v -1.1389358 -0.2956057 -4.6745701
vn -2.0936728 -5.4711413 -1.6925143
v -1.0254605 -0.0686550 -4.6957636
vn 1.8804915 5.5360408 -1.2897296
v 0.2227688 -1.6573100 -4.7111425
vn -1.4047790 3.2713723 -2.9823809
v 0.3341556 -1.6546971 -4.6645808
vn -0.4667623 6.0238962 -1.3494384
v -0.2436543 -1.5437489 -4.6630011
vn 0.1117814 6.1123581 -1.1816906
v -0.1176577 -1.5438347 -4.6936202
vn 5.8975620 -1.6572317 -1.1275303
v -1.1389358 -1.3168838 -4.7506714
vn -2.7565823 -2.7040911 -4.7407513
v 0.1092935 -0.3768349 -4.5489159
vn -2.1799054 -3.7716196 -4.4020910
v 0.0115776 -0.2956057 -4.5489159
vn 1.4848027 5.2398872 -3.0993185
v -0.6850343 -1.4676237 -4.5489159
vn -4.8334408 -1.7254468 -3.5522525
v 0.1880412 -0.5225563 -4.5489159
vn -3.5061965 -1.7312253 -4.8136511
v 0.1332040 -0.4090810 -4.5489159
vn 5.7467728 -0.7059298 -2.4047596
v -1.0675337 -0.7495070 -4.5489159
vn 1.0437273 5.6373682 -2.5380273
v -0.5715590 -1.4985447 -4.5489159
vn 3.2715838 3.2317364 -4.2136312
v -0.9119852 -1.3375134 -4.5489159
vn 5.2028852 -1.6786617 -3.0735135
v -1.0254605 -0.5663590 -4.5489159
vn 3.5848370 2.6946783 -4.3741522
v -0.9301941 -1.3168838 -4.5489159
vn -0.3728746 -5.8581324 -2.1501799
v -0.3464964 -0.1848946 -4.5575728
vn -1.2460823 -5.6037550 -2.4947586
v -0.2311327 -0.2041392 -4.5489159
vn 3.7681239 -2.1212842 -4.4609561
v -0.9457974 -0.4090810 -4.5489159
vn -1.5700839 -5.1295919 -3.2172914
v -0.1176577 -0.2380056 -4.5489159
vn 2.4746811 -3.8046381 -4.2402701
v -0.8327377 -0.2956057 -4.5489159
vn 2.9941747 -2.9909267 -4.4826155
v -0.9119852 -0.3656960 -4.5489159
vn 5.1277070 1.7025235 -3.1794224
v -1.0254605 -1.1444669 -4.5489159
vn 2.1785984 -4.3496485 -3.9660325
v -0.7985096 -0.2751837 -4.5489159
vn 1.5155054 -5.1506944 -3.2254977
v -0.6850343 -0.2288008 -4.5489159
vn 5.7149115 0.7857637 -2.4709873
v -1.0644031 -0.9764576 -4.5489159
vn 5.8195410 0.0628394 -2.3207393
v -1.0744691 -0.8629823 -4.5489159
vn -5.5378714 -1.2245299 -2.6925361
v 0.2229005 -0.6364992 -4.5497441
vn -5.7482076 -0.7005151 -2.4070370
v 0.2326961 -0.7433923 -4.5274372
vn 0.3850916 5.7985687 -2.3065875
v -0.4580836 -1.5152140 -4.5489159
vn -0.5215416 5.7809238 -2.3186901
v -0.3446083 -1.5140300 -4.5489159
vn -1.1579838 5.5895166 -2.5922730
v -0.2311327 -1.4944570 -4.5489159
vn -2.1368616 4.6868277 -3.5411873
v -0.0438156 -1.4303594 -4.5489159
vn -2.3964887 4.2016826 -3.9334493
v -0.0041823 -1.4088078 -4.5489159
vn -4.6160598 1.8561718 -3.7363396
v 0.1767731 -1.2034087 -4.5489159
vn -5.5837550 1.1248877 -2.6411521
v 0.2227688 -1.0652914 -4.5489159
vn -5.8206682 0.0834362 -2.3246765
v 0.2267969 -0.8622211 -4.4952965
vn -1.2736938 -2.0268340 -5.6923132
v 0.1092935 -0.2956057 -4.5865531
vn -5.1297565 -0.7406077 -3.5346508
v 0.2227688 -0.5225563 -4.5945516
vn 4.7884998 -1.9780775 -3.5296030
v -1.0096184 -0.5236704 -4.5490465
vn 0.4396708 6.0337524 -1.3195939
v -0.5765538 -1.5438430 -4.6613150
vn 0.7802909 -5.7391977 -2.3445065
v -0.5783331 -0.1837955 -4.5864706
vn 4.0912113 -0.7213060 -4.6645169
v -1.0254605 -0.4090810 -4.6130276
vn 2.2473207 4.3938818 -3.8369796
v -0.7962298 -1.4258144 -4.5496068
vn 0.2288339 -5.8608470 -2.1678126
v -0.4566363 -0.1844124 -4.5554519
vn 2.1379037 -0.5637869 -5.7690015
v -1.0254605 -0.2956057 -4.6193848
vn 1.3238648 -0.2467037 -6.0696692
v -1.0254605 -1.4303594 -4.6138673
vn 1.6358786 0.2040841 -5.3728256
v -1.1389358 -0.1821303 -4.6295071
vn 3.3347993 0.9383515 -5.1539245
v -1.0254605 -1.3168838 -4.6121902
vn 2.0200219 -2.5614548 -5.3005476
v -0.9119852 -0.2956057 -4.5885000
vn -0.8361567 -5.7934589 -2.2089233
v -0.2311327 -0.1821303 -4.6017318
vn -0.0564035 -0.9602298 -5.8104439
v -1.0254605 -0.1821303 -4.6181459
vn 1.0849814 2.4954402 -5.4942923
v -0.9119852 -1.4303594 -4.6009235
vn -0.4314748 -5.5584669 -2.8741820
v -0.1176577 -0.1821303 -4.6380529
vn 4.5964589 2.0735106 -3.7068834
v -1.0014825 -1.2036431 -4.5489259
vn -0.0994381 -3.0075133 -5.4168324
v -0.9119852 -0.1821303 -4.6349659
vn 0.2805114 -4.7448606 -4.0627069
v -0.7985096 -0.1821303 -4.6419263
vn 0.5644532 -5.5846281 -2.7982986
v -0.6850343 -0.1821303 -4.6260247
vn -4.9145803 0.6914756 -3.8336289
v 0.2227688 -1.2034087 -4.6005077
vn -5.4295478 1.3598995 -2.8407035
v 0.2227373 -1.0886575 -4.5598021
vn 0.2961455 6.0397024 -1.1558229
v -0.4650606 -1.5530766 -4.6562133
vn -0.3836032 6.0325804 -1.1973203
v -0.3384721 -1.5516821 -4.6553726
vn -2.0274055 0.5009269 -5.1723948
v 0.3362441 -1.5438347 -4.6238990
vn -4.1280060 -1.9397771 -3.4518728
v 0.3349295 -1.4188424 -4.6615820
vn 1.1266168 4.5620813 -3.6370068
v 0.0461886 -1.5433481 -4.6617346
vn -1.7130661 4.0314822 -4.4209199
v -0.0041823 -1.4303594 -4.5710673
vn -0.9053993 2.1013646 -5.6998363
v 0.1092935 -1.4303594 -4.6033845
vn 0.2324511 1.7227467 -5.6408072
v 0.2227688 -1.5438347 -4.6111321
vn -1.2998652 -0.4412464 -6.0081820
v 0.2227688 -1.4303594 -4.6094122
vn -3.3802412 2.8914692 -4.3150120
v 0.1091788 -1.3167245 -4.5489607
vn -3.2926817 0.5078391 -5.2295322
v 0.2227688 -1.3168838 -4.6141238
vn 1.6593971 0.5550116 -5.2919483
v -1.1389358 -1.5438347 -4.6218829
vn -0.4435565 1.8869720 -5.6771755
v -1.0254605 -1.5438347 -4.6186972
vn 2.9404910 -1.8344362 -4.9729314
v -1.1389358 -1.4303594 -4.6520934
vn -1.2613822 4.3846202 -3.7204204
v -0.8791823 -1.5436559 -4.6621876
vn 5.2121449 -0.9551461 -3.2391446
v -1.0181777 -0.7495070 -4.4354401
vn 5.3654857 -0.3346368 -3.1134076
v -1.0254605 -0.8193765 -4.4354401
vn 1.7573760 5.1197805 -3.0681467
v -0.6327629 -1.4303594 -4.4354401
vn 4.9963288 -1.7417955 -3.2766013
v -0.9880850 -0.6360316 -4.4354401
vn 3.0160160 4.4553661 -3.2209287
v -0.7985096 -1.3416889 -4.4354401
vn 4.3561006 -2.6723464 -3.5303035
v -0.9171663 -0.5141346 -4.4152808
vn -4.4977102 -2.6071310 -3.3929379
v 0.1107461 -0.5214430 -4.4191170
vn 3.6062622 3.8590379 -3.3530297
v -0.8304851 -1.3168838 -4.4354401
vn -3.8150754 -3.5516024 -3.4639668
v 0.0364799 -0.4090810 -4.4354401
vn 2.1940165 -4.7268457 -3.3849533
v -0.6883538 -0.2955457 -4.4333129
vn 4.2826071 2.8450615 -3.4702225
v -0.9138662 -1.2065085 -4.4175453
vn -3.1058226 -4.2410283 -3.4143825
v -0.0041823 -0.3737397 -4.4354401
vn 3.7815762 -3.4923019 -3.5517466
v -0.8515270 -0.4090810 -4.4354401
vn 3.0391014 -4.1687946 -3.5359821
v -0.7985096 -0.3618097 -4.4354401
vn 1.2552778 -5.3158445 -3.0380185
v -0.5715590 -0.2558727 -4.4354401
vn 2.3236146 4.7970872 -3.1585922
v -0.6850343 -1.4104970 -4.4354401
vn 0.3777650 -5.4385757 -2.9918320
v -0.4580836 -0.2366939 -4.4354401
vn 5.3772950 0.3959878 -3.0934465
v -1.0254605 -0.8890414 -4.4354401
vn -0.4934297 -5.4412909 -2.9740143
v -0.3446083 -0.2380013 -4.4354401
vn -1.3960997 -5.3240967 -2.9727836
v -0.2311327 -0.2599649 -4.4354401
vn 4.9917655 1.8512846 -3.2206733
v -0.9837551 -1.0899334 -4.4354401
vn 5.2367411 1.0144660 -3.1693933
v -1.0157566 -0.9764576 -4.4354401
vn -5.3840232 -0.7796630 -2.9471979
v 0.1961532 -0.7495070 -4.4354401
vn -5.2057085 -1.5615507 -3.0414243
v 0.1692100 -0.6360316 -4.4354401
vn -5.1873264 1.8035673 -2.9804537
v 0.1600332 -1.0899334 -4.4354401
vn -5.3853321 0.9672115 -2.8980942
v 0.1922135 -0.9764576 -4.4354401
vn -5.4468660 0.0950656 -2.9493797
v 0.2028012 -0.8629823 -4.4354401
vn 0.3593805 5.5269542 -2.8617103
v -0.4580836 -1.4652190 -4.4354401
vn -0.5436692 5.4893265 -2.9059610
v -0.3446083 -1.4631417 -4.4354401
vn -1.7938309 5.0561991 -3.1479044
v -0.1915174 -1.4303594 -4.4354401
vn -2.2870064 4.7433615 -3.2907021
v -0.1176577 -1.4012103 -4.4354401
vn -4.3471260 -2.7480526 -3.5933909
v 0.1092935 -0.4090810 -4.5245247
vn -2.2692037 -4.7695518 -3.2835755
v -0.1231693 -0.2973842 -4.4354968
vn -2.2591166 -4.4698267 -3.7447698
v -0.0012907 -0.2950364 -4.5420899
vn 5.6137357 -0.9546074 -2.6013041
v -1.0254605 -0.7495070 -4.4502673
vn 5.4868631 -1.4355156 -2.6902819
v -1.0256729 -0.6349549 -4.5086956
vn 2.1346619 5.2168450 -2.7270103
v -0.6850343 -1.4303594 -4.4739809
vn 4.1161866 3.1679811 -3.5265121
v -0.9119852 -1.3168838 -4.5302653
vn 4.3104157 -3.0149708 -3.4304214
v -0.9119852 -0.4090810 -4.5100026
vn 2.4429173 -4.6469660 -3.4442916
v -0.7985096 -0.2956057 -4.5241723
vn 5.4622226 1.4529105 -2.7386441
v -1.0288421 -1.0975355 -4.5282784
vn 5.6282840 1.0146523 -2.5467288
v -1.0254605 -0.9764576 -4.4559307
vn -4.4579268 2.8160524 -3.3161893
v 0.1077019 -1.2016082 -4.4350910
vn -1.9148948 5.2272134 -2.9025800
v -0.1089910 -1.4503466 -4.5383215
vn -5.7182121 0.8813220 -2.4158986
v 0.2225381 -0.9766875 -4.5094833
vn 3.6386120 3.4984255 -3.7108173
v -0.7985096 -1.2271209 -4.3219647
vn 3.8372447 3.2620277 -3.7310379
v -0.8196583 -1.2034087 -4.3219647
vn 1.4198893 4.8365469 -3.7263558
v -0.5715590 -1.3620582 -4.3219647
vn 2.7640941 -4.2214365 -3.7204401
v -0.7095551 -0.4090810 -4.3219647
vn 2.2433589 -4.1803346 -4.0865579
v -0.6850343 -0.3939404 -4.3219647
vn 1.6872385 -4.8491774 -3.5832057
v -0.5715590 -0.3416743 -4.3219647
vn -4.6911578 -2.0783496 -3.5798407
v 0.0842376 -0.6360316 -4.3219647
vn -3.9312327 -2.6354330 -4.0793905
v 0.0204806 -0.5225563 -4.3219647
vn 4.7272825 2.1250453 -3.5175021
v -0.8981404 -1.0819911 -4.3213778
vn 5.0180197 1.4920075 -3.4606860
v -0.9119852 -1.0409551 -4.3219647
vn -5.2206049 -1.0901377 -3.3007612
v 0.1092935 -0.7242570 -4.3219647
vn -3.8695908 -3.2913382 -3.6635787
v -0.0041823 -0.4911952 -4.3219647
vn 5.0317307 0.0314643 -3.7344975
v -0.9410584 -0.8629823 -4.3219647
vn 0.3832162 5.1103449 -3.5854340
v -0.4580836 -1.3820448 -4.3219647
vn -0.8235595 5.0470514 -3.5981712
v -0.3446083 -1.3760028 -4.3219647
vn -1.4733652 4.6783609 -3.9189494
v -0.2311327 -1.3482780 -4.3219647
vn 5.0359993 -1.4202895 -3.4632506
v -0.9119852 -0.6777968 -4.3219647
vn -1.8487282 4.8167381 -3.5560799
v -0.1482677 -1.3168838 -4.3219647
vn 0.5266067 -5.1296778 -3.5564146
v -0.4580836 -0.3171229 -4.3219647
vn -2.4395847 4.5340734 -3.5591936
v -0.1236766 -1.3065854 -4.3208380
vn -0.6079677 -5.1247940 -3.5499194
v -0.3446083 -0.3182425 -4.3219647
vn 3.9728851 -3.0921764 -3.7331924
v -0.8295472 -0.5225563 -4.3219647
vn -3.7991836 2.8782763 -3.9952388
v 0.0065055 -1.2034087 -4.3219647
vn -1.7440395 -4.8784862 -3.5165827
v -0.2311327 -0.3444057 -4.3219647
vn -4.6876593 2.2748933 -3.4658384
v 0.0783567 -1.0899334 -4.3219647
vn 3.7446513 -3.3479223 -3.7493083
v -0.7985096 -0.4854188 -4.3219647
vn -5.2104077 1.2079380 -3.2784238
v 0.1092935 -0.9917970 -4.3219647
vn -3.7232821 3.4944749 -3.6189566
v -0.0041823 -1.2154298 -4.3219647
vn -5.4467192 0.0458361 -3.0907617
v 0.1085695 -0.8636418 -4.3025837
vn 1.3165817 5.0814009 -3.2701249
v -0.5741490 -1.4344561 -4.4106207
vn 3.1453931 3.9274259 -3.6420295
v -0.7985096 -1.3168838 -4.4021096
vn -4.6390438 -1.6878169 -3.7741666
v 0.1092935 -0.6360316 -4.3485875
vn 2.4495356 4.5194182 -3.5768323
v -0.6828551 -1.3165994 -4.3219585
vn 3.2106285 -3.6527719 -3.8756423
v -0.7985096 -0.4090810 -4.3831024
vn 1.3790293 -4.7995000 -3.7045784
v -0.5715590 -0.2956057 -4.3735461
vn 0.4303332 -4.9598188 -3.7643394
v -0.4580836 -0.2956057 -4.3478332
vn -0.5120364 -4.9574156 -3.7548592
v -0.3446083 -0.2956057 -4.3490219
vn -1.4783663 -4.8282022 -3.6233213
v -0.2311327 -0.2956057 -4.3776178
vn 5.3784227 0.0415087 -3.1264894
v -1.0256916 -0.8629820 -4.4341183
vn 0.3277132 5.0065346 -3.6696453
v -0.4580836 -1.4303594 -4.3777776
vn -0.6100608 4.9464784 -3.7188234
v -0.3446083 -1.4303594 -4.3826180
vn -1.4415646 5.0046988 -3.3374395
v -0.2279994 -1.4332975 -4.4203534
vn 4.7698979 -2.0056448 -3.5387299
v -0.9024517 -0.6439938 -4.3234739
vn -4.6471386 1.9441733 -3.6190097
v 0.1092935 -1.0899334 -4.3561406
vn -3.2958944 3.9405861 -3.4770920
v -0.0050060 -1.3163632 -4.4172831
vn 3.1252193 4.9202189 -2.2446427
v -0.6850343 -1.2383184 -4.2084894
vn 4.0124021 4.2058811 -2.3029931
v -0.7296839 -1.2034087 -4.2084894
vn 2.1887612 5.5802150 -1.7837511
v -0.5715590 -1.2990217 -4.2084894
vn 3.3497436 -4.7339559 -2.3205214
v -0.6850343 -0.4731455 -4.2084894
vn 4.6426034 3.4997523 -2.2995462
v -0.7985096 -1.1255474 -4.2084894
vn 5.1632528 2.6733716 -2.2692614
v -0.8204272 -1.0899334 -4.2084894
vn 5.6849208 1.4071624 -2.1784897
v -0.8684287 -0.9764576 -4.2084894
vn 5.9515862 0.0379815 -1.9207965
v -0.8839052 -0.8629823 -4.2084894
vn 5.7145419 -1.3057237 -2.1722343
v -0.8698928 -0.7495070 -4.2084894
vn 1.2619799 5.7793217 -2.0727463
v -0.5026877 -1.3168838 -4.2084894
vn 5.2234330 -2.5371563 -2.2979963
v -0.8251076 -0.6360316 -4.2084894
vn 0.6627375 -5.7963238 -2.2093341
v -0.4580836 -0.3807778 -4.2084894
vn -1.3515716 5.7752810 -1.9861608
v -0.3383081 -1.3168838 -4.2084894
vn -0.6818950 -5.8145485 -2.1484113
v -0.3446083 -0.3811803 -4.2084894
vn 4.7278457 -3.3752675 -2.3221169
v -0.7985096 -0.5898905 -4.2084894
vn -3.9373987 4.3149061 -2.2091014
v -0.0848107 -1.2034087 -4.2084894
vn -2.0264087 5.5877900 -1.9536713
v -0.2311327 -1.2878284 -4.2084894
vn -4.9518971 3.0872962 -2.1904397
v 0.0047583 -1.1032338 -4.2091436
vn 4.1969628 -4.0051351 -2.3346124
v -0.7425790 -0.5225563 -4.2084894
vn -3.1353755 4.9388118 -2.1650643
v -0.1176577 -1.2277617 -4.2084894
vn -2.1871338 -5.4498200 -2.1007645
v -0.2310513 -0.4090629 -4.2081623
vn -5.7364192 1.3716924 -2.0531309
v 0.0548368 -0.9764576 -4.2084894
vn -5.7744465 -1.2250342 -2.0420120
v 0.0568252 -0.7495070 -4.2084894
vn -5.9756513 0.0514587 -1.8537813
v 0.0696726 -0.8629823 -4.2084894
vn 3.7677188 3.3699882 -3.4823532
v -0.7985096 -1.2034087 -4.3042278
vn 1.8564548 5.2660809 -2.8162718
v -0.5715590 -1.3168838 -4.2582893
vn -5.3681097 -0.5382614 -3.1878266
v 0.1085363 -0.7486888 -4.3150396
vn 2.2317207 -4.6040440 -3.5539336
v -0.6850343 -0.4090810 -4.3077574
vn 5.3255696 0.7910928 -3.1963174
v -0.9116431 -0.9765671 -4.2995391
vn 5.5002580 0.0246389 -2.9854732
v -0.9119852 -0.8629823 -4.2804174
vn 5.3311729 -0.7527369 -3.1900904
v -0.9118783 -0.7485904 -4.2987809
vn -1.4252846 5.3110237 -2.8819668
v -0.2311327 -1.3168838 -4.2830052
vn 3.9194188 -3.3089757 -3.3434277
v -0.7985096 -0.5225563 -4.2940125
vn -4.1456270 2.8654106 -3.6548696
v -0.0041823 -1.2034087 -4.3134456
vn -5.3783188 0.6200082 -3.1659303
v 0.1085533 -0.9774100 -4.3168221
vn 2.2287695 5.7162971 -1.2145679
v -0.5715590 -1.2672524 -4.0950141
vn 5.9449396 1.6002427 -1.1080426
v -0.8391342 -0.9764576 -4.0950141
vn 5.1825504 3.2444499 -1.1688100
v -0.7966659 -1.0879987 -4.1116056
vn 0.6452684 6.1001148 -1.2020279
v -0.4580836 -1.2954423 -4.0950141
vn -0.9064039 6.0816193 -1.1209744
v -0.3446083 -1.2933013 -4.0950141
vn 6.1417823 0.0372522 -1.1591611
v -0.8550432 -0.8629823 -4.0950141
vn 5.9648137 -1.5225453 -1.1106710
v -0.8405032 -0.7495070 -4.0950141
vn -2.3017039 5.7179074 -1.0951840
v -0.2311327 -1.2613583 -4.0950141
vn 5.2743349 -3.1177609 -1.1659770
v -0.7972828 -0.6373825 -4.1018090
vn 1.3126936 -6.0247111 -1.1519078
v -0.4818544 -0.4090810 -4.0950141
vn 2.5494895 -5.5797715 -1.1644197
v -0.5715590 -0.4361553 -4.0950141
vn -5.9792538 1.4937333 -1.0537333
v 0.0310845 -0.9764576 -4.0950141
vn -6.1459570 0.0649533 -1.1251080
v 0.0460839 -0.8629823 -4.0950141
vn 4.3778315 -4.2939529 -1.3059980
v -0.7011681 -0.5225563 -4.0950141
vn 3.6804779 -4.9205308 -1.2652874
v -0.6850343 -0.5085974 -4.0950141
vn -5.2008519 3.1778955 -1.1203128
v -0.0053120 -1.0875151 -4.1289387
vn 0.2547530 5.8513880 -2.1903582
v -0.4589888 -1.3224924 -4.2090917
vn -0.5965504 5.8470759 -2.1268473
v -0.3446222 -1.3181047 -4.2089534
vn 2.1860952 -5.4096713 -2.2129443
v -0.5719254 -0.4089547 -4.2073603
vn -3.7290313 4.8587313 -1.0965197
v -0.1183776 -1.2026097 -4.1022701
vn 2.2373369 5.8139129 -0.6009071
v -0.5715590 -1.2503524 -3.9815388
vn 3.7698903 4.8975687 -0.5498343
v -0.6758350 -1.1967001 -3.9822736
vn 5.6362791 2.6562979 -0.6450257
v -0.7985096 -1.0477972 -3.9815388
vn 6.0391479 1.5442840 -0.5956132
v -0.8243830 -0.9764576 -3.9815388
vn 4.9963274 3.7078969 -0.6614826
v -0.7736914 -1.0899334 -3.9815388
vn 0.7146013 6.1732931 -0.5888880
v -0.4580836 -1.2798619 -3.9815388
vn -0.9632687 6.1410980 -0.6111423
v -0.3446083 -1.2772470 -3.9815388
vn 6.2132797 0.0538888 -0.5561931
v -0.8413684 -0.8629823 -3.9815388
vn -2.3308809 5.7812762 -0.6537716
v -0.2311327 -1.2434249 -3.9815388
vn 6.0704865 -1.4393120 -0.5226347
v -0.8265007 -0.7495070 -3.9815388
vn -3.2787476 5.2964549 -0.7071582
v -0.1523857 -1.2034087 -3.9815388
vn 5.7020741 -2.5626941 -0.4766081
v -0.7985096 -0.6698732 -3.9815388
vn 5.1150827 -3.5837934 -0.4453701
v -0.7796702 -0.6360316 -3.9815388
vn -4.1645589 4.6186581 -0.7473999
v -0.1176577 -1.1777043 -3.9815388
vn 4.0060182 -4.6824298 -0.3653953
v -0.6811972 -0.5241275 -3.8683805
vn -5.0241766 3.6339839 -0.8147308
v -0.0374279 -1.0899334 -3.9815388
vn -5.6933608 2.4867477 -0.7981169
v -0.0045560 -1.0311890 -3.9819531
vn 3.7897604 4.8229423 -1.0972865
v -0.6853943 -1.2033285 -4.0865693
vn 4.0833397 -4.6811495 -0.6182829
v -0.6850343 -0.5225563 -4.0260291
vn -0.9204475 -6.0577545 -1.1241024
v -0.3273285 -0.4092751 -4.0724616
vn 3.3268099 5.2458534 -0.6173024
v -0.6497908 -1.2034087 -3.8680634
vn 6.1776495 0.1015594 -0.5255302
v -0.8350413 -0.8629823 -3.8680634
vn 5.7302041 -2.4443011 -0.4916137
v -0.7985096 -0.6824107 -3.8680634
vn 5.1775479 -3.4388065 -0.4655327
v -0.7741864 -0.6360316 -3.8680634
vn -2.5720348 -4.3645487 -3.6610875
v -0.1038506 -0.4064103 -4.3199887
vn -3.3020906 -3.7625203 -3.6664515
v -0.0041823 -0.4090810 -4.3916039
vn -4.9182453 -3.2649050 -2.0635695
v -0.0041823 -0.5985236 -4.2084894
vn -4.3327975 -3.9325433 -2.1806958
v -0.0628757 -0.5225563 -4.2084894
vn -5.3543968 -2.3973417 -2.1010487
v 0.0158591 -0.6360316 -4.2084894
vn -3.4232354 -4.7469597 -2.1656570
v -0.1176577 -0.4733968 -4.2084894
vn -4.4301987 -2.6656845 -3.4208672
v -0.0041823 -0.5225563 -4.3005662
vn -1.9129488 -4.7566977 -3.4809594
v -0.1176577 -0.4090810 -4.3107181
vn -4.4730067 -4.2136149 -1.2244276
v -0.0959883 -0.5225563 -4.0950141
vn -6.0062799 -1.3606520 -1.0755243
v 0.0336523 -0.7495070 -4.0950141
vn -2.4823594 -5.5882368 -1.2018647
v -0.2311327 -0.4328146 -4.0950141
vn -5.3774686 -2.9234724 -1.1040822
v -0.0044943 -0.6367204 -4.1046305
vn 0.7997625 -6.1547422 -0.6655143
v -0.4580836 -0.4216247 -3.9815388
vn -6.0714135 1.3629214 -0.7366335
v 0.0131764 -0.9764576 -3.9815388
vn 2.5362866 -5.6690149 -0.5482773
v -0.5715590 -0.4531622 -3.9815388
vn -6.1981153 0.0432761 -0.7950337
v 0.0280385 -0.8629823 -3.9815388
vn -0.8683429 -6.1298079 -0.7738011
v -0.3446083 -0.4220920 -3.9815388
vn -6.0836267 -1.2708287 -0.8072033
v 0.0147405 -0.7495070 -3.9815388
vn -2.5823267 -5.6222277 -0.8211324
v -0.2301481 -0.4561867 -3.9794593
vn -5.7710629 -2.2977633 -0.8464611
v -0.0041823 -0.6871552 -3.9815388
vn -5.2123804 -3.3478739 -0.8717585
v -0.0295992 -0.6360316 -3.9815388
vn -4.0557704 -4.6422348 -0.9536823
v -0.1172065 -0.5227259 -4.0192981
vn 0.3714331 -6.1814466 -1.0297664
v -0.4579708 -0.4088234 -4.0793381
vn 2.2426345 5.7953582 -0.5333135
v -0.5715590 -1.2433195 -3.8680634
vn 5.6329570 2.6098065 -0.6769758
v -0.7985096 -1.0260887 -3.8680634
vn 6.0235367 1.5654137 -0.5721015
v -0.8161685 -0.9764576 -3.8680634
vn 2.3920004 -5.7139015 -0.4471768
v -0.5715590 -0.4591708 -3.8680634
vn 0.7256578 6.1323628 -0.5122324
v -0.4580836 -1.2742791 -3.8680634
vn -1.0062795 6.1056795 -0.5074646
v -0.3446083 -1.2710619 -3.8680634
vn -4.0744228 -4.6116333 -0.5976800
v -0.1242121 -0.5281523 -3.9137299
vn 4.2431211 4.5376463 -0.6560636
v -0.6850343 -1.1759920 -3.8680634
vn 0.7387600 -6.1487293 -0.4945538
v -0.4580836 -0.4291673 -3.8680634
vn 5.0327706 3.6237395 -0.6915537
v -0.7615919 -1.0899334 -3.8680634
vn -1.0996068 -6.1229315 -0.3484831
v -0.3457642 -0.4425588 -3.7566075
vn -2.3705652 5.7635422 -0.5217362
v -0.2311327 -1.2353358 -3.8680634
vn -3.3249433 5.2577229 -0.6055253
v -0.1690302 -1.2034087 -3.8680634
vn 6.0761628 -1.3598882 -0.4757716
v -0.8204730 -0.7495070 -3.8680634
vn -5.8308592 -2.1117833 -0.7899417
v -0.0041823 -0.7231255 -3.8680634
vn -5.2767186 -3.2350876 -0.7681967
v -0.0447583 -0.6360316 -3.8680634
vn -5.0903397 3.5103161 -0.7447814
v -0.0513086 -1.0899334 -3.8680634
vn -4.2019186 4.5744786 -0.6613573
v -0.1176577 -1.1643524 -3.8680634
vn -5.8222418 1.8759830 -0.7831177
v -0.0006118 -0.9858339 -3.8429635
vn 2.2823925 5.8076410 -0.5677266
v -0.5715590 -1.2287588 -3.7545881
vn 3.2864568 5.2882700 -0.6609846
v -0.6226525 -1.2034087 -3.7545881
vn 3.6037695 -5.0909653 -0.5185810
v -0.6602437 -0.5225563 -3.7545881
vn 2.4613159 -5.7292638 -0.4558035
v -0.5715590 -0.4721913 -3.7545881
vn 4.2558808 4.5348721 -0.7011799
v -0.6850343 -1.1557946 -3.7545881
vn 5.0957365 3.5515933 -0.7361911
v -0.7423162 -1.0899334 -3.7545881
vn -4.5696740 -4.2370758 -0.6159707
v -0.1176577 -0.5629401 -3.7545881
vn 0.7882188 6.1595907 -0.4992889
v -0.4580836 -1.2613368 -3.7545881
vn -3.6581371 -5.0476704 -0.5813406
v -0.1631393 -0.5225563 -3.7545881
vn 6.2060847 0.1800251 -0.4910970
v -0.8224709 -0.8629823 -3.7545881
vn -1.0171791 6.1318336 -0.4631318
v -0.3446083 -1.2590203 -3.7545881
vn 0.7654513 -6.1745429 -0.3295763
v -0.4580836 -0.4395761 -3.7545881
vn 6.1214266 -1.2775427 -0.4273458
v -0.8086417 -0.7495070 -3.7545881
vn -2.3980021 5.7724438 -0.4741660
v -0.2311327 -1.2227340 -3.7545881
vn -2.6634858 -5.6495929 -0.4658681
v -0.2311327 -0.4826241 -3.7545881
vn -3.3594377 5.2534447 -0.5868838
v -0.1936617 -1.2034087 -3.7545881
vn 5.8094320 -2.3022151 -0.5036232
v -0.7985096 -0.7160220 -3.7545881
vn -5.3211560 -3.2443094 -0.5583757
v -0.0618830 -0.6360316 -3.7545881
vn 5.2407298 -3.3642056 -0.5697832
v -0.7591991 -0.6360316 -3.7545881
vn 4.4912672 -4.3331556 -0.5349353
v -0.6850343 -0.5440440 -3.7545881
vn -6.2440157 0.0152098 -0.3412060
v 0.0060014 -0.8629143 -3.7541287
vn -4.2586312 4.5311770 -0.6930104
v -0.1176577 -1.1451030 -3.7545881
vn -5.1188540 3.5271349 -0.6616002
v -0.0698504 -1.0899334 -3.7545881
vn -5.9882832 -1.6607980 -0.4934833
v -0.0057479 -0.7543206 -3.7791412
vn -5.9090047 1.8245509 -0.5952830
v -0.0059043 -0.9719104 -3.7797301
vn 0.8810189 -6.1368117 0.0113741
v -0.4580836 -0.4405332 -3.6411128
vn 2.3986797 5.7826929 -0.2628407
v -0.5715590 -1.2207022 -3.6411128
vn 2.5976758 -5.6873860 -0.1642388
v -0.5715590 -0.4780383 -3.6411128
vn 3.3477571 5.2829056 -0.3470660
v -0.6050005 -1.2034087 -3.6411128
vn -1.2377688 -6.0800314 0.0086086
v -0.3446083 -0.4441061 -3.6411128
vn -2.8140557 -5.5931997 -0.1571349
v -0.2311327 -0.4884520 -3.6411128
vn -3.7442026 -5.0141959 -0.2527141
v -0.1759901 -0.5225563 -3.6411128
vn -5.8540730 -2.2029564 -0.0977337
v -0.0123401 -0.7495070 -3.6411128
vn -5.2616863 -3.3885546 -0.2349058
v -0.0703073 -0.6360316 -3.6411128
vn 3.6415343 -5.0871892 -0.2608110
v -0.6472838 -0.5225563 -3.6411128
vn 0.8653439 6.1543398 -0.1716024
v -0.4580836 -1.2560873 -3.6411128
vn -4.5927863 -4.2520881 -0.2922760
v -0.1176577 -0.5753403 -3.6411128
vn -1.0617964 6.1249204 -0.1621244
v -0.3446083 -1.2541962 -3.6411128
vn 4.2850103 4.5488238 -0.3952711
v -0.6850343 -1.1415792 -3.6411128
vn -2.9794240 5.4400868 -0.2935601
v -0.2194502 -1.2110704 -3.6408639
vn 5.0783548 3.6457984 -0.3133174
v -0.7304094 -1.0899334 -3.6411128
vn -5.0649853 3.6647291 -0.4037104
v -0.0829015 -1.0899334 -3.6411128
vn 5.9347091 -1.7954944 -0.1897872
v -0.8026794 -0.7403667 -3.6389241
vn 6.2117887 0.1831120 -0.1017303
v -0.8182933 -0.8629823 -3.6411128
vn -5.7478919 2.4382761 -0.2444696
v -0.0168338 -0.9764576 -3.6411128
vn -4.3378029 4.4986768 -0.4219218
v -0.1176577 -1.1301003 -3.6411128
vn -6.1598520 1.1486052 -0.1054889
v -0.0041823 -0.9317675 -3.6411128
vn -6.2607665 0.0513527 -0.0409768
v 0.0029597 -0.8629823 -3.6411128
vn -6.1801586 -1.0434669 -0.0472905
v -0.0041823 -0.7812037 -3.6411128
vn 5.2471666 -3.3951483 -0.2610658
v -0.7501500 -0.6360316 -3.6411128
vn 4.5183787 -4.3326268 -0.2865944
v -0.6850343 -0.5556011 -3.6411128
vn 5.8612137 2.0649486 -0.4632559
v -0.7981545 -0.9755638 -3.7162452
vn 2.4875188 5.7312346 -0.2203252
v -0.5715590 -1.2182689 -3.5276375
vn 3.4329400 5.2232113 -0.2574044
v -0.5988348 -1.2034087 -3.5276375
vn 5.8765750 -1.9020653 -0.1801696
v -0.8014388 -0.7407699 -3.5178328
vn 3.7094886 -5.0329227 -0.1972634
v -0.6432872 -0.5225563 -3.5276375
vn 5.2278495 -3.3997593 -0.2181571
v -0.7477589 -0.6360316 -3.5276375
vn 2.7049785 -5.6177073 -0.1209179
v -0.5715590 -0.4780822 -3.5276375
vn 4.4992347 -4.3435931 -0.2051775
v -0.6850343 -0.5591946 -3.5276375
vn 0.9466442 -6.0723038 -0.0075908
v -0.4580836 -0.4371891 -3.5276375
vn 0.9131556 6.1152964 -0.1515022
v -0.4580836 -1.2555852 -3.5276375
vn -1.3015691 -6.0099463 -0.0428228
v -0.3446083 -0.4407730 -3.5276375
vn -1.1043085 6.0859632 -0.1523201
v -0.3446083 -1.2536907 -3.5276375
vn -2.9241087 -5.5120974 -0.1512676
v -0.2311327 -0.4883204 -3.5276375
vn -3.8414187 -4.9271145 -0.2284327
v -0.1791034 -0.5225563 -3.5276375
vn -3.0705357 5.3535910 -0.3038108
v -0.2228135 -1.2094315 -3.5218227
vn -5.7892790 -2.3177054 -0.1010475
v -0.0113096 -0.7495070 -3.5276375
vn -4.5679922 -4.2710900 -0.2378682
v -0.1176577 -0.5792713 -3.5276375
vn 4.2386041 4.5830531 -0.3174086
v -0.6845226 -1.1330364 -3.4672112
vn 5.0025425 3.7440248 -0.2555044
v -0.7252218 -1.0887291 -3.4845665
vn -5.6098685 2.6884112 -0.2826940
v -0.0202361 -0.9777199 -3.4783261
vn -4.3607235 4.4723597 -0.3804703
v -0.1174442 -1.1197211 -3.4931781
vn -6.0835876 1.4053513 -0.0773802
v -0.0041823 -0.9343791 -3.5276375
vn -6.2408848 0.0730599 -0.0114782
v 0.0045290 -0.8629823 -3.5276375
vn -6.1379380 -1.1907047 -0.0471888
v -0.0041823 -0.7747827 -3.5276375
vn 5.7653751 2.2124698 -0.1080302
v -0.7977582 -0.9729738 -3.5282927
vn 6.1880670 0.1502626 -0.0449227
v -0.8187840 -0.8629823 -3.5276375
vn -2.9599118 -5.4981375 -0.4786575
v -0.2311327 -0.4966073 -3.4141622
vn -1.4022402 -5.9791279 -0.4245998
v -0.3446083 -0.4457345 -3.4141622
vn 2.9241483 5.4602094 -0.4252174
v -0.5776969 -1.2067134 -3.3842707
vn -3.7780652 -4.9602966 -0.5000384
v -0.1930106 -0.5215523 -3.4058657
vn -5.7145514 -2.4876261 -0.3534717
v -0.0156755 -0.7495070 -3.4141622
vn -5.1924024 -3.4658074 -0.2569523
v -0.0732853 -0.6355204 -3.5077221
vn 0.9719504 6.0907097 -0.3483891
v -0.4580836 -1.2509093 -3.4141622
vn -1.1713138 6.0571957 -0.3557353
v -0.3446083 -1.2489395 -3.4141622
vn 0.9625095 -6.0402746 -0.3501333
v -0.4580836 -0.4403529 -3.4141622
vn 6.1754074 0.1154184 -0.2489449
v -0.8165963 -0.8629823 -3.4141622
vn -6.0489826 1.4511807 -0.3526099
v -0.0041823 -0.9217510 -3.4141622
vn -4.9902220 3.7683249 -0.3084560
v -0.0886289 -1.0897653 -3.5313783
vn -6.2321744 0.1130814 -0.1924313
v 0.0032091 -0.8629823 -3.4141622
vn -6.0950904 -1.2809902 -0.2700349
v -0.0041823 -0.7849522 -3.4141622
vn 4.4996552 -4.3175044 -0.3807010
v -0.6854693 -0.5679133 -3.3988833
vn -2.8998148 -5.5235729 -0.5968270
v -0.2311327 -0.5083675 -3.3006868
vn -1.4704560 -5.9367552 -0.7584074
v -0.3446083 -0.4571495 -3.3006868
vn 3.6546850 -5.0666213 -0.3761467
v -0.6313859 -0.5219093 -3.3969750
vn -5.6987581 -2.3712378 -0.6531438
v -0.0249166 -0.7495070 -3.3006868
vn 5.2600346 -3.3597934 -0.4090826
v -0.7373635 -0.6362925 -3.3816516
vn 2.6984360 -5.6190434 -0.4675566
v -0.5725179 -0.4917570 -3.3184361
vn -5.1873417 -3.4857001 -0.5237470
v -0.0928154 -0.6360316 -3.3006868
vn -4.5803051 -4.2300448 -0.4855922
v -0.1180211 -0.5896544 -3.4049304
vn 2.9055037 5.4976940 -0.3248520
v -0.5714008 -1.2033424 -3.3055053
vn 0.9474511 6.0958028 -0.4180974
v -0.4580836 -1.2433114 -3.3006868
vn -1.1462069 6.0668259 -0.4430068
v -0.3446083 -1.2410727 -3.3006868
vn -4.3891511 4.4493065 -0.3739048
v -0.1176577 -1.1020966 -3.3006868
vn -5.6204462 2.5276113 -0.6386957
v -0.0333161 -0.9764576 -3.3006868
vn 0.9231433 -5.9980364 -0.7289563
v -0.4580836 -0.4499321 -3.3006868
vn -5.0307150 3.7187359 -0.4069133
v -0.1072989 -1.0899334 -3.3006868
vn -6.1330595 -0.7497318 -0.6984605
v -0.0041823 -0.8313923 -3.3006868
vn 4.2276087 4.5971985 -0.3241384
v -0.6850343 -1.1192517 -3.3006868
vn 5.0097547 3.7402320 -0.3439329
v -0.7111454 -1.0899334 -3.3006868
vn 5.7276874 2.2663615 -0.2642645
v -0.7963654 -0.9692639 -3.4223261
vn 6.0403929 1.4354303 -0.5885936
v -0.7985096 -0.9334035 -3.3006868
vn 6.1649766 0.1192405 -0.7010534
v -0.8042035 -0.8634058 -3.2610145
vn 5.8821888 -1.7617003 -0.5378283
v -0.7961366 -0.7630912 -3.2971079
vn -3.1182089 5.3562856 -0.3992415
v -0.2323214 -1.2029817 -3.3834901
vn 5.8675346 -1.9014560 -0.6331983
v -0.7789192 -0.7495070 -3.1872110
vn 3.5653145 -5.1124005 -0.4745582
v -0.6075032 -0.5225563 -3.1872110
vn 5.2834315 -3.3130150 -0.4526163
v -0.7214851 -0.6360316 -3.1872110
vn 2.3959000 -5.7447104 -0.5325291
v -0.5715590 -0.5027051 -3.1872110
vn 0.7624998 6.1570911 -0.4141457
v -0.4580836 -1.2337842 -3.1872110
vn 2.8194509 5.5127468 -0.1808694
v -0.5673566 -1.2014877 -3.1843882
vn -1.3737026 -5.9877157 -0.8747435
v -0.3446083 -0.4747486 -3.1872110
vn -1.0671824 6.1137605 -0.5190147
v -0.3446083 -1.2302847 -3.1872110
vn -5.7454495 -2.0933156 -0.9143693
v -0.0401816 -0.7495070 -3.1872110
vn -5.1907649 -3.4325843 -0.6231368
v -0.1034622 -0.6360316 -3.1872110
vn -3.0145133 5.3594027 -0.4397200
v -0.2408791 -1.1975912 -3.1989298
vn -4.5137405 -4.2745194 -0.6471738
v -0.1176577 -0.6180325 -3.1872110
vn 4.2760873 4.5580873 -0.2591937
v -0.6850343 -1.1120620 -3.1872110
vn 0.7739888 -6.0610290 -0.8520113
v -0.4580836 -0.4671698 -3.1872110
vn -5.6834450 2.3027833 -0.8014225
v -0.0469842 -0.9764576 -3.1872110
vn -6.0564833 0.2365346 -1.0581001
v -0.0207353 -0.8629823 -3.1872110
vn -4.7233005 3.9445498 -0.5329031
v -0.1166070 -1.0903548 -3.1703990
vn 5.0623174 3.6611660 -0.3140700
v -0.7044988 -1.0899334 -3.1872110
vn 5.7259622 2.2802148 -0.5832434
v -0.7725804 -0.9764576 -3.1872110
vn -6.1148973 0.7371196 -0.7354193
v -0.0040263 -0.8678018 -3.2986467
vn -3.0792212 -5.2850399 -0.8118899
v -0.2397058 -0.5263873 -3.0971851
vn 2.7456939 -5.4602981 -0.5519898
v -0.5796357 -0.5191677 -3.0295339
vn -1.3003323 -6.0448184 -0.8929231
v -0.3446083 -0.4938478 -3.0737357
vn 5.9326682 -1.7975315 -0.5204276
v -0.7545105 -0.7477559 -2.9663920
vn 5.3783693 -3.1686432 -0.4332799
v -0.7054120 -0.6344612 -3.0145936
vn 0.5393143 6.1953316 -0.2992636
v -0.4580836 -1.2269926 -3.0737357
vn -5.8372407 -1.9261053 -0.8656268
v -0.0595393 -0.7495070 -3.0737357
vn 4.5080409 -4.2795882 -0.4627625
v -0.6858289 -0.6075614 -3.0140138
vn 2.7211604 5.5116596 -0.1141058
v -0.5654753 -1.2008423 -3.0655742
vn -1.0539633 6.1472974 -0.4916801
v -0.3446083 -1.2198114 -3.0737357
vn -2.2806988 5.7802658 -0.6449766
v -0.2848234 -1.2034087 -3.0737357
vn -3.4603398 5.1304388 -0.7316189
v -0.2311327 -1.1759791 -3.0737357
vn -4.7979169 3.8171377 -0.6683509
v -0.1204018 -1.0852940 -3.1078668
vn 4.3974943 4.4383278 -0.2551705
v -0.6850343 -1.1053991 -3.0737357
vn -5.7741332 2.1570523 -0.8866000
v -0.0667043 -0.9764576 -3.0737357
vn 5.1748414 3.5013893 -0.3211813
v -0.6977859 -1.0899334 -3.0737357
vn -6.1063786 0.1842938 -0.9888287
v -0.0418830 -0.8629823 -3.0737357
vn 0.5577086 -6.1307011 -0.7517636
v -0.4580836 -0.4838209 -3.0737357
vn 5.7966633 2.0947936 -0.5484174
v -0.7615645 -0.9764576 -3.0737357
vn 6.1940579 0.1258652 -0.5234895
v -0.7700448 -0.8634964 -2.9586799
vn -3.2204626 -5.2428493 -0.6675749
v -0.2293416 -0.5212694 -3.1816254
vn -4.8329163 -3.7971282 -0.7185574
v -0.1178350 -0.6362783 -3.0819898
vn -5.2612076 -3.3268900 -0.5906742
v -0.1176577 -0.6616626 -2.9602604
vn -4.4675140 -4.3429275 -0.6247987
v -0.1381950 -0.6360316 -2.9602604
vn -3.4062574 -5.1883097 -0.7435008
v -0.2311327 -0.5578952 -2.9602604
vn -2.2519956 -5.8044105 -0.7403808
v -0.3031683 -0.5225563 -2.9602604
vn 0.3568745 -6.1690373 -0.5401809
v -0.4580836 -0.4960852 -2.9602604
vn 5.8647466 2.0224721 -0.4305463
v -0.7500176 -0.9764576 -2.9602604
vn 0.2723098 6.1994801 -0.2437229
v -0.4580836 -1.2229505 -2.9602604
vn -1.2832365 -6.1015649 -0.6627502
v -0.3446083 -0.5102572 -2.9602604
vn 2.6818233 5.4801731 -0.0829487
v -0.5638691 -1.2007308 -2.9476781
vn -1.7778444 5.9107361 -0.5568765
v -0.3328065 -1.2068270 -2.9405003
vn 2.6457205 -5.5156732 -0.3666849
v -0.5708724 -0.5228821 -2.9389951
vn -5.8547778 2.0919330 -0.6903747
v -0.0844288 -0.9764576 -2.9602604
vn 4.8491650 3.8205032 -0.2440980
v -0.6885523 -1.0946397 -2.9612253
vn -5.2717266 3.2989352 -0.7127503
v -0.1176577 -1.0444174 -2.9602604
vn -3.4716787 5.1414218 -0.7080243
v -0.2311327 -1.1579080 -2.9602604
vn -6.1559687 0.2201127 -0.6678321
v -0.0582275 -0.8629823 -2.9602604
vn -4.5059209 4.2873611 -0.7156489
v -0.1530356 -1.0899334 -2.9602604
vn -5.9262776 -1.8277280 -0.6219031
v -0.0756335 -0.7495070 -2.9602604
vn 5.9164171 1.9247307 -0.1466605
v -0.7442610 -0.9764576 -2.8467851
vn 4.8823709 -3.7226112 -0.3245089
v -0.6897734 -0.6281357 -2.8458118
vn -3.3249471 -5.2675953 -0.4172736
v -0.2311327 -0.5694976 -2.8467851
vn 6.2159500 0.0619331 -0.2227661
v -0.7630472 -0.8629823 -2.8467851
vn -1.7435095 -5.9698830 -0.3900558
v -0.3376726 -0.5204042 -2.8472424
vn 5.9561248 -1.8116537 -0.3030148
v -0.7458804 -0.7495070 -2.8467851
vn 0.1707067 -6.2037659 -0.2463847
v -0.4580836 -0.5034504 -2.8467851
vn -5.9530439 -1.8013911 -0.3374139
v -0.0836768 -0.7495070 -2.8467851
vn 1.8834319 5.9337993 -0.1341498
v -0.5509555 -1.2034087 -2.8467851
vn -5.8755922 2.1166639 -0.3619865
v -0.0939217 -0.9764576 -2.8467851
vn -5.3121462 3.2806191 -0.4098823
v -0.1176577 -1.0254693 -2.8467851
vn -6.1593513 0.2568462 -0.3538141
v -0.0661478 -0.8629823 -2.8467851
vn 3.4318647 5.1930118 -0.1197634
v -0.5715590 -1.1935868 -2.8467851
vn 4.8873987 3.7648501 -0.0814840
v -0.6867542 -1.0925868 -2.8476400
vn -3.4927077 5.1614909 -0.4428230
v -0.2311327 -1.1449490 -2.8467851
vn -4.5291204 4.2974601 -0.4460922
v -0.1675167 -1.0899334 -2.8467851
vn -1.8422034 5.9172530 -0.3062750
v -0.3445787 -1.2034143 -2.8487015
vn 4.8398724 3.7793097 -0.0223073
v -0.6869587 -1.0930153 -2.6979880
vn 3.1899519 5.3066678 -0.1470064
v -0.5715590 -1.1912279 -2.7333097
vn 0.0793578 6.2066216 -0.1720905
v -0.4581502 -1.2183865 -2.8033946
vn 3.4209707 -5.1924138 -0.2300262
v -0.5715590 -0.5313430 -2.7333097
vn -3.3477781 -5.2639632 -0.1765341
v -0.2311327 -0.5750518 -2.7333097
vn -4.4451718 -4.3883114 -0.3528952
v -0.1505870 -0.6362370 -2.8390596
vn 1.8919730 -5.9288392 -0.1651847
v -0.5530705 -0.5225563 -2.7333097
vn 0.1125548 -6.2113705 -0.0858429
v -0.4580836 -0.5061550 -2.7333097
vn -1.7584324 -5.9696093 -0.0746384
v -0.3438057 -0.5222815 -2.7333031
vn -1.8874034 5.8873506 -0.2368200
v -0.3493493 -1.2024032 -2.7720628
vn -5.3117146 -3.2668567 -0.3399850
v -0.1172057 -0.6777984 -2.8413064
vn -5.8872037 2.0816207 -0.2539517
v -0.1036366 -0.9767544 -2.6071961
vn -3.5026996 5.1669645 -0.2935313
v -0.2311327 -1.1374750 -2.7333097
vn -5.3241396 3.2549951 -0.2681237
v -0.1179484 -1.0071340 -2.6084838
vn -4.5119729 4.3201013 -0.2809883
v -0.1752028 -1.0899334 -2.7333097
vn -3.4804790 -5.1849875 -0.0373221
v -0.2311327 -0.5780082 -2.6198344
vn 0.0119739 6.2533240 -0.2114574
v -0.4580836 -1.2098770 -2.6198344
vn -4.5643702 -4.2762666 -0.0827657
v -0.1636453 -0.6366934 -2.5692301
vn 1.4814974 6.0508337 -0.2141891
v -0.5338464 -1.2034640 -2.6651421
vn 1.9941908 -5.8808813 -0.2774175
v -0.5364051 -0.5222540 -2.5397549
vn -1.0384514 6.1757984 -0.2900059
v -0.3903358 -1.2034087 -2.6198344
vn 0.2354654 -6.1875162 -0.0863383
v -0.4566292 -0.5062884 -2.5489416
vn -1.8036721 -5.9362421 0.0556413
v -0.3426937 -0.5217899 -2.6194098
vn -5.9914088 -1.7131629 -0.2035792
v -0.0962667 -0.7482064 -2.5570428
vn -5.4269996 -3.0906634 -0.1157705
v -0.1180235 -0.6984502 -2.5436473
vn 6.1948099 -0.0769052 -0.0654916
v -0.7615448 -0.8627241 -2.6770298
vn -6.1504655 0.2558540 -0.2678977
v -0.0763155 -0.8631607 -2.6030130
vn 5.9143448 -1.9591327 -0.1919271
v -0.7403410 -0.7497368 -2.6826806
vn 3.4626522 -5.1456094 -0.3283553
v -0.5710900 -0.5387430 -2.5478330
vn 4.9287424 -3.6949952 -0.2497880
v -0.6849203 -0.6359060 -2.6640139
vn 4.7917509 3.8257561 -0.0313436
v -0.6864404 -1.0922363 -2.5064878
vn 2.8937881 5.4435391 -0.1756651
v -0.5713708 -1.1856040 -2.5574329
vn 0.9925084 6.1644936 -0.2542626
v -0.5021436 -1.2034087 -2.5063591
vn 5.9248409 1.8540325 -0.0386228
v -0.7435762 -0.9765731 -2.5734415
vn -0.8743665 6.2005749 -0.2814712
v -0.4227355 -1.2034087 -2.5063591
vn 6.1511745 -0.2613935 -0.1554134
v -0.7595860 -0.8628300 -2.4378943
vn 5.8460937 -2.1686716 -0.2707777
v -0.7323274 -0.7492089 -2.4573696
vn -2.1672151 5.8324494 -0.2915400
v -0.3449394 -1.1879263 -2.5365524
vn -1.7598488 -5.9112077 0.0550386
v -0.3392118 -0.5200985 -2.5053215
vn 4.9027429 -3.7220287 -0.2864770
v -0.6807196 -0.6393340 -2.5220876
vn 4.7617393 3.8330975 0.0106619
v -0.6865152 -1.0926241 -2.3934596
vn 2.5147471 5.5520420 -0.1517151
v -0.5715590 -1.1826372 -2.3928838
vn -3.5516136 -5.1251416 0.0311441
v -0.2313803 -0.5748751 -2.4013360
vn 1.9988416 -5.8867378 -0.4762661
v -0.5069048 -0.5225563 -2.3928838
vn 5.3458233 -3.2227945 -0.4568952
v -0.6866287 -0.6734194 -2.3310173
vn 0.4660872 -6.1851754 -0.2748076
v -0.4580836 -0.5117550 -2.3928838
vn 4.6270018 -4.1449523 -0.4498963
v -0.6667211 -0.6360316 -2.3928838
vn -1.6175716 -5.8918152 -0.0304391
v -0.3363620 -0.5185667 -2.3912442
vn 3.3949704 -5.1820579 -0.5245978
v -0.5715590 -0.5531092 -2.3928838
vn -2.0575266 5.8506060 -0.2193587
v -0.3446083 -1.1824074 -2.3928838
vn -6.1720452 0.3818561 -0.2119414
v -0.0869733 -0.8631576 -2.3675959
vn -3.4971542 5.1799994 -0.2469202
v -0.2309539 -1.1224575 -2.4401543
vn -4.5126257 4.2909613 -0.2972435
v -0.1888947 -1.0893093 -2.4658771
vn 5.9505391 1.7832720 -0.0636700
v -0.7416220 -0.9764576 -2.3928838
vn -0.0265049 6.2061548 -0.3273888
v -0.4580880 -1.2033904 -2.4301631
vn 4.7094555 3.8298495 -0.0874278
v -0.6874296 -1.0931370 -2.2400413
vn 2.4052994 5.5954199 -0.1578995
v -0.5719331 -1.1792679 -2.2388349
vn 5.8220654 -2.2931309 -0.3127786
v -0.7203996 -0.7495070 -2.2794085
vn 3.2445707 -5.2667832 -0.6756107
v -0.5715590 -0.5665631 -2.2794085
vn -3.5362039 -5.1090412 -0.2106293
v -0.2311327 -0.5758619 -2.2794085
vn -4.6608510 -4.1325808 -0.0916032
v -0.1629979 -0.6352659 -2.3437357
vn 1.9494894 -5.8899498 -0.6859890
v -0.4724021 -0.5225563 -2.2794085
vn 0.6152008 -6.1882067 -0.4375661
v -0.4580836 -0.5193920 -2.2794085
vn -1.4626150 -5.8989191 -0.2814650
v -0.3390185 -0.5203179 -2.2765715
vn -6.0700932 -1.4212605 -0.1027728
v -0.1001401 -0.7490358 -2.3436401
vn -0.0342185 6.1856503 -0.1856262
v -0.4580836 -1.1992545 -2.2794085
vn -5.5218759 -2.8756545 -0.0810196
v -0.1178565 -0.7003133 -2.3496089
vn -2.1154521 5.8120308 -0.2409363
v -0.3447815 -1.1769347 -2.2216444
vn 5.9626145 1.6650064 -0.1471104
v -0.7400352 -0.9773206 -2.1998682
vn -4.5540714 4.2600365 -0.2862105
v -0.2023520 -1.0899334 -2.2794085
vn 6.1386585 -0.4935063 -0.1863587
v -0.7540562 -0.8629823 -2.2794085
vn -5.5782876 2.6219614 -0.2652759
v -0.1176244 -0.9763716 -2.2980654
vn -3.4629607 -5.1429963 -0.4135119
v -0.2311327 -0.5821776 -2.1659331
vn -1.3169862 -5.9428453 -0.4318892
v -0.3447164 -0.5238086 -2.2066829
vn -4.5864482 -4.2104335 -0.2983068
v -0.1698618 -0.6360316 -2.1659331
vn -6.0796857 -1.3256546 -0.1367866
v -0.1027508 -0.7495070 -2.1659331
vn -5.4938164 -2.9120193 -0.1640023
v -0.1176577 -0.7085180 -2.1659331
vn -6.1733479 0.4734597 -0.1895861
v -0.0931401 -0.8629823 -2.1659331
vn 6.1469936 -0.4592897 -0.0915695
v -0.7491682 -0.8645809 -2.0837080
vn 3.2514520 -5.3110504 -0.4852210
v -0.5715590 -0.5814528 -2.1659331
vn -5.3853855 3.1535006 -0.2638452
v -0.1246257 -0.9764576 -2.1659331
vn -3.6024585 5.1084948 -0.2605613
v -0.2313241 -1.1142319 -2.2718682
vn -5.9163237 2.0353150 -0.2238668
v -0.1176577 -0.9607930 -2.1659331
vn -4.6380453 4.1949058 -0.2417367
v -0.2095740 -1.0899334 -2.1659331
vn 5.2277951 -3.4358177 -0.2000558
v -0.6850343 -0.6907988 -2.1659331
vn 4.3972664 -4.4421530 -0.3528130
v -0.6410384 -0.6371633 -2.1676698
vn 1.2142235 -6.0130711 -0.6066228
v -0.4580836 -0.5225563 -2.2431593
vn 2.4129853 5.5870204 -0.3567800
v -0.5715590 -1.1713347 -2.0524573
vn -3.4392097 -5.1476469 -0.7668703
v -0.2311327 -0.5956459 -2.0524573
vn -1.4704955 -5.8876467 -0.5765494
v -0.3446083 -0.5361814 -2.0524573
vn -4.3914967 -4.3149629 -0.7666470
v -0.1805482 -0.6360316 -2.0524573
vn 5.7829409 -2.3947773 -0.0937496
v -0.7157412 -0.7494179 -2.1503806
vn 5.0861335 -3.6272018 0.0127524
v -0.6850343 -0.6919675 -2.0524573
vn 4.1873560 -4.6546283 -0.1547564
v -0.6336961 -0.6360316 -2.0524573
vn 3.2155473 -5.3554144 -0.2875827
v -0.5715590 -0.5891824 -2.0524573
vn -6.0555673 -1.2705197 -0.4132786
v -0.1059170 -0.7495070 -2.0524573
vn -5.3469520 -2.9888868 -0.6127579
v -0.1176577 -0.7164469 -2.0524573
vn -6.1735554 0.4256290 -0.3476809
v -0.0976338 -0.8629823 -2.0524573
vn -0.0667431 6.1572452 -0.3381121
v -0.4582062 -1.1917262 -2.0626857
vn -5.3745003 3.1304638 -0.3370079
v -0.1295133 -0.9764576 -2.0524573
vn 1.3704206 -5.9835219 -0.4481408
v -0.4587529 -0.5295221 -2.1631522
vn -2.1891778 5.7762651 -0.3870523
v -0.3446083 -1.1684728 -2.0524573
vn -5.9285421 1.9674264 -0.3110651
v -0.1176577 -0.9488654 -2.0524573
vn 4.7162156 3.8149104 -0.3102621
v -0.6832278 -1.0882062 -2.0572515
vn -4.0474100 4.6161485 -0.3860199
v -0.2223828 -1.0969033 -2.0414963
vn 5.9583025 1.7406273 -0.2824500
v -0.7338097 -0.9764576 -2.0524573
vn 2.4371746 5.5299730 -0.7666659
v -0.5715590 -1.1609850 -1.9389820
vn 4.2933106 4.3909426 -0.8054476
v -0.6678398 -1.0899334 -1.9389820
vn -1.8423735 -5.7311373 -1.0138258
v -0.3446083 -0.5515513 -1.9389820
vn -0.0689286 6.0753498 -0.7331395
v -0.4580836 -1.1831288 -1.9389820
vn 5.7582488 -2.2874689 -0.1963037
v -0.7193007 -0.7495070 -1.9389820
vn -4.1987848 -4.4157562 -1.2340136
v -0.2096229 -0.6360316 -1.9389820
vn -2.2163215 5.7200732 -0.7588624
v -0.3446083 -1.1583529 -1.9389820
vn 4.9449186 -3.7481275 -0.1864658
v -0.6850343 -0.6892982 -1.9389820
vn 5.2579741 3.1997283 -0.7752894
v -0.6850343 -1.0680518 -1.9389820
vn 4.0232086 -4.7606483 -0.2786678
v -0.6325748 -0.6360316 -1.9389820
vn 5.9026198 1.8899366 -0.6243941
v -0.7255757 -0.9764576 -1.9389820
vn 3.0431833 -5.4209690 -0.4267050
v -0.5715590 -0.5933161 -1.9389820
vn 6.0804338 -0.2100941 -0.3866605
v -0.7478740 -0.8629823 -1.9389820
vn -5.3259149 3.0510616 -0.7689402
v -0.1384139 -0.9764576 -1.9389820
vn -5.9153709 1.7317879 -0.8191602
v -0.1176577 -0.9248929 -1.9389820
vn -3.9884357 4.6131043 -0.7161658
v -0.2298437 -1.0911124 -1.9303077
vn -6.1565757 0.2315126 -0.6949732
v -0.1065412 -0.8629823 -1.9389820
vn 1.0831400 -5.8996234 -0.6981387
v -0.4580836 -0.5421338 -1.9389820
vn -5.4891400 -2.1547461 -1.0703380
v -0.1180804 -0.7506917 -1.9388626
vn 2.3909004 5.2736950 -1.7436073
v -0.5715590 -1.1380668 -1.8255067
vn 4.0573077 4.1745114 -1.8367361
v -0.6384957 -1.0899334 -1.8255067
vn 5.6374149 -2.0900030 -1.1096623
v -0.7112074 -0.7495070 -1.8255067
vn 4.6920362 -3.6455390 -1.2753688
v -0.6850343 -0.7017756 -1.8255067
vn -3.8794031 -4.3486090 -1.8321798
v -0.2358668 -0.6430157 -1.8303250
vn 3.7500539 -4.7047291 -1.3122555
v -0.6167457 -0.6360316 -1.8255067
vn -1.9292979 -5.4118152 -1.8200116
v -0.3446083 -0.5757403 -1.8255067
vn 2.7274556 -5.4226060 -1.3011258
v -0.5715590 -0.6083169 -1.8255067
vn -0.0302416 5.7046394 -1.7684300
v -0.4580836 -1.1645918 -1.8255067
vn 5.0287447 3.0324235 -1.7476655
v -0.6850343 -1.0299597 -1.8255067
vn -2.0870106 5.5196629 -1.6780969
v -0.3446083 -1.1373634 -1.8255067
vn 5.7360229 1.9158438 -1.4267805
v -0.7079310 -0.9764576 -1.8255067
vn 5.8126388 0.0354233 -1.3826789
v -0.7360365 -0.8629823 -1.8255067
vn 0.7553036 -5.6419797 -1.6539716
v -0.4580836 -0.5609641 -1.8255067
vn -5.0541916 -2.3886316 -2.0816243
v -0.1496286 -0.7495070 -1.8255067
vn -5.1417947 2.6226616 -1.8566030
v -0.1617379 -0.9764576 -1.8255067
vn -5.5724587 0.2776795 -2.0995305
v -0.1271515 -0.8629823 -1.8255067
vn -3.3294315 4.8051639 -1.7758019
v -0.2551756 -1.0899334 -1.8255067
vn -4.2167091 4.0321288 -1.8028096
v -0.2311327 -1.0695009 -1.8255067
vn -3.8907487 -4.6756349 -1.2929251
v -0.2293606 -0.6325139 -1.8917745
vn -5.9439487 0.3130191 -1.3336740
v -0.1176577 -0.8629823 -1.8640013
vn 1.8868480 -4.6310167 -3.4173865
v -0.5364511 -0.6360316 -1.7120314
vn 2.9490328 -3.9590735 -3.4099169
v -0.5715590 -0.6538310 -1.7120314
vn 0.3592336 -5.1933365 -3.1087389
v -0.4580836 -0.6134963 -1.7120314
vn -3.8340552 -3.3636217 -3.3928442
v -0.2311327 -0.7294002 -1.7120314
vn 0.0418275 5.1833358 -3.1071649
v -0.4580836 -1.1116791 -1.7120314
vn -4.8681831 0.1273802 -3.4545019
v -0.1880007 -0.8629823 -1.7120314
vn -2.0520341 4.4228840 -3.3487155
v -0.3467558 -1.0888723 -1.7127703
vn 4.0959387 -2.4922101 -3.5554118
v -0.6630592 -0.7495070 -1.7120314
vn 4.3012624 2.2508845 -3.5695024
v -0.6566634 -0.9764576 -1.7120314
vn 4.8573976 0.5302329 -3.4924335
v -0.6861649 -0.8701710 -1.7110419
vn 4.8320560 -0.7917485 -3.4792304
v -0.6850343 -0.8186321 -1.7120314
vn 2.4010320 4.0586815 -3.3680844
v -0.5649598 -1.0878299 -1.7141953
vn 4.9039621 -2.4953229 -2.4038503
v -0.6850343 -0.7495070 -1.7466159
vn 2.9021826 -4.8812542 -2.2020471
v -0.5715590 -0.6360316 -1.7431335
vn 5.1181197 2.2279141 -2.5190916
v -0.6850343 -0.9764576 -1.7597013
vn 0.9253525 -2.6594739 -5.1984677
v -0.4694113 -0.7488708 -1.5949675
vn -0.9741344 -2.7558036 -5.3064780
v -0.3996642 -0.7495070 -1.5985560
vn 2.6848261 0.0368166 -5.3259487
v -0.5586536 -0.8629823 -1.5985560
vn -0.8621346 2.8691812 -5.2773361
v -0.4203789 -0.9764576 -1.5985560
vn -2.4592154 -1.5039824 -5.3486371
v -0.3446083 -0.7937641 -1.5985560
vn -2.4208009 1.6325598 -5.3285708
v -0.3446083 -0.9241395 -1.5985560
vn 3.6598132 0.0400288 -4.8673835
v -0.5715590 -0.8629823 -1.6071696
vn 2.8126454 -2.4011078 -4.7364931
v -0.5715590 -0.7495070 -1.6365519
vn 0.1415250 4.1964760 -4.3108907
v -0.4580836 -1.0899334 -1.6842976
vn 2.8322506 2.3280644 -4.7335267
v -0.5715590 -0.9764576 -1.6371808
vn -2.3137617 2.9468017 -4.8036585
v -0.3446083 -0.9764576 -1.6217327
vn 0.4025828 -4.2431965 -4.2684412
v -0.4580836 -0.6360316 -1.6828346
vn -3.9790282 2.5701082 -3.4773850
v -0.2271932 -0.9831746 -1.7073761
vn -2.4647298 -2.8089786 -4.8483529
v -0.3446083 -0.7495070 -1.6173439
vn -2.0301425 -4.3201904 -3.3865941
v -0.3407932 -0.6328643 -1.7090273
vn -3.9790425 0.0795130 -4.5627885
v -0.2311327 -0.8629823 -1.6667295
vn -4.0914054 -2.1648331 -3.8420472
v -0.2257654 -0.7473404 -1.7029531
vn 0.9386534 2.7138174 -5.2383385
v -0.4669425 -0.9765622 -1.5972099
vn 0.4628998 0.0627972 -5.4843159
v -0.4580836 -0.8629823 -1.5586085
vn -2.5418379 0.0608496 -5.3893433
v -0.3383904 -0.8629811 -1.5890248
# 4048 vertices, 0 vertices normals


usemtl material_0
vt 0.4425163 0.6798568
vt 0.4531054 0.6689500
vt 0.4670498 0.6778786
f 19/1/19 31/2/31 18/3/18
vt 0.4316440 0.6702863
f 1/4/1 31/2/31 19/1/19
vt 0.4323591 0.6804538
f 19/1/19 20/5/20 1/4/1
vt 0.3901483 0.6739720
vt 0.3940503 0.6737829
vt 0.3918908 0.6850228
f 4/6/4 2/7/2 21/8/21
vt 0.4021945 0.6829304
vt 0.4113631 0.6721767
vt 0.4122801 0.6820688
f 24/9/24 7/10/7 22/11/22
vt 0.4011686 0.6732010
f 8/12/8 7/10/7 24/9/24
f 2/7/2 8/12/8 24/9/24
f 24/9/24 21/8/21 2/7/2
vt 0.3297102 0.6764951
vt 0.3430013 0.6694376
vt 0.3416352 0.6783811
f 25/13/25 3/14/3 23/15/23
vt 0.3273721 0.6669922
f 5/16/5 3/14/3 25/13/25
vt 0.3519605 0.6708003
vt 0.3506282 0.6797804
f 23/15/23 6/17/6 26/18/26
f 3/14/3 6/17/6 23/15/23
vt 0.3610273 0.6720854
vt 0.3597406 0.6811383
f 6/17/6 9/19/9 27/20/27
f 27/20/27 26/18/26 6/17/6
vt 0.3703807 0.6732197
vt 0.3691286 0.6823910
f 9/19/9 10/21/10 28/22/28
f 28/22/28 27/20/27 9/19/9
vt 0.3761532 0.6831433
vt 0.3805386 0.6739219
vt 0.3792918 0.6833825
f 30/23/30 11/24/11 29/25/29
vt 0.3746034 0.6736001
f 12/26/12 11/24/11 30/23/30
f 29/25/29 4/6/4 21/8/21
f 11/24/11 4/6/4 29/25/29
f 28/22/28 12/26/12 30/23/30
f 10/21/10 12/26/12 28/22/28
vt 0.4706841 0.6681757
vt 0.4945500 0.6675168
vt 0.4940773 0.6783946
f 14/27/14 13/28/13 57/29/57
f 57/29/57 18/3/18 14/27/14
f 18/3/18 31/2/31 14/27/14
vt 0.4531505 0.6897829
f 19/1/19 18/3/18 32/30/32
vt 0.4429631 0.6901250
f 32/30/32 33/31/33 19/1/19
f 20/5/20 19/1/19 33/31/33
vt 0.4329011 0.6905580
f 33/31/33 34/32/34 20/5/20
vt 0.4033886 0.6927060
vt 0.4131297 0.6918744
f 36/33/36 22/11/22 35/34/35
f 24/9/24 22/11/22 36/33/36
f 21/8/21 24/9/24 36/33/36
vt 0.3937117 0.6936215
f 37/35/37 21/8/21 36/33/36
vt 0.3284950 0.6856911
vt 0.3402477 0.6873550
f 39/36/39 23/15/23 38/37/38
vt 0.3134766 0.6831381
f 42/38/42 25/13/25 39/36/39
f 25/13/25 23/15/23 39/36/39
vt 0.3492189 0.6887869
f 38/37/38 26/18/26 40/39/40
f 23/15/23 26/18/26 38/37/38
vt 0.3582593 0.6902518
f 26/18/26 27/20/27 41/40/41
f 41/40/41 40/39/40 26/18/26
vt 0.3674598 0.6917305
f 27/20/27 28/22/28 43/41/43
f 43/41/43 41/40/41 27/20/27
vt 0.3782506 0.6877955
f 29/25/29 56/42/56 30/23/30
vt 0.3877400 0.6939577
f 56/42/56 21/8/21 44/43/44
vt 0.3811869 0.6935820
f 45/44/45 56/42/56 44/43/44
f 29/25/29 21/8/21 56/42/56
vt 0.3769954 0.6930836
f 43/41/43 56/42/56 46/45/46
f 30/23/30 56/42/56 43/41/43
f 28/22/28 30/23/30 43/41/43
f 46/45/46 56/42/56 45/44/45
f 44/43/44 21/8/21 37/35/37
vt 0.4795776 0.6891213
vt 0.4947851 0.6889384
f 49/46/49 57/29/57 48/47/48
f 18/3/18 57/29/57 49/46/49
f 49/46/49 32/30/32 18/3/18
vt 0.5710313 0.6905094
vt 0.5732530 0.6811530
vt 0.5825353 0.6910710
f 51/48/51 58/49/58 47/50/47
vt 0.5603845 0.6677312
vt 0.5592641 0.6901051
f 15/51/15 58/49/58 50/52/50
f 50/52/50 58/49/58 51/48/51
vt 0.5490040 0.6808819
f 50/52/50 59/53/59 15/51/15
vt 0.5381494 0.6673827
f 15/51/15 59/53/59 16/54/16
vt 0.5378189 0.6894865
f 16/54/16 59/53/59 52/55/52
f 52/55/52 59/53/59 50/52/50
vt 0.5278460 0.6891542
f 52/55/52 53/56/53 16/54/16
vt 0.5162436 0.6672393
f 16/54/16 53/56/53 17/57/17
vt 0.5107419 0.6890361
f 17/57/17 53/56/53 54/58/54
vt 0.5023640 0.6802051
f 54/58/54 60/59/60 17/57/17
f 17/57/17 60/59/60 13/28/13
f 13/28/13 60/59/60 57/29/57
f 57/29/57 60/59/60 48/47/48
f 48/47/48 60/59/60 54/58/54
vt 0.4223808 0.6826552
f 34/32/34 61/60/61 20/5/20
f 20/5/20 61/60/61 1/4/1
f 1/4/1 61/60/61 7/10/7
f 7/10/7 61/60/61 22/11/22
f 22/11/22 61/60/61 35/34/35
vt 0.4229658 0.6911537
f 35/34/35 61/60/61 55/61/55
f 55/61/55 61/60/61 34/32/34
vt 0.5577812 0.7016836
f 52/55/52 50/52/50 62/62/62
vt 0.5374059 0.7013781
f 62/62/62 63/63/63 52/55/52
f 53/56/53 52/55/52 63/63/63
vt 0.5212560 0.7008777
f 63/63/63 64/64/64 53/56/53
f 54/58/54 53/56/53 64/64/64
vt 0.5052758 0.7004430
f 65/65/65 54/58/54 64/64/64
vt 0.4947132 0.7002705
f 66/66/66 54/58/54 65/65/65
f 48/47/48 54/58/54 66/66/66
f 49/46/49 48/47/48 66/66/66
vt 0.4784923 0.7004149
f 66/66/66 67/67/67 49/46/49
vt 0.4635901 0.7003537
f 67/67/67 68/68/68 49/46/49
f 32/30/32 49/46/49 68/68/68
vt 0.4533896 0.7005448
f 68/68/68 69/69/69 32/30/32
f 33/31/33 32/30/32 69/69/69
vt 0.4432861 0.7007337
f 69/69/69 70/70/70 33/31/33
vt 0.4333115 0.7009455
f 71/71/71 33/31/33 70/70/70
f 34/32/34 33/31/33 71/71/71
f 55/61/55 34/32/34 71/71/71
vt 0.4234455 0.7013114
f 71/71/71 72/72/72 55/61/55
f 35/34/35 55/61/55 72/72/72
vt 0.4136758 0.7018211
f 72/72/72 74/73/74 35/34/35
f 36/33/36 35/34/35 74/73/74
vt 0.4040337 0.7023222
f 74/73/74 75/74/75 36/33/36
vt 0.3946948 0.7028411
f 76/75/76 36/33/36 75/74/75
f 37/35/37 36/33/36 76/75/76
vt 0.5705479 0.7026690
f 51/48/51 47/50/47 73/76/73
f 62/62/62 51/48/51 73/76/73
f 50/52/50 51/48/51 62/62/62
vt 0.3298745 0.6949838
vt 0.3477988 0.6978119
f 77/77/77 38/37/38 78/78/78
f 39/36/39 38/37/38 77/77/77
f 38/37/38 40/39/40 78/78/78
vt 0.3568065 0.6993979
f 78/78/78 41/40/41 79/79/79
f 40/39/40 41/40/41 78/78/78
vt 0.3660000 0.7009991
f 79/79/79 43/41/43 80/80/80
f 41/40/41 43/41/43 79/79/79
vt 0.3839720 0.7032305
vt 0.3854575 0.7032880
f 82/81/82 44/43/44 81/82/81
f 45/44/45 44/43/44 82/81/82
vt 0.3754231 0.7024527
f 43/41/43 46/45/46 83/83/83
f 83/83/83 80/80/80 43/41/43
f 83/83/83 45/44/45 82/81/82
f 46/45/46 45/44/45 83/83/83
f 44/43/44 37/35/37 76/75/76
f 76/75/76 81/82/81 44/43/44
vt 0.5493577 0.7142218
vt 0.5586669 0.7133329
vt 0.5638750 0.7152537
f 100/84/100 99/85/99 102/86/102
f 99/85/99 100/84/100 62/62/62
vt 0.5370325 0.7134936
f 100/84/100 84/87/84 63/63/63
f 63/63/63 62/62/62 100/84/100
f 64/64/64 63/63/63 84/87/84
vt 0.5156471 0.7125431
f 84/87/84 85/88/85 64/64/64
vt 0.4984897 0.7120543
f 85/88/85 101/89/101 65/65/65
f 65/65/65 64/64/64 85/88/85
f 66/66/66 65/65/65 101/89/101
vt 0.4750102 0.7123657
f 86/90/86 66/66/66 101/89/101
f 67/67/67 66/66/66 86/90/86
f 68/68/68 67/67/67 86/90/86
vt 0.4641508 0.7128605
f 86/90/86 116/91/116 68/68/68
f 69/69/69 68/68/68 116/91/116
vt 0.4441075 0.7125933
f 116/91/116 87/92/87 69/69/69
f 70/70/70 69/69/69 87/92/87
vt 0.4335828 0.7130117
f 88/93/88 70/70/70 87/92/87
f 71/71/71 70/70/70 88/93/88
vt 0.4238500 0.7117922
f 89/94/89 71/71/71 88/93/88
f 72/72/72 71/71/71 89/94/89
vt 0.4141442 0.7120648
f 90/95/90 72/72/72 89/94/89
f 74/73/74 72/72/72 90/95/90
vt 0.4043988 0.7123697
f 91/96/91 74/73/74 90/95/90
f 75/74/75 74/73/74 91/96/91
vt 0.3945861 0.7125882
f 92/97/92 75/74/75 91/96/91
f 76/75/76 75/74/75 92/97/92
f 73/76/73 99/85/99 62/62/62
f 102/86/102 99/85/99 73/76/73
vt 0.3415838 0.7059890
f 77/77/77 78/78/78 93/98/93
vt 0.3551817 0.7084710
f 78/78/78 79/79/79 94/99/94
f 94/99/94 93/98/93 78/78/78
vt 0.3643756 0.7103828
f 94/99/94 80/80/80 95/100/95
f 79/79/79 80/80/80 94/99/94
vt 0.3837388 0.7128574
vt 0.3856788 0.7128915
f 97/101/97 81/82/81 96/102/96
f 82/81/82 81/82/81 97/101/97
vt 0.3740587 0.7121628
f 80/80/80 83/83/83 98/103/98
f 98/103/98 95/100/95 80/80/80
f 83/83/83 82/81/82 97/101/97
f 97/101/97 98/103/98 83/83/83
f 81/82/81 76/75/76 92/97/92
f 92/97/92 96/102/96 81/82/81
vt 0.4882465 0.7222307
f 116/91/116 86/90/86 103/104/103
vt 0.4634188 0.7216542
f 103/104/103 104/105/104 116/91/116
f 87/92/87 116/91/116 104/105/104
vt 0.4434067 0.7213323
f 104/105/104 105/106/105 87/92/87
f 88/93/88 87/92/87 105/106/105
vt 0.4268232 0.7214678
f 105/106/105 106/107/106 88/93/88
f 89/94/89 88/93/88 106/107/106
vt 0.4133023 0.7217284
f 107/108/107 89/94/89 106/107/106
f 90/95/90 89/94/89 107/108/107
f 91/96/91 90/95/90 107/108/107
vt 0.3948789 0.7226095
f 108/109/108 91/96/91 107/108/107
f 92/97/92 91/96/91 108/109/108
vt 0.3446085 0.7160498
vt 0.3533302 0.7177920
f 109/110/109 94/99/94 110/111/110
f 93/98/93 94/99/94 109/110/109
vt 0.3618996 0.7209997
f 110/111/110 95/100/95 138/112/138
f 94/99/94 95/100/95 110/111/110
vt 0.3843670 0.7232130
f 96/102/96 115/113/115 97/101/97
vt 0.3715279 0.7224627
f 95/100/95 98/103/98 114/114/114
f 114/114/114 138/112/138 95/100/95
f 98/103/98 115/113/115 114/114/114
f 97/101/97 115/113/115 98/103/98
vt 0.5517340 0.7253851
f 100/84/100 102/86/102 111/115/111
f 84/87/84 100/84/100 111/115/111
vt 0.5304453 0.7241673
f 111/115/111 112/116/112 84/87/84
f 96/102/96 92/97/92 108/109/108
f 115/113/115 96/102/96 108/109/108
f 85/88/85 84/87/84 112/116/112
vt 0.5096632 0.7229502
f 112/116/112 113/117/113 85/88/85
f 101/89/101 85/88/85 113/117/113
f 103/104/103 101/89/101 113/117/113
f 86/90/86 101/89/101 103/104/103
vt 0.4633323 0.7251070
f 103/104/103 133/118/133 104/105/104
vt 0.4794453 0.7259362
f 132/119/132 133/118/133 103/104/103
vt 0.4433461 0.7241241
f 133/118/133 134/120/134 105/106/105
f 105/106/105 104/105/104 133/118/133
vt 0.4337476 0.7232297
f 105/106/105 135/121/135 106/107/106
f 134/120/134 135/121/135 105/106/105
vt 0.4630768 0.7329636
vt 0.4783278 0.7335810
f 119/122/119 132/119/132 118/123/118
f 133/118/133 132/119/132 119/122/119
vt 0.4396185 0.7323303
f 120/124/120 133/118/133 119/122/119
f 134/120/134 133/118/133 120/124/120
f 135/121/135 134/120/134 120/124/120
vt 0.4237450 0.7322412
f 121/125/121 135/121/135 120/124/120
f 106/107/106 135/121/135 121/125/121
f 107/108/107 106/107/106 121/125/121
vt 0.4051377 0.7327907
f 121/125/121 122/126/122 107/108/107
f 108/109/108 107/108/107 122/126/122
vt 0.3959627 0.7332996
f 122/126/122 123/127/123 108/109/108
vt 0.5783725 0.7316827
vt 0.5488917 0.7303115
f 136/128/136 139/129/139 111/115/111
vt 0.3525699 0.7215196
f 109/110/109 110/111/110 137/130/137
f 138/112/138 137/130/137 110/111/110
vt 0.3700857 0.7260736
f 140/131/140 138/112/138 114/114/114
f 112/116/112 111/115/111 139/129/139
vt 0.3770823 0.7326515
f 141/132/141 140/131/140 114/114/114
f 114/114/114 115/113/115 141/132/141
vt 0.5044319 0.7277320
f 139/129/139 142/133/142 113/117/113
f 113/117/113 112/116/112 139/129/139
vt 0.3590857 0.7306909
f 137/130/137 138/112/138 126/134/126
vt 0.3508809 0.7279262
f 126/134/126 125/135/125 137/130/137
vt 0.3673168 0.7335155
f 126/134/126 140/131/140 128/136/128
f 138/112/138 140/131/140 126/134/126
vt 0.5512480 0.7376568
vt 0.5302550 0.7362210
f 117/137/117 124/138/124 139/129/139
vt 0.3750878 0.7357666
f 128/136/128 141/132/141 129/139/129
f 140/131/140 141/132/141 128/136/128
vt 0.3872868 0.7345217
f 130/140/130 108/109/108 123/127/123
f 115/113/115 108/109/108 130/140/130
f 142/133/142 139/129/139 124/138/124
vt 0.5014867 0.7345434
f 124/138/124 127/141/127 142/133/142
f 141/132/141 115/113/115 130/140/130
vt 0.3792111 0.7360519
f 131/142/131 141/132/141 130/140/130
f 113/117/113 142/133/142 103/104/103
f 129/139/129 141/132/141 131/142/131
f 142/133/142 132/119/132 103/104/103
f 118/123/118 142/133/142 127/141/127
f 132/119/132 142/133/142 118/123/118
vt 0.5139687 0.7447581
f 124/138/124 156/143/156 127/141/127
vt 0.5401979 0.7466806
f 167/144/167 156/143/156 124/138/124
vt 0.5495496 0.7508127
f 156/143/156 167/144/167 143/145/143
vt 0.5087701 0.7482423
f 143/145/143 144/146/144 156/143/156
vt 0.4853495 0.7429589
f 156/143/156 157/147/157 127/141/127
f 157/147/157 156/143/156 144/146/144
vt 0.4789489 0.7465443
f 144/146/144 145/148/145 157/147/157
f 118/123/118 127/141/127 157/147/157
vt 0.4626759 0.7417982
f 157/147/157 158/149/158 119/122/119
f 119/122/119 118/123/118 157/147/157
f 158/149/158 157/147/157 145/148/145
vt 0.4624824 0.7456877
f 145/148/145 146/150/146 158/149/158
vt 0.4391177 0.7404014
f 158/149/158 159/151/159 120/124/120
f 120/124/120 119/122/119 158/149/158
f 159/151/159 158/149/158 146/150/146
vt 0.4443696 0.7448786
f 146/150/146 147/152/147 159/151/159
vt 0.4181093 0.7387456
f 159/151/159 160/153/160 121/125/121
f 121/125/121 120/124/120 159/151/159
f 160/153/160 159/151/159 147/152/147
vt 0.4207029 0.7438290
f 147/152/147 148/154/148 160/153/160
f 121/125/121 160/153/160 122/126/122
vt 0.3961876 0.7371653
f 122/126/122 161/155/161 123/127/123
f 160/153/160 161/155/161 122/126/122
vt 0.3962929 0.7433783
f 149/156/149 160/153/160 148/154/148
f 161/155/161 160/153/160 149/156/149
vt 0.3658330 0.7392164
f 125/135/125 126/134/126 162/157/162
f 126/134/126 128/136/128 162/157/162
vt 0.3725934 0.7405691
f 163/158/163 162/157/162 128/136/128
f 128/136/128 129/139/129 163/158/163
vt 0.3651294 0.7429643
vt 0.3575136 0.7424006
f 151/159/151 150/160/150 162/157/162
vt 0.3716836 0.7438866
f 151/159/151 163/158/163 152/161/152
f 162/157/162 163/158/163 151/159/151
vt 0.3879993 0.7378198
f 123/127/123 164/162/164 130/140/130
f 161/155/161 164/162/164 123/127/123
vt 0.3886598 0.7436762
f 153/163/153 161/155/161 149/156/149
f 164/162/164 161/155/161 153/163/153
vt 0.3813156 0.7401117
f 130/140/130 165/164/165 131/142/131
f 164/162/164 165/164/165 130/140/130
f 165/164/165 164/162/164 153/163/153
vt 0.3823728 0.7442453
f 153/163/153 154/165/154 165/164/165
vt 0.3769499 0.7446358
f 163/158/163 165/164/165 155/166/155
f 131/142/131 165/164/165 163/158/163
f 129/139/129 131/142/131 163/158/163
vt 0.5563818 0.7477588
f 166/167/166 167/144/167 117/137/117
f 155/166/155 165/164/165 154/165/154
f 167/144/167 166/167/166 143/145/143
f 152/161/152 163/158/163 155/166/155
f 117/137/117 167/144/167 124/138/124
vt 0.5194361 0.7593227
f 144/146/144 143/145/143 168/168/168
vt 0.4798394 0.7567899
f 169/169/169 144/146/144 168/168/168
f 145/148/145 144/146/144 169/169/169
f 146/150/146 145/148/145 169/169/169
vt 0.4619355 0.7557334
f 169/169/169 170/170/170 146/150/146
f 147/152/147 146/150/146 170/170/170
vt 0.4367657 0.7542091
f 170/170/170 171/171/171 147/152/147
f 148/154/148 147/152/147 171/171/171
vt 0.4104901 0.7525698
f 172/172/172 148/154/148 171/171/171
f 149/156/149 148/154/148 172/172/172
vt 0.3960752 0.7515927
f 172/172/172 173/173/173 149/156/149
vt 0.3648039 0.7504868
f 150/160/150 151/159/151 175/174/175
vt 0.3715702 0.7498050
f 151/159/151 152/161/152 176/175/176
f 176/175/176 175/174/175 151/159/151
vt 0.3884722 0.7508057
f 177/176/177 149/156/149 173/173/173
f 153/163/153 149/156/149 177/176/177
vt 0.3822269 0.7499193
f 178/177/178 153/163/153 177/176/177
f 154/165/154 153/163/153 178/177/178
f 155/166/155 154/165/154 178/177/178
vt 0.3768521 0.7492747
f 178/177/178 179/178/179 155/166/155
vt 0.5520611 0.7614966
f 174/179/174 168/168/168 143/145/143
f 176/175/176 155/166/155 179/178/179
f 152/161/152 155/166/155 176/175/176
vt 0.5091602 0.7627053
vt 0.5484973 0.7649263
vt 0.5440736 0.7729609
f 190/180/190 200/181/200 180/182/180
f 200/181/200 190/180/190 168/168/168
vt 0.4967815 0.7698480
f 180/182/180 181/183/181 190/180/190
vt 0.4771489 0.7607611
f 191/184/191 190/180/190 181/183/181
f 190/180/190 191/184/191 169/169/169
f 169/169/169 168/168/168 190/180/190
vt 0.4686840 0.7678576
f 181/183/181 182/185/182 191/184/191
vt 0.4567274 0.7593243
f 192/186/192 191/184/191 182/185/182
f 191/184/191 192/186/192 170/170/170
f 170/170/170 169/169/169 191/184/191
vt 0.4466578 0.7661622
f 182/185/182 183/187/183 192/186/192
f 171/171/171 170/170/170 192/186/192
vt 0.4329925 0.7581981
f 193/188/193 192/186/192 183/187/183
f 192/186/192 193/188/193 171/171/171
vt 0.4175649 0.7637916
f 183/187/183 184/189/184 193/188/193
vt 0.4071798 0.7572188
f 194/190/194 193/188/193 184/189/184
f 193/188/193 194/190/194 172/172/172
f 172/172/172 171/171/171 193/188/193
vt 0.4037621 0.7623937
f 184/189/184 185/191/185 194/190/194
vt 0.3956084 0.7568210
f 195/192/195 194/190/194 185/191/185
vt 0.3950413 0.7611604
f 185/191/185 186/193/186 195/192/195
f 194/190/194 195/192/195 173/173/173
f 173/173/173 172/172/172 194/190/194
f 168/168/168 174/179/174 200/181/200
vt 0.3669233 0.7599114
vt 0.3722988 0.7530311
vt 0.3762855 0.7619235
f 187/194/187 197/195/197 212/196/212
vt 0.3652597 0.7539921
f 196/197/196 197/195/197 187/194/187
f 176/175/176 196/197/196 175/174/175
f 197/195/197 196/197/196 176/175/176
vt 0.3876220 0.7561228
f 198/198/198 195/192/195 186/193/186
vt 0.3867721 0.7595633
f 186/193/186 188/199/188 198/198/198
f 195/192/195 198/198/198 177/176/177
f 177/176/177 173/173/173 195/192/195
vt 0.3810127 0.7539887
f 199/200/199 198/198/198 188/199/188
vt 0.3790481 0.7577785
f 188/199/188 189/201/189 199/200/199
f 177/176/177 199/200/199 178/177/178
f 198/198/198 199/200/199 177/176/177
f 197/195/197 199/200/199 189/201/189
f 212/196/212 197/195/197 189/201/189
f 179/178/179 199/200/199 197/195/197
f 178/177/178 199/200/199 179/178/179
f 179/178/179 197/195/197 176/175/176
vt 0.5489709 0.7844902
vt 0.5138174 0.7821317
f 201/202/201 202/203/202 180/182/180
f 181/183/181 180/182/180 202/203/202
vt 0.5006913 0.7811842
f 202/203/202 203/204/203 181/183/181
f 182/185/182 181/183/181 203/204/203
vt 0.4698227 0.7787437
f 203/204/203 204/205/204 182/185/182
f 183/187/183 182/185/182 204/205/204
vt 0.4373844 0.7758672
f 204/205/204 205/206/205 183/187/183
vt 0.4141623 0.7738421
f 206/207/206 183/187/183 205/206/205
f 184/189/184 183/187/183 206/207/206
vt 0.4025031 0.7721657
f 207/208/207 184/189/184 206/207/206
f 185/191/185 184/189/184 207/208/207
f 186/193/186 185/191/185 207/208/207
vt 0.3934204 0.7705477
f 207/208/207 208/209/208 186/193/186
vt 0.3727444 0.7679839
vt 0.3785127 0.7679553
f 210/210/210 212/196/212 209/211/209
f 187/194/187 212/196/212 210/210/210
f 188/199/188 186/193/186 208/209/208
vt 0.3845038 0.7687878
f 208/209/208 211/212/211 188/199/188
f 212/196/212 188/199/188 211/212/211
f 209/211/209 212/196/212 211/212/211
f 189/201/189 188/199/188 212/196/212
vt 0.4592260 0.7887025
vt 0.4734782 0.7898439
f 214/213/214 204/205/204 213/214/213
f 205/206/205 204/205/204 214/213/214
vt 0.4398206 0.7861987
f 214/213/214 215/215/215 205/206/205
f 206/207/206 205/206/205 215/215/215
vt 0.4140800 0.7835709
f 215/215/215 216/216/216 206/207/206
vt 0.4010323 0.7816064
f 217/217/217 206/207/206 216/216/216
f 207/208/207 206/207/206 217/217/217
vt 0.3916927 0.7797611
f 218/218/218 207/208/207 217/217/217
f 208/209/208 207/208/207 218/218/218
f 204/205/204 203/204/203 213/214/213
vt 0.3693451 0.7729229
vt 0.3808620 0.7776017
f 220/219/220 209/211/209 219/220/219
f 210/210/210 209/211/209 220/219/220
f 211/212/211 208/209/208 218/218/218
vt 0.3821298 0.7791018
f 218/218/218 235/221/235 211/212/211
f 219/220/219 211/212/211 235/221/235
f 209/211/209 211/212/211 219/220/219
vt 0.4299001 0.7864649
vt 0.4384948 0.7993544
vt 0.4287334 0.7984842
f 229/222/229 227/223/227 228/224/228
vt 0.4438291 0.7877690
f 226/225/226 227/223/227 229/222/229
f 214/213/214 226/225/226 215/215/215
vt 0.4104046 0.7847264
vt 0.4005864 0.7843157
f 230/226/230 231/227/231 217/217/217
f 217/217/217 216/216/216 230/226/230
vt 0.3907787 0.7841860
f 231/227/231 233/228/233 218/218/218
f 218/218/218 217/217/217 231/227/231
f 226/225/226 229/222/229 215/215/215
vt 0.4189340 0.7979627
vt 0.4187513 0.8007185
f 232/229/232 228/224/228 221/230/221
vt 0.4201793 0.7854987
f 234/231/234 228/224/228 232/229/232
f 229/222/229 228/224/228 234/231/234
vt 0.4138274 0.7979574
f 222/232/222 232/229/232 221/230/221
f 234/231/234 232/229/232 222/232/222
f 230/226/230 234/231/234 222/232/222
vt 0.4090585 0.7959740
f 223/233/223 230/226/230 222/232/222
vt 0.3993130 0.7924808
f 224/234/224 230/226/230 223/233/223
f 231/227/231 230/226/230 224/234/224
f 233/228/233 231/227/231 224/234/224
vt 0.3897506 0.7901019
f 224/234/224 225/235/225 233/228/233
f 229/222/229 234/231/234 216/216/216
f 216/216/216 215/215/215 229/222/229
f 234/231/234 230/226/230 216/216/216
f 233/228/233 235/221/235 218/218/218
vt 0.4088838 0.7984680
f 222/232/222 236/236/236 223/233/223
f 223/233/223 236/236/236 224/234/224
vt 0.7468525 0.4997521
vt 0.7678970 0.4906572
vt 0.7711790 0.5020156
f 262/237/262 241/238/241 261/239/261
vt 0.7960245 0.4950637
vt 0.8076699 0.4983934
vt 0.8048068 0.5093307
f 238/240/238 237/241/237 298/242/298
vt 0.7466186 0.4892563
f 240/243/240 241/238/241 262/237/262
vt 0.7932791 0.5059077
f 298/242/298 259/244/259 238/240/238
vt 0.7826453 0.5035375
f 260/245/260 238/240/238 259/244/259
vt 0.7845581 0.4926848
f 239/246/239 238/240/238 260/245/260
vt 0.7308636 0.4888627
f 242/247/242 240/243/240 262/237/262
vt 0.7240587 0.4991630
f 262/237/262 263/248/263 242/247/242
f 261/239/261 239/246/239 260/245/260
f 241/238/241 239/246/239 261/239/261
vt 0.7076975 0.4888938
f 243/249/243 242/247/242 263/248/263
vt 0.6913728 0.4991550
f 263/248/263 264/250/264 243/249/243
vt 0.6893910 0.4891071
f 247/251/247 243/249/243 264/250/264
vt 0.6805125 0.4975383
f 265/252/265 247/251/247 264/250/264
vt 0.6796587 0.4893819
f 247/251/247 265/252/265 244/253/244
vt 0.6695979 0.4896919
vt 0.6716872 0.5001208
f 245/254/245 265/252/265 288/255/288
f 244/253/244 265/252/265 245/254/245
vt 0.6598006 0.4998262
f 266/256/266 245/254/245 288/255/288
vt 0.6595300 0.4898345
f 246/257/246 245/254/245 266/256/266
vt 0.6492828 0.4994949
f 267/258/267 246/257/246 266/256/266
vt 0.6492595 0.4896159
f 248/259/248 246/257/246 267/258/267
vt 0.6402841 0.4890957
f 268/260/268 248/259/248 267/258/267
vt 0.6284997 0.4882814
vt 0.6278964 0.4977912
f 249/261/249 268/260/268 269/262/269
vt 0.6186612 0.4876246
f 250/263/250 249/261/249 269/262/269
vt 0.6180435 0.4971093
f 269/262/269 270/264/270 250/263/250
vt 0.8006272 0.5192215
f 259/244/259 298/242/298 271/265/271
vt 0.7906050 0.5160484
f 271/265/271 272/266/272 259/244/259
vt 0.7807173 0.5138017
f 273/267/273 259/244/259 272/266/272
f 260/245/260 259/244/259 273/267/273
vt 0.7707682 0.5122464
f 274/268/274 260/245/260 273/267/273
f 261/239/261 260/245/260 274/268/274
vt 0.7584372 0.5109435
f 275/269/275 261/239/261 274/268/274
f 262/237/262 261/239/261 275/269/275
vt 0.7305105 0.5095707
f 276/270/276 262/237/262 275/269/275
f 263/248/263 262/237/262 276/270/276
vt 0.7153766 0.5094118
f 276/270/276 277/271/277 263/248/263
f 264/250/264 263/248/263 277/271/277
vt 0.6951987 0.5094684
f 277/271/277 278/272/278 264/250/264
vt 0.6802826 0.5096912
f 279/273/279 264/250/264 278/272/278
f 265/252/265 264/250/264 279/273/279
f 288/255/288 265/252/265 279/273/279
vt 0.6704338 0.5099856
f 280/274/280 288/255/288 279/273/279
vt 0.6602182 0.5056514
f 289/275/289 288/255/288 280/274/280
vt 0.6605779 0.5104212
f 280/274/280 281/276/281 289/275/289
f 288/255/288 289/275/289 266/256/266
vt 0.6531250 0.5104074
f 282/277/282 289/275/289 281/276/281
f 267/258/267 289/275/289 282/277/282
vt 0.6502179 0.5101228
f 283/278/283 267/258/267 282/277/282
f 266/256/266 289/275/289 267/258/267
vt 0.6381791 0.5038344
f 290/279/290 267/258/267 283/278/283
vt 0.6376408 0.5082005
f 284/280/284 290/279/290 283/278/283
f 268/260/268 267/258/267 290/279/290
vt 0.6267797 0.5070976
f 285/281/285 290/279/290 284/280/284
f 269/262/269 290/279/290 285/281/285
f 268/260/268 290/279/290 269/262/269
f 270/264/270 269/262/269 285/281/285
vt 0.6172854 0.5065697
f 285/281/285 47/282/47 270/264/270
vt 0.9117087 0.5576159
vt 0.9295921 0.5729226
vt 0.9137515 0.5903854
f 251/283/251 252/284/252 292/285/292
vt 0.8968716 0.5750299
f 292/285/292 291/286/291 251/283/251
vt 0.8929999 0.5432502
f 253/287/253 251/283/251 291/286/291
vt 0.8793979 0.5609458
f 291/286/291 293/288/293 253/287/253
vt 0.8729106 0.5296685
f 254/289/254 253/287/253 293/288/293
vt 0.8606532 0.5479337
f 293/288/293 294/290/294 254/289/254
vt 0.8523241 0.5428292
f 295/291/295 254/289/254 294/290/294
vt 0.8622943 0.5233123
f 255/292/255 254/289/254 295/291/295
vt 0.8394610 0.5356935
f 296/293/296 255/292/255 295/291/295
vt 0.8493940 0.5163518
f 256/294/256 255/292/255 296/293/296
vt 0.8321230 0.5080816
f 257/295/257 256/294/256 296/293/296
vt 0.8227274 0.5277671
f 296/293/296 286/296/286 257/295/257
vt 0.6099766 0.4981292
f 47/282/47 58/297/58 270/264/270
f 270/264/270 58/297/58 250/263/250
vt 0.5995488 0.4863281
f 250/263/250 58/297/58 15/298/15
vt 0.8098210 0.5226978
vt 0.8179311 0.5164307
f 287/299/287 297/300/297 286/296/286
f 286/296/286 297/300/297 257/295/257
vt 0.8147063 0.5009240
f 257/295/257 297/300/297 258/301/258
f 258/301/258 297/300/297 287/299/287
f 287/299/287 298/242/298 258/301/258
f 258/301/258 298/242/298 237/241/237
f 271/265/271 298/242/298 287/299/287
vt 0.7452356 0.5210562
f 276/270/276 275/269/275 299/302/299
vt 0.7232946 0.5199614
f 299/302/299 300/303/300 276/270/276
f 277/271/277 276/270/276 300/303/300
vt 0.7103351 0.5204943
f 300/303/300 301/304/301 277/271/277
f 278/272/278 277/271/277 301/304/301
vt 0.6992579 0.5251808
f 301/304/301 340/305/340 278/272/278
vt 0.6872805 0.5249497
f 302/306/302 278/272/278 340/305/340
f 279/273/279 278/272/278 302/306/302
vt 0.6708315 0.5249937
f 303/307/303 279/273/279 302/306/302
f 280/274/280 279/273/279 303/307/303
vt 0.6616286 0.5215683
f 304/308/304 280/274/280 303/307/303
f 281/276/281 280/274/280 304/308/304
f 282/277/282 281/276/281 304/308/304
vt 0.6525307 0.5219042
f 305/309/305 282/277/282 304/308/304
vt 0.6505788 0.5126337
f 316/310/316 282/277/282 305/309/305
f 282/277/282 316/310/316 283/278/283
vt 0.6431530 0.5203715
f 306/311/306 316/310/316 305/309/305
vt 0.6403781 0.5193261
f 307/312/307 316/310/316 306/311/306
f 284/280/284 316/310/316 307/312/307
f 283/278/283 316/310/316 284/280/284
vt 0.6328950 0.5172250
f 309/313/309 284/280/284 307/312/307
f 285/281/285 284/280/284 309/313/309
vt 0.6270800 0.5166005
f 309/313/309 310/314/310 285/281/285
vt 0.8182939 0.5370395
f 287/299/287 286/296/286 308/315/308
vt 0.8065177 0.5321627
f 308/315/308 311/316/311 287/299/287
vt 0.6176031 0.5165457
f 312/317/312 285/281/285 310/314/310
f 47/282/47 285/281/285 312/317/312
vt 0.6080221 0.5167338
f 73/318/73 47/282/47 312/317/312
vt 0.7976704 0.5290322
f 313/319/313 287/299/287 311/316/311
f 271/265/271 287/299/287 313/319/313
vt 0.7881895 0.5262652
f 314/320/314 271/265/271 313/319/313
f 272/266/272 271/265/271 314/320/314
f 273/267/273 272/266/272 314/320/314
vt 0.7784595 0.5265613
f 314/320/314 347/321/347 273/267/273
f 274/268/274 273/267/273 347/321/347
vt 0.7691440 0.5246158
f 347/321/347 348/322/348 274/268/274
vt 0.7599607 0.5242262
f 315/323/315 274/268/274 348/322/348
f 275/269/275 274/268/274 315/323/315
f 299/302/299 275/269/275 315/323/315
vt 0.7422175 0.5255703
vt 0.7237269 0.5265477
f 338/324/338 337/325/337 300/303/300
f 300/303/300 299/302/299 338/324/338
vt 0.7103313 0.5312137
vt 0.7218168 0.5311134
f 318/326/318 337/325/337 317/327/317
vt 0.7103282 0.5261446
f 339/328/339 337/325/337 318/326/318
vt 0.7003005 0.5313150
f 319/329/319 339/328/339 318/326/318
f 340/305/340 339/328/339 319/329/319
f 300/303/300 339/328/339 301/304/301
f 337/325/337 339/328/339 300/303/300
f 339/328/339 340/305/340 301/304/301
vt 0.6866401 0.5314540
f 320/330/320 340/305/340 319/329/319
f 302/306/302 340/305/340 320/330/320
f 303/307/303 302/306/302 320/330/320
vt 0.6619341 0.5313663
f 321/331/321 303/307/303 320/330/320
vt 0.6618437 0.5251033
f 341/332/341 303/307/303 321/331/321
f 303/307/303 341/332/341 304/308/304
vt 0.6532908 0.5270128
f 342/333/342 341/332/341 321/331/321
vt 0.6535851 0.5313287
f 321/331/321 322/334/322 342/333/342
vt 0.6477576 0.5312063
f 323/335/323 342/333/342 322/334/322
f 341/332/341 342/333/342 305/309/305
f 305/309/305 304/308/304 341/332/341
vt 0.8039188 0.5412868
vt 0.8138912 0.5457408
f 345/336/345 308/315/308 328/337/328
f 305/309/305 342/333/342 323/335/323
vt 0.6418099 0.5222598
f 343/338/343 305/309/305 323/335/323
f 311/316/311 308/315/308 345/336/345
vt 0.6450822 0.5309148
f 324/339/324 343/338/343 323/335/323
f 306/311/306 305/309/305 343/338/343
f 306/311/306 343/338/343 307/312/307
vt 0.6372988 0.5296398
f 325/340/325 343/338/343 324/339/324
f 307/312/307 343/338/343 325/340/325
f 309/313/309 307/312/307 325/340/325
vt 0.6280213 0.5227272
f 344/341/344 309/313/309 325/340/325
vt 0.6292026 0.5283695
f 326/342/326 344/341/344 325/340/325
vt 0.6181795 0.5277232
f 327/343/327 344/341/344 326/342/326
vt 0.7946532 0.5384073
f 311/316/311 345/336/345 329/344/329
f 313/319/313 311/316/311 329/344/329
vt 0.7856396 0.5356504
vt 0.7870350 0.5304878
vt 0.7907882 0.5371622
f 331/345/331 346/346/346 330/347/330
vt 0.7769529 0.5338672
f 332/348/332 346/346/346 331/345/331
f 347/321/347 346/346/346 332/348/332
f 309/313/309 344/341/344 310/314/310
f 344/341/344 327/343/327 312/317/312
f 312/317/312 310/314/310 344/341/344
vt 0.6033038 0.5279881
f 312/317/312 102/349/102 73/318/73
f 330/347/330 313/319/313 329/344/329
f 327/343/327 102/349/102 312/317/312
f 346/346/346 313/319/313 330/347/330
f 314/320/314 313/319/313 346/346/346
f 346/346/346 347/321/347 314/320/314
vt 0.7681704 0.5326583
f 333/350/333 347/321/347 332/348/332
f 348/322/348 347/321/347 333/350/333
f 315/323/315 348/322/348 333/350/333
vt 0.7590968 0.5318670
f 333/350/333 334/351/334 315/323/315
f 338/324/338 315/323/315 334/351/334
vt 0.7496250 0.5313830
f 334/351/334 335/352/335 338/324/338
vt 0.7400701 0.5311162
f 335/352/335 336/353/336 338/324/338
f 315/323/315 338/324/338 299/302/299
f 337/325/337 338/324/338 336/353/336
f 336/353/336 317/327/317 337/325/337
vt 0.8964640 0.6075457
f 291/286/291 292/285/292 350/354/350
vt 0.8808439 0.5916315
f 350/354/350 349/355/349 291/286/291
f 293/288/293 291/286/291 349/355/349
vt 0.8648423 0.5773000
f 349/355/349 351/356/351 293/288/293
f 294/290/294 293/288/293 351/356/351
vt 0.8466995 0.5634059
f 351/356/351 352/357/352 294/290/294
f 295/291/295 294/290/294 352/357/352
vt 0.8299169 0.5532837
f 353/358/353 295/291/295 352/357/352
f 296/293/296 295/291/295 353/358/353
vt 0.8248245 0.5399327
f 353/358/353 354/359/354 296/293/296
f 296/293/296 354/359/354 286/296/286
f 286/296/286 354/359/354 308/315/308
f 308/315/308 354/359/354 328/337/328
f 328/337/328 354/359/354 353/358/353
vt 0.6807343 0.5411271
f 321/331/321 320/330/320 355/360/355
vt 0.6615597 0.5403578
f 355/360/355 356/361/356 321/331/321
vt 0.6531819 0.5394125
f 357/362/357 321/331/321 356/361/356
f 322/334/322 321/331/321 357/362/357
f 323/335/323 322/334/322 357/362/357
vt 0.6467018 0.5387220
f 357/362/357 358/363/358 323/335/323
f 324/339/324 323/335/323 358/363/358
vt 0.6449634 0.5386970
f 358/363/358 359/364/359 324/339/324
vt 0.6361639 0.5389313
f 360/365/360 324/339/324 359/364/359
f 325/340/325 324/339/324 360/365/360
f 326/342/326 325/340/325 360/365/360
vt 0.6291896 0.5390904
f 360/365/360 361/366/361 326/342/326
vt 0.6180149 0.5381131
f 362/367/362 326/342/326 361/366/361
f 327/343/327 326/342/326 362/367/362
f 102/349/102 327/343/327 362/367/362
vt 0.5930900 0.5375664
f 362/367/362 111/368/111 102/349/102
vt 0.7841547 0.5418364
f 330/347/330 377/369/377 331/345/331
vt 0.7755758 0.5421205
f 377/369/377 365/370/365 332/348/332
f 332/348/332 331/345/331 377/369/377
vt 0.7916168 0.5473841
f 330/347/330 329/344/329 363/371/363
f 377/369/377 330/347/330 363/371/363
vt 0.7837070 0.5444769
f 364/372/364 377/369/377 363/371/363
f 365/370/365 377/369/377 364/372/364
vt 0.7672456 0.5415329
f 365/370/365 366/373/366 333/350/333
f 333/350/333 332/348/332 365/370/365
vt 0.7585098 0.5408819
f 366/373/366 367/374/367 334/351/334
f 334/351/334 333/350/333 366/373/366
vt 0.7494903 0.5405650
f 367/374/367 378/375/378 335/352/335
f 335/352/335 334/351/334 367/374/367
vt 0.7399473 0.5403526
f 378/375/378 379/376/379 336/353/336
f 336/353/336 335/352/335 378/375/378
vt 0.7399349 0.5408713
f 378/375/378 368/377/368 379/376/379
vt 0.7209330 0.5406787
f 379/376/379 380/378/380 317/327/317
f 317/327/317 336/353/336 379/376/379
vt 0.7302675 0.5410486
f 369/379/369 379/376/379 368/377/368
f 380/378/380 379/376/379 369/379/369
vt 0.7205477 0.5412295
f 369/379/369 370/380/370 380/378/380
vt 0.7135874 0.5413454
f 317/327/317 380/378/380 371/381/371
f 318/326/318 317/327/317 371/381/371
vt 0.7112194 0.5414623
f 407/382/407 318/326/318 371/381/371
vt 0.7003595 0.5412517
f 372/383/372 318/326/318 407/382/407
f 319/329/319 318/326/318 372/383/372
f 371/381/371 380/378/380 370/380/370
vt 0.6904162 0.5412025
f 373/384/373 319/329/319 372/383/372
f 320/330/320 319/329/319 373/384/373
f 373/384/373 355/360/355 320/330/320
vt 0.8048601 0.5520988
vt 0.8093603 0.5537821
f 375/385/375 328/337/328 374/386/374
f 345/336/345 328/337/328 375/385/375
vt 0.7994555 0.5503026
f 376/387/376 345/336/345 375/385/375
f 329/344/329 345/336/345 376/387/376
f 376/387/376 363/371/363 329/344/329
vt 0.6809657 0.5476282
vt 0.6608692 0.5466264
f 401/388/401 402/389/402 356/361/356
f 356/361/356 355/360/355 401/388/401
vt 0.6701923 0.5520711
f 402/389/402 401/388/401 381/390/381
vt 0.6600661 0.5510161
f 381/390/381 382/391/382 402/389/402
vt 0.7812205 0.5544159
f 363/371/363 390/392/390 364/372/364
vt 0.6522827 0.5440613
f 356/361/356 403/393/403 357/362/357
vt 0.7888126 0.5557891
f 389/394/389 390/392/390 363/371/363
f 402/389/402 403/393/403 356/361/356
f 357/362/357 403/393/403 358/363/358
f 403/393/403 402/389/402 382/391/382
vt 0.6506011 0.5491787
f 382/391/382 383/395/383 403/393/403
vt 0.7746410 0.5537047
f 364/372/364 391/396/391 365/370/365
f 390/392/390 391/396/391 364/372/364
vt 0.6419592 0.5492823
f 384/397/384 403/393/403 383/395/383
f 358/363/358 403/393/403 384/397/384
vt 0.6404690 0.5473694
f 404/398/404 358/363/358 384/397/384
f 359/364/359 358/363/358 404/398/404
vt 0.6379870 0.5503228
f 385/399/385 404/398/404 384/397/384
vt 0.7653812 0.5533322
f 391/396/391 406/400/406 366/373/366
f 359/364/359 404/398/404 360/365/360
f 366/373/366 365/370/365 391/396/391
f 360/365/360 404/398/404 385/399/385
f 361/366/361 360/365/360 385/399/385
vt 0.6313341 0.5517736
f 386/401/386 361/366/361 385/399/385
vt 0.6264050 0.5471197
f 405/402/405 361/366/361 386/401/386
vt 0.6176741 0.5415996
f 361/366/361 136/403/136 362/367/362
f 405/402/405 136/403/136 361/366/361
f 367/374/367 366/373/366 406/400/406
f 111/368/111 362/367/362 136/403/136
vt 0.6247663 0.5513094
f 387/404/387 405/402/405 386/401/386
vt 0.7494176 0.5531008
f 392/405/392 367/374/367 406/400/406
f 378/375/378 367/374/367 392/405/392
vt 0.6153361 0.5489226
f 388/406/388 405/402/405 387/404/387
vt 0.7400675 0.5533522
f 393/407/393 378/375/378 392/405/392
f 136/403/136 405/402/405 388/406/388
f 368/377/368 378/375/378 393/407/393
vt 0.7221114 0.5537125
f 394/408/394 368/377/368 393/407/393
f 369/379/369 368/377/368 394/408/394
vt 0.5920198 0.5349301
f 139/409/139 136/403/136 388/406/388
vt 0.5926868 0.5418484
f 388/406/388 117/410/117 139/409/139
f 370/380/370 369/379/369 394/408/394
vt 0.8046756 0.5603807
f 375/385/375 374/386/374 398/411/398
vt 0.8039662 0.5601217
f 398/411/398 399/412/399 375/385/375
vt 0.7004896 0.5446818
f 407/382/407 408/413/408 372/383/372
f 376/387/376 375/385/375 399/412/399
vt 0.7951130 0.5583044
f 399/412/399 441/414/441 376/387/376
f 371/381/371 370/380/370 394/408/394
vt 0.7112532 0.5539941
f 395/415/395 371/381/371 394/408/394
f 407/382/407 371/381/371 395/415/395
vt 0.7945544 0.5574899
f 400/416/400 376/387/376 441/414/441
f 389/394/389 376/387/376 400/416/400
f 363/371/363 376/387/376 389/394/389
f 408/413/408 407/382/407 395/415/395
vt 0.7010297 0.5534303
f 395/415/395 396/417/396 408/413/408
vt 0.6903445 0.5468690
f 408/413/408 397/418/397 373/384/373
f 373/384/373 372/383/372 408/413/408
f 397/418/397 401/388/401 355/360/355
f 355/360/355 373/384/373 397/418/397
f 397/418/397 408/413/408 396/417/396
vt 0.8801693 0.6220824
vt 0.8657985 0.6054504
f 414/419/414 415/420/415 349/355/349
f 349/355/349 350/354/350 414/419/414
vt 0.8534715 0.5884763
f 349/355/349 416/421/416 351/356/351
f 415/420/415 416/421/416 349/355/349
vt 0.8451696 0.5679432
f 351/356/351 417/422/417 352/357/352
f 416/421/416 417/422/417 351/356/351
vt 0.8622675 0.6084551
vt 0.8762864 0.6256511
f 409/423/409 414/419/414 410/424/410
f 415/420/415 414/419/414 409/423/409
vt 0.8480440 0.5933112
f 411/425/411 415/420/415 409/423/409
f 416/421/416 415/420/415 411/425/411
vt 0.8338655 0.5797666
f 412/426/412 416/421/416 411/425/411
f 417/422/417 416/421/416 412/426/412
vt 0.8190592 0.5683167
f 413/427/413 417/422/417 412/426/412
f 353/358/353 417/422/417 413/427/413
f 352/357/352 417/422/417 353/358/353
vt 0.8152431 0.5563785
f 413/427/413 419/428/419 353/358/353
f 353/358/353 419/428/419 328/337/328
f 328/337/328 419/428/419 374/386/374
f 374/386/374 419/428/419 398/411/398
f 398/411/398 419/428/419 413/427/413
vt 0.8967783 0.6377254
f 418/429/418 414/419/414 350/354/350
vt 0.8013297 0.5662789
vt 0.8026264 0.5670938
f 421/430/421 398/411/398 420/431/420
f 399/412/399 398/411/398 421/430/421
vt 0.7940758 0.5636289
f 422/432/422 399/412/399 421/430/421
vt 0.7494560 0.5542073
f 406/400/406 442/433/442 392/405/392
f 441/414/441 399/412/399 422/432/422
vt 0.7497842 0.5628453
f 442/433/442 406/400/406 424/434/424
vt 0.7216247 0.5564116
f 442/433/442 443/435/443 393/407/393
f 393/407/393 392/405/392 442/433/442
f 443/435/443 442/433/442 424/434/424
vt 0.7876908 0.5624555
f 423/436/423 441/414/441 422/432/422
f 400/416/400 441/414/441 423/436/423
f 389/394/389 400/416/400 423/436/423
f 394/408/394 393/407/393 443/435/443
vt 0.7813908 0.5620486
f 425/437/425 389/394/389 423/436/423
f 390/392/390 389/394/389 425/437/425
vt 0.7743456 0.5619563
f 426/438/426 390/392/390 425/437/425
vt 0.7237545 0.5644429
f 424/434/424 428/439/428 443/435/443
f 391/396/391 390/392/390 426/438/426
vt 0.7666660 0.5620382
f 427/440/427 391/396/391 426/438/426
f 406/400/406 391/396/391 427/440/427
vt 0.7115414 0.5582955
f 443/435/443 444/441/444 395/415/395
f 395/415/395 394/408/394 443/435/443
f 444/441/444 443/435/443 428/439/428
f 424/434/424 406/400/406 427/440/427
vt 0.7118933 0.5650702
f 428/439/428 429/442/429 444/441/444
vt 0.7014803 0.5615307
f 444/441/444 445/443/445 396/417/396
f 396/417/396 395/415/395 444/441/444
f 445/443/445 444/441/444 429/442/429
vt 0.7016724 0.5653597
f 429/442/429 430/444/430 445/443/445
vt 0.6911142 0.5640641
f 445/443/445 446/445/446 397/418/397
f 397/418/397 396/417/396 445/443/445
f 446/445/446 445/443/445 430/444/430
vt 0.6911765 0.5655512
f 430/444/430 431/446/431 446/445/446
vt 0.6775592 0.5657298
f 446/445/446 432/447/432 401/388/401
f 401/388/401 397/418/397 446/445/446
f 432/447/432 446/445/446 431/446/431
f 381/390/381 401/388/401 432/447/432
vt 0.6690369 0.5655521
f 433/448/433 381/390/381 432/447/432
vt 0.6621312 0.5651541
f 434/449/434 381/390/381 433/448/433
f 382/391/382 381/390/381 434/449/434
vt 0.6565645 0.5646222
f 447/450/447 382/391/382 434/449/434
vt 0.6478146 0.5556256
f 382/391/382 448/451/448 383/395/383
f 447/450/447 448/451/448 382/391/382
vt 0.6424940 0.5641940
f 447/450/447 435/452/435 448/451/448
f 383/395/383 448/451/448 384/397/384
vt 0.6341273 0.5548136
f 449/453/449 448/451/448 435/452/435
vt 0.6404338 0.5645064
f 436/454/436 449/453/449 435/452/435
f 385/399/385 448/451/448 449/453/449
f 384/397/384 448/451/448 385/399/385
vt 0.6299081 0.5644166
f 437/455/437 449/453/449 436/454/436
vt 0.6288101 0.5631476
f 450/456/450 449/453/449 437/455/437
vt 0.6284260 0.5641233
f 438/457/438 450/456/450 437/455/437
f 385/399/385 449/453/449 386/401/386
vt 0.6218590 0.5588180
f 386/401/386 451/458/451 387/404/387
f 450/456/450 451/458/451 386/401/386
f 449/453/449 450/456/450 386/401/386
vt 0.6207958 0.5622042
f 439/459/439 450/456/450 438/457/438
f 451/458/451 450/456/450 439/459/439
f 388/406/388 387/404/387 451/458/451
vt 0.6122447 0.5599364
f 439/459/439 440/460/440 451/458/451
vt 0.5953474 0.5518324
f 451/458/451 166/461/166 388/406/388
f 166/461/166 451/458/451 440/460/440
f 117/410/117 388/406/388 166/461/166
vt 0.5886489 0.5534003
f 440/460/440 143/462/143 166/461/166
vt 0.8003666 0.5760174
vt 0.8092993 0.5783505
vt 0.8041977 0.5821407
f 452/463/452 478/464/478 454/465/454
vt 0.8048499 0.5723146
f 479/466/479 478/464/478 452/463/452
vt 0.7961713 0.5713807
f 455/467/455 479/466/479 452/463/452
f 420/431/420 479/466/479 455/467/455
f 421/430/421 420/431/420 455/467/455
vt 0.7940065 0.5700505
f 456/468/456 421/430/421 455/467/455
vt 0.7931827 0.5658043
f 480/469/480 421/430/421 456/468/456
f 422/432/422 421/430/421 480/469/480
vt 0.7872720 0.5686525
f 457/470/457 480/469/480 456/468/456
f 480/469/480 457/470/457 423/436/423
f 423/436/423 422/432/422 480/469/480
vt 0.7321888 0.5738950
vt 0.7574117 0.5715433
f 460/471/460 424/434/424 458/472/458
vt 0.7824586 0.5692254
f 423/436/423 457/470/457 527/473/527
f 428/439/428 424/434/424 460/471/460
f 425/437/425 423/436/423 527/473/527
vt 0.7746633 0.5700046
f 459/474/459 425/437/425 527/473/527
f 426/438/426 425/437/425 459/474/459
f 427/440/427 426/438/426 459/474/459
vt 0.7223136 0.5746485
f 460/471/460 461/475/461 428/439/428
vt 0.7673346 0.5706929
f 459/474/459 530/476/530 427/440/427
vt 0.8550966 0.6548073
vt 0.8426442 0.6373079
vt 0.8537497 0.6402889
f 453/477/453 464/478/464 482/479/482
f 424/434/424 427/440/427 530/476/530
f 530/476/530 458/472/458 424/434/424
vt 0.8330898 0.6223714
f 465/480/465 482/479/482 464/478/464
vt 0.8414991 0.6246634
f 483/481/483 482/479/482 465/480/465
vt 0.7121556 0.5753279
f 461/475/461 481/482/481 429/442/429
f 429/442/429 428/439/428 461/475/461
vt 0.8351686 0.6162305
f 484/483/484 483/481/483 465/480/465
vt 0.7079481 0.5755986
f 429/442/429 481/482/481 462/484/462
vt 0.8255936 0.6107100
f 466/485/466 484/483/484 465/480/465
f 430/444/430 429/442/429 462/484/462
vt 0.8294656 0.6080551
f 485/486/485 484/483/484 466/485/466
vt 0.7020113 0.5759644
f 544/487/544 430/444/430 462/484/462
vt 0.8240256 0.6000340
f 486/488/486 485/486/485 466/485/466
f 431/446/431 430/444/430 544/487/544
vt 0.8171204 0.5989646
f 466/485/466 467/489/467 486/488/486
vt 0.6916609 0.5765756
f 544/487/544 463/490/463 431/446/431
vt 0.8188961 0.5924109
f 487/491/487 486/488/486 467/489/467
f 432/447/432 431/446/431 463/490/463
vt 0.6780005 0.5769923
f 463/490/463 468/492/468 432/447/432
vt 0.8140747 0.5849844
f 488/493/488 487/491/487 467/489/467
vt 0.8088971 0.5887158
f 467/489/467 469/494/469 488/493/488
f 454/465/454 488/493/488 469/494/469
f 478/464/478 488/493/488 454/465/454
vt 0.6689519 0.5775638
f 470/495/470 432/447/432 468/492/468
f 433/448/433 432/447/432 470/495/470
vt 0.6629778 0.5778360
f 471/496/471 433/448/433 470/495/470
f 434/449/434 433/448/433 471/496/471
vt 0.6557140 0.5776011
f 472/497/472 434/449/434 471/496/471
f 447/450/447 434/449/434 472/497/472
f 435/452/435 447/450/447 472/497/472
vt 0.6398433 0.5748163
f 472/497/472 473/498/473 435/452/435
f 436/454/436 435/452/435 473/498/473
vt 0.6291407 0.5718181
f 474/499/474 436/454/436 473/498/473
f 437/455/437 436/454/436 474/499/474
vt 0.6270391 0.5715784
f 475/500/475 437/455/437 474/499/474
f 438/457/438 437/455/437 475/500/475
f 439/459/439 438/457/438 475/500/475
vt 0.6189898 0.5705399
f 475/500/475 476/501/476 439/459/439
f 440/460/440 439/459/439 476/501/476
vt 0.6099467 0.5689509
f 476/501/476 477/502/477 440/460/440
f 143/462/143 440/460/440 477/502/477
vt 0.5888094 0.5635500
f 477/502/477 174/503/174 143/462/143
f 409/423/409 410/424/410 483/481/483
f 483/481/483 410/424/410 482/479/482
vt 0.8432685 0.6101410
f 411/425/411 489/504/489 485/486/485
f 485/486/485 489/504/489 484/483/484
f 484/483/484 489/504/489 483/481/483
f 483/481/483 489/504/489 409/423/409
f 409/423/409 489/504/489 411/425/411
vt 0.8308473 0.5947006
f 412/426/412 490/505/490 487/491/487
f 487/491/487 490/505/490 486/488/486
f 486/488/486 490/505/490 485/486/485
f 485/486/485 490/505/490 411/425/411
f 411/425/411 490/505/490 412/426/412
vt 0.8190193 0.5807204
f 413/427/413 491/506/491 478/464/478
f 478/464/478 491/506/491 488/493/488
f 488/493/488 491/506/491 487/491/487
f 487/491/487 491/506/491 412/426/412
f 412/426/412 491/506/491 413/427/413
vt 0.8082128 0.5691925
f 398/411/398 492/507/492 420/431/420
f 420/431/420 492/507/492 479/466/479
f 479/466/479 492/507/492 478/464/478
f 478/464/478 492/507/492 413/427/413
f 413/427/413 492/507/492 398/411/398
vt 0.8700979 0.6442316
f 410/424/410 493/508/493 482/479/482
vt 0.7988867 0.5945555
vt 0.8038660 0.6041214
vt 0.7978346 0.6124635
f 502/509/502 560/510/560 500/511/500
vt 0.7892861 0.5988768
f 500/511/500 503/512/503 502/509/502
vt 0.7951633 0.5873998
f 504/513/504 502/509/502 503/512/503
vt 0.7879219 0.5906793
f 503/512/503 506/514/506 504/513/504
vt 0.7865785 0.6152122
f 503/512/503 500/511/500 501/515/501
vt 0.7802776 0.5934373
f 503/512/503 508/516/508 506/514/506
vt 0.7813144 0.6382205
vt 0.7665276 0.6318650
f 575/517/575 510/518/510 501/515/501
vt 0.7735236 0.6077896
f 510/518/510 511/519/511 501/515/501
f 501/515/501 511/519/511 503/512/503
f 508/516/508 503/512/503 511/519/511
vt 0.7721902 0.5959791
f 511/519/511 513/520/513 508/516/508
vt 0.7599218 0.6130431
f 513/520/513 511/519/511 567/521/567
vt 0.7561566 0.6005282
f 567/521/567 529/522/529 513/520/513
vt 0.7980168 0.5775630
f 454/465/454 516/523/516 452/463/452
vt 0.6678026 0.6309571
vt 0.6841048 0.6623783
vt 0.6730018 0.6662908
f 553/524/553 538/525/538 559/526/559
vt 0.8031361 0.5854959
f 562/527/562 516/523/516 454/465/454
vt 0.7949335 0.5721707
f 516/523/516 518/528/518 455/467/455
f 455/467/455 452/463/452 516/523/516
vt 0.7159533 0.6641755
vt 0.7097036 0.6310908
vt 0.7210259 0.6329728
f 505/529/505 514/530/514 512/531/512
f 516/523/516 562/527/562 504/513/504
vt 0.7918316 0.5808305
f 504/513/504 519/532/519 516/523/516
vt 0.7892725 0.5747458
f 521/533/521 516/523/516 519/532/519
vt 0.7268305 0.6091093
vt 0.7325334 0.6379455
f 515/534/515 509/535/509 512/531/512
f 518/528/518 516/523/516 521/533/521
vt 0.7164449 0.6087118
f 512/531/512 517/536/517 515/534/515
f 455/467/455 518/528/518 456/468/456
f 456/468/456 521/533/521 457/470/457
vt 0.6642833 0.6162263
vt 0.6818390 0.6244078
f 554/537/554 550/538/550 553/524/553
f 518/528/518 521/533/521 456/468/456
vt 0.6954995 0.6126531
f 551/539/551 550/538/550 554/537/554
f 519/532/519 504/513/504 506/514/506
vt 0.7061914 0.6096660
f 520/540/520 512/531/512 514/530/514
vt 0.7851245 0.5835084
f 506/514/506 523/541/523 519/532/519
f 517/536/517 512/531/512 520/540/520
f 521/533/521 519/532/519 523/541/523
vt 0.6590885 0.6438276
f 553/524/553 559/526/559 557/542/557
vt 0.7829792 0.5767139
f 523/541/523 524/543/524 521/533/521
f 523/541/523 506/514/506 508/516/508
vt 0.7004371 0.6384509
f 514/530/514 505/529/505 522/544/522
vt 0.7778545 0.5858024
f 508/516/508 525/545/525 523/541/523
f 524/543/524 523/541/523 525/545/525
vt 0.7734554 0.5789807
f 525/545/525 526/546/526 524/543/524
f 521/533/521 524/543/524 527/473/527
vt 0.6562183 0.6286243
f 557/542/557 561/547/561 553/524/553
f 457/470/457 521/533/521 527/473/527
f 554/537/554 553/524/553 561/547/561
vt 0.6938252 0.6627488
f 507/548/507 550/538/550 522/544/522
vt 0.6540532 0.6185740
f 561/547/561 563/549/563 554/537/554
f 459/474/459 524/543/524 526/546/526
f 520/540/520 514/530/514 522/544/522
f 527/473/527 524/543/524 459/474/459
f 522/544/522 551/539/551 520/540/520
vt 0.6537896 0.6343182
f 561/547/561 557/542/557 494/550/494
vt 0.6522295 0.6190077
f 495/551/495 561/547/561 494/550/494
f 525/545/525 508/516/508 513/520/513
f 563/549/563 561/547/561 495/551/495
f 551/539/551 522/544/522 550/538/550
vt 0.7658978 0.5887530
f 513/520/513 528/552/528 525/545/525
f 526/546/526 525/545/525 528/552/528
vt 0.6727577 0.6036586
vt 0.6934849 0.6001060
f 551/539/551 566/553/566 547/554/547
vt 0.6818849 0.5910929
f 552/555/552 547/554/547 566/553/566
f 528/552/528 513/520/513 529/522/529
vt 0.6707772 0.5924468
f 566/553/566 568/556/568 552/555/552
vt 0.7482187 0.5921359
f 529/522/529 532/557/532 528/552/528
vt 0.7561471 0.5818801
f 531/558/531 528/552/528 532/557/532
f 528/552/528 531/558/531 526/546/526
f 566/553/566 551/539/551 554/537/554
vt 0.6619507 0.6057363
f 554/537/554 569/559/569 566/553/566
vt 0.7383342 0.6040621
f 532/557/532 529/522/529 534/560/534
f 459/474/459 526/546/526 530/476/530
vt 0.6593128 0.5945692
f 571/561/571 566/553/566 569/559/569
f 568/556/568 566/553/566 571/561/571
vt 0.7346065 0.5844716
f 532/557/532 533/562/533 531/558/531
f 530/476/530 526/546/526 531/558/531
f 468/492/468 568/556/568 470/495/470
f 531/558/531 458/472/458 530/476/530
f 552/555/552 568/556/568 468/492/468
f 458/472/458 531/558/531 533/562/533
vt 0.6561378 0.5800673
f 571/561/571 572/563/572 471/496/471
f 533/562/533 460/471/460 458/472/458
f 568/556/568 571/561/571 471/496/471
f 470/495/470 568/556/568 471/496/471
f 471/496/471 572/563/572 472/497/472
f 569/559/569 554/537/554 563/549/563
vt 0.7344474 0.5943017
f 534/560/534 535/564/535 532/557/532
vt 0.6502753 0.6088039
f 563/549/563 573/565/573 569/559/569
f 533/562/533 532/557/532 535/564/535
vt 0.6483958 0.5980754
f 574/566/574 569/559/569 573/565/573
f 571/561/571 569/559/569 574/566/574
f 535/564/535 534/560/534 515/534/515
vt 0.7246656 0.5957138
f 515/534/515 536/567/536 535/564/535
f 573/565/573 563/549/563 495/551/495
f 533/562/533 535/564/535 536/567/536
vt 0.7233616 0.5857053
f 536/567/536 537/568/537 533/562/533
vt 0.6449096 0.5994251
f 573/565/573 496/569/496 574/566/574
vt 0.7472926 0.6415880
vt 0.7609791 0.6641388
f 545/570/545 510/518/510 543/571/543
vt 0.6444694 0.5868879
f 576/572/576 571/561/571 574/566/574
f 572/563/572 571/561/571 576/572/576
f 472/497/472 576/572/576 473/498/473
f 533/562/533 537/568/537 461/475/461
f 572/563/572 576/572/576 472/497/472
f 461/475/461 460/471/460 533/562/533
f 576/572/576 574/566/574 496/569/496
f 536/567/536 515/534/515 517/536/517
vt 0.6374209 0.5913011
f 496/569/496 497/573/497 576/572/576
vt 0.7145978 0.5972067
f 517/536/517 539/574/539 536/567/536
vt 0.6288295 0.5846382
f 578/575/578 576/572/576 497/573/497
vt 0.7131922 0.5869597
f 540/576/540 536/567/536 539/574/539
f 473/498/473 576/572/576 578/575/578
f 537/568/537 536/567/536 540/576/540
f 539/574/539 517/536/517 520/540/520
vt 0.7042159 0.5988581
f 520/540/520 541/577/541 539/574/539
vt 0.7028266 0.5886599
f 542/578/542 539/574/539 541/577/541
vt 0.6270205 0.5730450
f 578/575/578 579/579/579 474/499/474
f 540/576/540 539/574/539 542/578/542
f 474/499/474 473/498/473 578/575/578
f 537/568/537 540/576/540 481/482/481
f 474/499/474 579/579/579 475/500/475
f 481/482/481 461/475/461 537/568/537
f 542/578/542 544/487/544 462/484/462
f 540/576/540 542/578/542 462/484/462
f 481/482/481 540/576/540 462/484/462
vt 0.6182866 0.5816749
f 498/580/498 579/579/579 578/575/578
f 541/577/541 520/540/520 551/539/551
vt 0.6185473 0.5742981
f 580/581/580 579/579/579 498/580/498
f 510/518/510 567/521/567 511/519/511
f 551/539/551 547/554/547 541/577/541
vt 0.6925385 0.5900612
f 549/582/549 541/577/541 547/554/547
f 579/579/579 580/581/580 476/501/476
vt 0.7509204 0.6254119
f 545/570/545 564/583/564 510/518/510
f 542/578/542 541/577/541 549/582/549
f 476/501/476 475/500/475 579/579/579
f 567/521/567 510/518/510 564/583/564
vt 0.6077603 0.5800313
f 499/584/499 580/581/580 498/580/498
vt 0.6091169 0.5725521
f 581/585/581 580/581/580 499/584/499
f 547/554/547 552/555/552 549/582/549
f 476/501/476 581/585/581 477/502/477
f 463/490/463 542/578/542 549/582/549
f 580/581/580 581/585/581 476/501/476
f 544/487/544 542/578/542 463/490/463
f 564/583/564 529/522/529 567/521/567
vt 0.8384283 0.6403683
f 453/477/453 546/586/546 464/478/464
f 463/490/463 549/582/549 552/555/552
f 552/555/552 468/492/468 463/490/463
vt 0.8273895 0.6249104
f 546/586/546 548/587/548 465/480/465
vt 0.5791016 0.5729226
f 180/588/180 581/585/581 499/584/499
f 465/480/465 464/478/464 546/586/546
vt 0.7398310 0.6221992
f 545/570/545 570/589/570 564/583/564
vt 0.5847939 0.5661231
f 200/590/200 581/585/581 180/588/180
f 570/589/570 545/570/545 509/535/509
f 529/522/529 564/583/564 570/589/570
f 581/585/581 200/590/200 174/503/174
f 534/560/534 529/522/529 570/589/570
f 174/503/174 477/502/477 581/585/581
f 515/534/515 570/589/570 509/535/509
vt 0.8173998 0.6289094
f 548/587/548 546/586/546 555/591/555
f 534/560/534 570/589/570 515/534/515
vt 0.7271265 0.6657565
f 577/592/577 512/531/512 509/535/509
f 512/531/512 577/592/577 505/529/505
vt 0.8172176 0.6084379
f 548/587/548 556/593/556 466/485/466
f 466/485/466 465/480/465 548/587/548
f 550/538/550 507/548/507 538/525/538
f 538/525/538 553/524/553 550/538/550
f 556/593/556 548/587/548 555/591/555
f 467/489/467 466/485/466 556/593/556
vt 0.8107228 0.5977310
f 556/593/556 558/594/558 467/489/467
f 555/591/555 560/510/560 556/593/556
f 558/594/558 556/593/556 560/510/560
f 558/594/558 562/527/562 469/494/469
f 469/494/469 467/489/467 558/594/558
f 454/465/454 469/494/469 562/527/562
f 502/509/502 558/594/558 560/510/560
f 562/527/562 558/594/558 502/509/502
f 502/509/502 504/513/504 562/527/562
vt 0.8117790 0.6402867
f 565/595/565 500/511/500 555/591/555
f 565/595/565 501/515/501 500/511/500
f 501/515/501 565/595/565 575/517/575
f 560/510/560 555/591/555 500/511/500
vt 0.6472797 0.6406142
vt 0.6440902 0.6259683
f 584/596/584 585/597/585 494/550/494
f 495/551/495 494/550/494 585/597/585
vt 0.6403159 0.6118014
f 495/551/495 586/598/586 573/565/573
f 585/597/585 586/598/586 495/551/495
vt 0.6368564 0.6031944
f 586/598/586 587/599/587 496/569/496
f 496/569/496 573/565/573 586/598/586
vt 0.6328273 0.5944383
f 587/599/587 588/600/588 497/573/497
f 497/573/497 496/569/496 587/599/587
f 497/573/497 588/600/588 578/575/578
vt 0.6283988 0.5984843
f 588/600/588 587/599/587 582/601/582
vt 0.6188133 0.5924491
f 583/602/583 588/600/588 582/601/582
f 578/575/578 588/600/588 583/602/583
f 498/580/498 578/575/578 583/602/583
vt 0.2342406 0.1145530
vt 0.2292967 0.1254550
vt 0.2197144 0.1203155
f 589/603/589 591/604/591 612/605/612
vt 0.2243415 0.1104498
f 612/605/612 611/606/611 589/603/589
vt 0.2235893 0.1355438
vt 0.2143525 0.1294872
f 591/604/591 592/607/592 613/608/613
f 613/608/613 612/605/612 591/604/591
vt 0.2120166 0.1406182
vt 0.2082223 0.1381239
f 613/608/613 630/609/630 614/610/614
f 592/607/592 630/609/630 613/608/613
vt 0.2049256 0.1491927
vt 0.2016966 0.1466206
f 614/610/614 631/611/631 615/612/615
f 630/609/630 631/611/631 614/610/614
vt 0.1934806 0.1581655
f 631/611/631 617/613/617 615/612/615
vt 0.1150690 0.2390752
vt 0.1132688 0.2529663
vt 0.1089643 0.2493767
f 616/614/616 632/615/632 618/616/618
vt 0.1228464 0.2456910
f 590/617/590 632/615/632 616/614/616
vt 0.1171778 0.2549714
f 599/618/599 632/615/632 590/617/590
vt 0.1512157 0.2150463
vt 0.1435212 0.2219857
vt 0.1363325 0.2141331
f 593/619/593 595/620/595 621/621/621
vt 0.1441201 0.2071496
f 621/621/621 620/622/620 593/619/593
vt 0.1361985 0.2293341
vt 0.1288811 0.2217691
f 595/620/595 597/623/597 622/624/622
f 622/624/622 621/621/621 595/620/595
vt 0.1076146 0.2520719
f 618/616/618 632/615/632 619/625/619
vt 0.1116638 0.2657348
vt 0.1035431 0.2607451
f 632/615/632 600/626/600 624/627/624
f 619/625/619 632/615/632 624/627/624
f 599/618/599 600/626/600 632/615/632
vt 0.1289003 0.2375943
vt 0.1217758 0.2299605
f 597/623/597 602/628/602 626/629/626
f 626/629/626 622/624/622 597/623/597
vt 0.1014364 0.2655226
vt 0.1067089 0.2759613
vt 0.0986461 0.2716379
f 625/630/625 598/631/598 627/632/627
vt 0.1171643 0.2360172
f 628/633/628 590/617/590 616/614/616
vt 0.1103303 0.2684715
f 596/634/596 598/631/598 625/630/625
f 602/628/602 590/617/590 628/633/628
f 626/629/626 602/628/602 628/633/628
f 624/627/624 596/634/596 625/630/625
f 600/626/600 596/634/596 624/627/624
vt 0.1024356 0.2845065
vt 0.0942418 0.2805982
f 627/632/627 594/635/594 623/636/623
f 598/631/598 594/635/594 627/632/627
vt 0.0972942 0.2940636
vt 0.0893070 0.2896371
f 594/635/594 601/637/601 629/638/629
f 629/638/629 623/636/623 594/635/594
vt 0.2108190 0.1149099
f 611/606/611 612/605/612 634/639/634
vt 0.2153781 0.1061689
f 634/639/634 633/640/633 611/606/611
vt 0.2051954 0.1231132
f 612/605/612 613/608/613 635/641/635
f 635/641/635 634/639/634 612/605/612
vt 0.1986788 0.1309716
f 635/641/635 614/610/614 636/642/636
f 613/608/613 614/610/614 635/641/635
vt 0.1918591 0.1386818
f 636/642/636 615/612/615 637/643/637
f 614/610/614 615/612/615 636/642/636
vt 0.1856165 0.1469292
f 615/612/615 617/613/617 638/644/638
f 638/644/638 637/643/637 615/612/615
vt 0.1867130 0.1620330
vt 0.1795907 0.1555317
f 617/613/617 657/645/657 639/646/639
f 638/644/638 617/613/617 639/646/639
vt 0.1778102 0.1679957
vt 0.1731813 0.1635675
f 639/646/639 658/647/658 640/648/640
f 657/645/657 658/647/658 639/646/639
vt 0.1693845 0.1753423
vt 0.1662720 0.1709990
f 640/648/640 659/649/659 641/650/641
f 658/647/658 659/649/659 640/648/640
vt 0.1547291 0.1905239
vt 0.1515600 0.1848988
f 659/649/659 660/651/660 642/652/642
f 642/652/642 641/650/641 659/649/659
vt 0.1201637 0.2108798
vt 0.1240007 0.2159381
vt 0.1119365 0.2215679
f 647/653/647 663/654/663 645/655/645
vt 0.1439548 0.1914489
f 643/656/643 642/652/642 660/651/660
vt 0.1413889 0.2039691
vt 0.1358335 0.1975548
f 643/656/643 661/657/661 644/658/644
vt 0.1128735 0.2367044
f 618/616/618 664/659/664 616/614/616
f 660/651/660 661/657/661 643/656/643
vt 0.1008454 0.2397089
f 666/660/666 664/659/664 618/616/618
f 621/621/621 661/657/661 620/622/620
vt 0.1333217 0.2106171
f 662/661/662 661/657/661 621/621/621
f 622/624/622 662/661/662 621/621/621
f 663/654/663 662/661/662 622/624/622
vt 0.1003192 0.2389139
f 664/659/664 666/660/666 649/662/649
vt 0.1275286 0.2035989
f 644/658/644 662/661/662 646/663/646
vt 0.1065156 0.2282917
f 649/662/649 648/664/648 664/659/664
f 661/657/661 662/661/662 644/658/644
f 646/663/646 663/654/663 647/653/647
f 662/661/662 663/654/663 646/663/646
vt 0.0962523 0.2532696
f 624/627/624 665/665/665 619/625/619
f 626/629/626 663/654/663 622/624/622
f 616/614/616 664/659/664 628/633/628
vt 0.0950739 0.2515619
f 619/625/619 665/665/665 651/666/651
vt 0.0998180 0.2400330
f 650/667/650 619/625/619 651/666/651
f 628/633/628 664/659/664 648/664/648
f 618/616/618 619/625/619 650/667/650
f 626/629/626 628/633/628 648/664/648
f 666/660/666 618/616/618 650/667/650
f 645/655/645 626/629/626 648/664/648
f 663/654/663 626/629/626 645/655/645
f 649/662/649 666/660/666 650/667/650
vt 0.0919136 0.2659744
f 627/632/627 668/668/668 625/630/625
vt 0.0907000 0.2644224
f 625/630/625 668/668/668 653/669/653
vt 0.0943090 0.2538137
f 652/670/652 625/630/625 653/669/653
f 624/627/624 625/630/625 652/670/652
f 665/665/665 624/627/624 652/670/652
vt 0.0913683 0.2794229
vt 0.0862899 0.2747193
f 627/632/627 667/671/667 655/672/655
vt 0.0899348 0.2665871
f 654/673/654 627/632/627 655/672/655
f 668/668/668 627/632/627 654/673/654
f 623/636/623 667/671/667 627/632/627
f 653/669/653 668/668/668 654/673/654
vt 0.0815045 0.2831059
f 667/671/667 629/638/629 656/674/656
f 623/636/623 629/638/629 667/671/667
f 655/672/655 667/671/667 656/674/656
f 651/666/651 665/665/665 652/670/652
vt 0.1964970 0.1707291
vt 0.1825716 0.1724421
f 603/675/603 674/676/674 657/645/657
f 657/645/657 674/676/674 658/647/658
f 658/647/658 674/676/674 659/649/659
vt 0.1809741 0.1872946
f 659/649/659 674/676/674 675/677/675
f 675/677/675 674/676/674 603/675/603
f 659/649/659 675/677/675 660/651/660
vt 0.1667017 0.2009807
f 660/651/660 675/677/675 605/678/605
vt 0.1512956 0.2022010
f 605/678/605 676/679/676 660/651/660
f 660/651/660 676/679/676 661/657/661
f 661/657/661 676/679/676 620/622/620
f 620/622/620 676/679/676 593/619/593
f 593/619/593 676/679/676 605/678/605
vt 0.2456814 0.0668416
vt 0.2424355 0.0876019
vt 0.2229099 0.0789420
f 604/680/604 606/681/606 670/682/670
vt 0.2251480 0.0651292
f 670/682/670 669/683/669 604/680/604
vt 0.2263920 0.0443005
f 671/684/671 604/680/604 669/683/669
vt 0.2474920 0.0446953
f 607/685/607 604/680/604 671/684/671
vt 0.2265217 0.0232128
f 672/686/672 607/685/607 671/684/671
vt 0.2480238 0.0229134
f 608/687/608 607/685/607 672/686/672
vt 0.2476731 0.0010575
f 252/688/252 608/687/608 672/686/672
vt 0.2257034 0.0017760
f 672/686/672 292/689/292 252/688/252
vt 0.2272948 0.1020480
f 633/640/633 677/690/677 611/606/611
f 611/606/611 677/690/677 589/603/589
vt 0.2416939 0.0908337
f 589/603/589 677/690/677 609/691/609
vt 0.2210029 0.0881866
f 609/691/609 677/690/677 673/692/673
f 673/692/673 677/690/677 633/640/633
vt 0.2105544 0.1536333
f 631/611/631 630/609/630 610/693/610
f 610/693/610 630/609/630 592/607/592
f 610/693/610 617/613/617 631/611/631
f 657/645/657 617/613/617 603/675/603
f 603/675/603 617/613/617 610/693/610
f 606/681/606 609/691/609 673/692/673
f 673/692/673 670/682/670 606/681/606
vt 0.2022271 0.1093651
vt 0.2071050 0.1013391
f 678/694/678 699/695/699 633/640/633
f 633/640/633 634/639/634 678/694/678
vt 0.1983701 0.1183428
f 700/696/700 678/694/678 634/639/634
f 634/639/634 635/641/635 700/696/700
vt 0.1951642 0.1162059
f 678/694/678 700/696/700 679/697/679
vt 0.1942673 0.1276553
f 701/698/701 700/696/700 635/641/635
f 635/641/635 636/642/636 701/698/701
vt 0.1878720 0.1230551
f 679/697/679 701/698/701 680/699/680
f 700/696/700 701/698/701 679/697/679
vt 0.1893245 0.1366196
f 702/700/702 701/698/701 636/642/636
f 636/642/636 637/643/637 702/700/702
vt 0.1809977 0.1298313
f 680/699/680 702/700/702 681/701/681
f 701/698/701 702/700/702 680/699/680
f 638/644/638 702/700/702 637/643/637
vt 0.1822118 0.1438491
f 703/702/703 702/700/702 638/644/638
vt 0.0713651 0.2538866
vt 0.0772440 0.2620233
vt 0.0696208 0.2673917
f 715/703/715 712/704/712 713/705/713
vt 0.1750587 0.1372951
f 681/701/681 703/702/703 682/706/682
vt 0.0638067 0.2599883
f 713/705/713 718/707/718 715/703/715
f 702/700/702 703/702/703 681/701/681
f 639/646/639 703/702/703 638/644/638
vt 0.1734765 0.1497562
f 704/708/704 703/702/703 639/646/639
vt 0.1696121 0.1458626
f 703/702/703 704/708/704 683/709/683
vt 0.0685501 0.2502626
vt 0.0598921 0.2552567
f 690/710/690 718/707/718 692/711/692
f 683/709/683 682/706/682 703/702/703
f 715/703/715 718/707/718 690/710/690
f 640/648/640 704/708/704 639/646/639
vt 0.1651555 0.1557701
f 705/712/705 704/708/704 640/648/640
vt 0.0625221 0.2731878
f 718/707/718 713/705/713 717/713/717
vt 0.1637589 0.1543535
f 704/708/704 705/712/705 684/714/684
vt 0.0566763 0.2661056
f 717/713/717 720/715/720 718/707/718
f 684/714/684 683/709/683 704/708/704
vt 0.1580267 0.1628218
f 706/716/706 705/712/705 640/648/640
vt 0.0517290 0.2607073
f 692/711/692 720/715/720 687/717/687
f 640/648/640 641/650/641 706/716/706
f 718/707/718 720/715/720 692/711/692
vt 0.1567436 0.1615752
f 705/712/705 706/716/706 685/718/685
f 685/718/685 684/714/684 705/712/705
vt 0.1515675 0.1705619
f 707/719/707 706/716/706 641/650/641
vt 0.1488973 0.1679708
f 685/718/685 707/719/707 686/720/686
f 706/716/706 707/719/707 685/718/685
f 642/652/642 707/719/707 641/650/641
vt 0.1444848 0.1773976
f 708/721/708 707/719/707 642/652/642
f 708/721/708 686/720/686 707/719/707
f 643/656/643 708/721/708 642/652/642
vt 0.1375344 0.1840425
f 688/722/688 708/721/708 643/656/643
vt 0.1311603 0.1920730
f 709/723/709 688/722/688 643/656/643
f 643/656/643 644/658/644 709/723/709
vt 0.1043112 0.2251361
f 648/664/648 714/724/714 645/655/645
vt 0.1262740 0.1864230
f 688/722/688 709/723/709 689/725/689
vt 0.1067116 0.2101431
vt 0.1161072 0.2055164
f 716/726/716 711/727/711 647/653/647
vt 0.1241654 0.1994654
f 710/728/710 709/723/709 644/658/644
vt 0.1105951 0.1984458
vt 0.1036311 0.2056684
f 693/729/693 716/726/716 694/730/694
f 644/658/644 646/663/646 710/728/710
f 711/727/711 716/726/716 693/729/693
vt 0.1182624 0.1921673
f 709/723/709 710/728/710 691/731/691
f 691/731/691 689/725/689 709/723/709
f 711/727/711 710/728/710 646/663/646
f 646/663/646 647/653/647 711/727/711
vt 0.0973675 0.2141321
f 716/726/716 714/724/714 695/732/695
f 691/731/691 711/727/711 693/729/693
f 645/655/645 714/724/714 716/726/716
f 710/728/710 711/727/711 691/731/691
f 647/653/647 645/655/645 716/726/716
f 694/730/694 716/726/716 695/732/695
vt 0.0942631 0.2294602
f 719/733/719 714/724/714 648/664/648
f 648/664/648 649/662/649 719/733/719
vt 0.0894422 0.2433340
f 651/666/651 721/734/721 650/667/650
vt 0.0836880 0.2341565
f 719/733/719 721/734/721 696/735/696
vt 0.0837194 0.2333864
f 761/736/761 719/733/719 696/735/696
f 650/667/650 721/734/721 719/733/719
f 649/662/649 650/667/650 719/733/719
vt 0.0897997 0.2224281
f 714/724/714 719/733/719 697/737/697
f 697/737/697 695/732/695 714/724/714
f 697/737/697 719/733/719 761/736/761
vt 0.0856931 0.2570646
f 653/669/653 722/738/722 652/670/652
vt 0.0825993 0.2699970
f 655/672/655 723/739/723 654/673/654
f 723/739/723 722/738/722 653/669/653
f 654/673/654 723/739/723 653/669/653
f 712/704/712 722/738/722 723/739/723
vt 0.0748376 0.2750090
f 724/740/724 723/739/723 655/672/655
f 656/674/656 724/740/724 655/672/655
f 712/704/712 723/739/723 724/740/724
f 724/740/724 713/705/713 712/704/712
f 722/738/722 721/734/721 651/666/651
f 652/670/652 722/738/722 651/666/651
vt 0.0797141 0.2480387
f 725/741/725 721/734/721 722/738/722
vt 0.0771119 0.2442226
f 721/734/721 725/741/725 698/742/698
f 698/742/698 696/735/696 721/734/721
f 725/741/725 722/738/722 712/704/712
f 712/704/712 715/703/715 725/741/725
f 698/742/698 715/703/715 690/710/690
f 725/741/725 715/703/715 698/742/698
vt 0.1982084 0.0952181
vt 0.1898542 0.1002934
f 726/743/726 678/694/678 727/744/727
f 699/695/699 678/694/678 726/743/726
vt 0.1868274 0.1077047
f 727/744/727 679/697/679 748/745/748
f 678/694/678 679/697/679 727/744/727
vt 0.1832615 0.1196599
f 749/746/749 748/745/748 679/697/679
f 679/697/679 680/699/680 749/746/749
vt 0.1787254 0.1279493
f 750/747/750 749/746/749 680/699/680
f 680/699/680 681/701/681 750/747/750
vt 0.1720404 0.1345234
f 751/748/751 750/747/750 681/701/681
f 681/701/681 682/706/682 751/748/751
f 683/709/683 751/748/751 682/706/682
vt 0.1635349 0.1398998
f 752/749/752 751/748/751 683/709/683
vt 0.1786863 0.1161027
f 748/745/748 749/746/749 728/750/728
vt 0.1728780 0.1229534
f 749/746/749 750/747/750 729/751/729
f 729/751/729 728/750/728 749/746/749
vt 0.1669350 0.1299934
f 729/751/729 751/748/751 730/752/730
f 750/747/750 751/748/751 729/751/729
vt 0.1607541 0.1372870
f 730/752/730 752/749/752 731/753/731
f 751/748/751 752/749/752 730/752/730
f 684/714/684 752/749/752 683/709/683
vt 0.0751312 0.2205017
vt 0.0723542 0.2377301
vt 0.0669688 0.2308175
f 747/754/747 762/755/762 739/756/739
vt 0.1548567 0.1454556
f 753/757/753 752/749/752 684/714/684
f 761/736/761 762/755/762 747/754/747
f 685/718/685 753/757/753 684/714/684
vt 0.0636511 0.2450209
vt 0.0586785 0.2381829
f 762/755/762 763/758/763 741/759/741
vt 0.1474757 0.1525062
f 754/760/754 753/757/753 685/718/685
f 741/759/741 739/756/739 762/755/762
vt 0.1419226 0.1612310
f 755/761/755 754/760/754 685/718/685
f 685/718/685 686/720/686 755/761/755
f 692/711/692 763/758/763 690/710/690
vt 0.1359748 0.1688876
f 757/762/757 755/761/755 686/720/686
f 686/720/686 708/721/708 757/762/757
vt 0.1296344 0.1758327
f 758/763/758 757/762/757 708/721/708
f 708/721/708 688/722/688 758/763/758
f 687/717/687 763/758/763 692/711/692
f 689/725/689 758/763/758 688/722/688
vt 0.0501326 0.2589475
f 756/764/756 763/758/763 687/717/687
vt 0.1229842 0.1824706
f 759/765/759 758/763/758 689/725/689
f 691/731/691 759/765/759 689/725/689
vt 0.0506753 0.2448002
f 743/766/743 741/759/741 763/758/763
vt 0.1138309 0.1867107
f 760/767/760 759/765/759 691/731/691
vt 0.0426866 0.2507598
f 743/766/743 756/764/756 737/768/737
vt 0.1094836 0.1854524
vt 0.1037394 0.1906027
f 732/769/732 693/729/693 733/770/733
f 763/758/763 756/764/756 743/766/743
f 760/767/760 693/729/693 732/769/732
f 691/731/691 693/729/693 760/767/760
vt 0.1541563 0.1447475
f 731/753/731 753/757/753 734/771/734
f 752/749/752 753/757/753 731/753/731
vt 0.1469855 0.1520315
f 753/757/753 754/760/754 735/772/735
f 735/772/735 734/771/734 753/757/753
vt 0.1393337 0.1587472
f 754/760/754 755/761/755 736/773/736
f 736/773/736 735/772/735 754/760/754
vt 0.1320314 0.1650509
f 736/773/736 757/762/757 738/774/738
f 755/761/755 757/762/757 736/773/736
vt 0.1251969 0.1708602
f 738/774/738 758/763/758 740/775/740
f 757/762/757 758/763/758 738/774/738
vt 0.1186855 0.1768820
f 758/763/758 759/765/759 742/776/742
f 742/776/742 740/775/740 758/763/758
f 742/776/742 760/767/760 732/769/732
f 759/765/759 760/767/760 742/776/742
vt 0.0964819 0.1973125
f 693/729/693 694/730/694 744/777/744
f 744/777/744 733/770/733 693/729/693
vt 0.0894279 0.2049959
f 694/730/694 695/732/695 745/778/745
f 744/777/744 694/730/694 745/778/745
vt 0.0866573 0.2183427
f 764/779/764 695/732/695 697/737/697
vt 0.0820829 0.2131287
f 745/778/745 764/779/764 746/780/746
f 695/732/695 764/779/764 745/778/745
f 697/737/697 761/736/761 747/754/747
f 764/779/764 697/737/697 747/754/747
f 746/780/746 764/779/764 747/754/747
f 762/755/762 761/736/761 696/735/696
f 696/735/696 698/742/698 762/755/762
f 690/710/690 762/755/762 698/742/698
f 763/758/763 762/755/762 690/710/690
vt 0.2053892 0.0660266
f 670/682/670 770/781/770 669/683/669
vt 0.2049422 0.0455108
vt 0.2042871 0.0650883
f 765/782/765 770/781/770 766/783/766
f 669/683/669 770/781/770 765/782/765
f 671/684/671 669/683/669 765/782/765
vt 0.2041433 0.0247561
f 767/784/767 671/684/671 765/782/765
f 672/686/672 671/684/671 767/784/767
vt 0.2028123 0.0033922
f 350/785/350 672/686/672 767/784/767
f 292/689/292 672/686/672 350/785/350
vt 0.2083636 0.0965321
f 726/743/726 771/786/771 699/695/699
f 699/695/699 771/786/771 633/640/633
f 633/640/633 771/786/771 673/692/673
vt 0.2014147 0.0873132
f 673/692/673 771/786/771 768/787/768
f 768/787/768 771/786/771 726/743/726
f 670/682/670 673/692/673 768/787/768
f 770/781/770 670/682/670 768/787/768
vt 0.2041658 0.0661121
f 769/788/769 770/781/770 768/787/768
f 766/783/766 770/781/770 769/788/769
vt 0.1925949 0.0910703
f 727/744/727 790/789/790 726/743/726
vt 0.1829658 0.0960257
f 790/789/790 727/744/727 774/790/774
vt 0.1889211 0.0883773
f 774/790/774 773/791/773 790/789/790
vt 0.1769548 0.1033501
f 774/790/774 748/745/748 776/792/776
f 727/744/727 748/745/748 774/790/774
vt 0.1717759 0.1102372
f 776/792/776 728/750/728 777/793/777
f 748/745/748 728/750/728 776/792/776
vt 0.1661212 0.1171219
f 728/750/728 729/751/729 778/794/778
f 778/794/778 777/793/777 728/750/728
vt 0.1597258 0.1240238
f 778/794/778 730/752/730 818/795/818
f 729/751/729 730/752/730 778/794/778
vt 0.1534192 0.1310188
vt 0.1555274 0.1285088
f 731/753/731 791/796/791 772/797/772
f 730/752/730 731/753/731 772/797/772
f 818/795/818 730/752/730 772/797/772
vt 0.0967436 0.1831354
f 732/769/732 733/770/733 780/798/780
vt 0.1048353 0.1763101
f 793/799/793 732/769/732 780/798/780
f 734/771/734 791/796/791 731/753/731
vt 0.1469920 0.1380584
f 792/800/792 791/796/791 734/771/734
vt 0.1448235 0.1401582
vt 0.1400863 0.1447679
f 779/801/779 735/772/735 820/802/820
f 734/771/734 735/772/735 779/801/779
f 792/800/792 734/771/734 779/801/779
vt 0.1332856 0.1510829
f 735/772/735 736/773/736 821/803/821
f 821/803/821 820/802/820 735/772/735
vt 0.1260096 0.1581405
f 736/773/736 738/774/738 782/804/782
f 782/804/782 821/803/821 736/773/736
vt 0.1194173 0.1643721
f 738/774/738 740/775/740 784/805/784
f 784/805/784 782/804/782 738/774/738
vt 0.1124936 0.1700585
f 784/805/784 742/776/742 781/806/781
f 740/775/740 742/776/742 784/805/784
f 781/806/781 732/769/732 793/799/793
f 742/776/742 732/769/732 781/806/781
vt 0.0894830 0.1903306
f 733/770/733 744/777/744 783/807/783
f 783/807/783 780/798/780 733/770/733
vt 0.0822794 0.1976336
f 744/777/744 745/778/745 785/808/785
f 785/808/785 783/807/783 744/777/744
vt 0.0746090 0.2056244
f 745/778/745 746/780/746 786/809/786
f 786/809/786 785/808/785 745/778/745
vt 0.0727283 0.2196299
vt 0.0661184 0.2137232
f 786/809/786 794/810/794 824/811/824
f 746/780/746 794/810/794 786/809/786
f 747/754/747 794/810/794 746/780/746
vt 0.0590056 0.2223423
f 794/810/794 739/756/739 787/812/787
f 824/811/824 794/810/794 787/812/787
f 747/754/747 739/756/739 794/810/794
vt 0.0512320 0.2300533
f 739/756/739 741/759/741 788/813/788
f 788/813/788 787/812/787 739/756/739
vt 0.0438169 0.2371141
f 788/813/788 743/766/743 789/814/789
f 741/759/741 743/766/743 788/813/788
vt 0.0366162 0.2438475
f 789/814/789 737/768/737 775/815/775
f 743/766/743 737/768/737 789/814/789
vt 0.1632844 0.1052717
vt 0.1614374 0.1140232
vt 0.1572242 0.1111858
f 800/816/800 817/817/817 795/818/795
vt 0.1510608 0.1173270
f 817/817/817 818/795/818 796/819/796
f 796/819/796 795/818/795 817/817/817
vt 0.1449474 0.1234679
f 772/797/772 791/796/791 797/820/797
f 796/819/796 772/797/772 797/820/797
f 818/795/818 772/797/772 796/819/796
vt 0.1747593 0.0902307
f 773/791/773 774/790/774 798/821/798
vt 0.1796232 0.0805536
f 819/822/819 773/791/773 798/821/798
vt 0.1695888 0.0981700
f 798/821/798 776/792/776 799/823/799
f 774/790/774 776/792/776 798/821/798
vt 0.1089487 0.1666596
f 793/799/793 823/824/823 781/806/781
f 799/823/799 777/793/777 800/816/800
f 776/792/776 777/793/777 799/823/799
f 777/793/777 817/817/817 800/816/800
vt 0.0817731 0.1828302
f 780/798/780 783/807/783 810/825/810
vt 0.0892379 0.1753291
f 810/825/810 808/826/808 780/798/780
f 778/794/778 817/817/817 777/793/777
f 818/795/818 817/817/817 778/794/778
vt 0.0741365 0.1905020
f 810/825/810 785/808/785 811/827/811
f 783/807/783 785/808/785 810/825/810
vt 0.0656540 0.1988045
f 811/827/811 786/809/786 812/828/812
f 785/808/785 786/809/786 811/827/811
vt 0.1385652 0.1295874
f 797/820/797 792/800/792 801/829/801
f 791/796/791 792/800/792 797/820/797
vt 0.0648039 0.1995535
vt 0.0566317 0.2070464
f 813/830/813 824/811/824 814/831/814
vt 0.1319704 0.1356470
f 779/801/779 820/802/820 802/832/802
f 801/829/801 779/801/779 802/832/802
f 792/800/792 779/801/779 801/829/801
f 786/809/786 824/811/824 813/830/813
vt 0.1251575 0.1418183
f 802/832/802 821/803/821 803/833/803
f 812/828/812 786/809/786 813/830/813
f 820/802/820 821/803/821 802/832/802
vt 0.1182486 0.1482444
f 803/833/803 821/803/821 804/834/804
vt 0.1155055 0.1599314
vt 0.1112456 0.1549781
f 804/834/804 822/835/822 805/836/805
vt 0.0495001 0.2154627
f 814/831/814 787/812/787 815/837/815
f 821/803/821 822/835/822 804/834/804
f 824/811/824 787/812/787 814/831/814
vt 0.1041211 0.1616534
f 822/835/822 823/824/823 806/838/806
f 806/838/806 805/836/805 822/835/822
vt 0.0966713 0.1682949
f 823/824/823 793/799/793 807/839/807
vt 0.0426227 0.2226168
f 815/837/815 788/813/788 816/840/816
f 806/838/806 823/824/823 807/839/807
f 787/812/787 788/813/788 815/837/815
f 807/839/807 780/798/780 808/826/808
f 793/799/793 780/798/780 807/839/807
vt 0.0295387 0.2354968
f 788/813/788 789/814/789 809/841/809
f 809/841/809 816/840/816 788/813/788
f 789/814/789 775/815/775 809/841/809
f 822/835/822 821/803/821 782/804/782
f 782/804/782 784/805/784 822/835/822
f 781/806/781 822/835/822 784/805/784
f 823/824/823 822/835/822 781/806/781
vt 0.1931650 0.0469915
f 766/783/766 828/842/828 765/782/765
vt 0.1862609 0.0269258
f 828/842/828 418/843/418 767/784/767
f 767/784/767 765/782/765 828/842/828
f 350/785/350 767/784/767 418/843/418
f 726/743/726 790/789/790 768/787/768
vt 0.1897428 0.0805294
f 819/822/819 829/844/829 773/791/773
f 773/791/773 829/844/829 790/789/790
f 790/789/790 829/844/829 768/787/768
f 768/787/768 829/844/829 769/788/769
vt 0.1813571 0.0695327
f 769/788/769 829/844/829 825/845/825
f 825/845/825 829/844/829 819/822/819
f 766/783/766 769/788/769 825/845/825
f 828/842/828 766/783/766 825/845/825
vt 0.1811107 0.0493024
f 826/846/826 828/842/828 825/845/825
f 418/843/418 828/842/828 826/846/826
vt 0.1785754 0.0287206
f 826/846/826 827/847/827 418/843/418
vt 0.1792382 0.0063947
f 414/848/414 418/843/418 827/847/827
vt 0.1745275 0.0079028
f 827/847/827 410/849/410 414/848/414
vt 0.1642224 0.0953576
vt 0.1565093 0.0998175
f 855/850/855 800/816/800 831/851/831
vt 0.1626265 0.0925879
f 831/851/831 830/852/830 855/850/855
vt 0.1509260 0.1056452
f 831/851/831 795/818/795 832/853/832
f 800/816/800 795/818/795 831/851/831
vt 0.1450193 0.1114262
f 832/853/832 796/819/796 833/854/833
f 795/818/795 796/819/796 832/853/832
vt 0.1389198 0.1173030
f 833/854/833 797/820/797 834/855/834
f 796/819/796 797/820/797 833/854/833
vt 0.1686666 0.0812846
vt 0.1666367 0.0862989
f 835/856/835 798/821/798 836/857/836
f 819/822/819 798/821/798 835/856/835
vt 0.1720810 0.0712033
f 856/858/856 819/822/819 835/856/835
vt 0.1697602 0.0715758
f 837/859/837 856/858/856 835/856/835
f 836/857/836 855/850/855 830/852/830
vt 0.0334502 0.2150624
f 816/840/816 809/841/809 843/860/843
f 798/821/798 855/850/855 836/857/836
f 799/823/799 855/850/855 798/821/798
vt 0.1694426 0.0661204
f 887/861/887 856/858/856 837/859/837
vt 0.0209557 0.2277749
f 809/841/809 845/862/845 843/860/843
f 800/816/800 855/850/855 799/823/799
vt 0.1325983 0.1231319
f 797/820/797 801/829/801 838/863/838
f 838/863/838 834/855/834 797/820/797
vt 0.1259855 0.1289135
f 801/829/801 802/832/802 839/864/839
f 839/864/839 838/863/838 801/829/801
vt 0.1190762 0.1347938
f 802/832/802 803/833/803 840/865/840
f 840/865/840 839/864/839 802/832/802
vt 0.1118523 0.1408713
f 803/833/803 804/834/804 841/866/841
f 841/866/841 840/865/840 803/833/803
vt 0.1044165 0.1473002
f 804/834/804 805/836/805 842/867/842
f 842/867/842 841/866/841 804/834/804
vt 0.0970673 0.1539653
f 842/867/842 806/838/806 844/868/844
f 805/836/805 806/838/806 842/867/842
vt 0.0897097 0.1605761
f 844/868/844 807/839/807 846/869/846
f 806/838/806 807/839/807 844/868/844
vt 0.0819775 0.1673895
f 807/839/807 808/826/808 847/870/847
f 847/870/847 846/869/846 807/839/807
vt 0.0737823 0.1747237
f 808/826/808 810/825/810 848/871/848
f 848/871/848 847/870/847 808/826/808
vt 0.0651955 0.1827708
f 848/871/848 811/827/811 849/872/849
f 810/825/810 811/827/811 848/871/848
vt 0.0513081 0.1959671
vt 0.0518269 0.2045202
vt 0.0462856 0.2010167
f 850/873/850 857/874/857 851/875/851
vt 0.0609174 0.1870057
vt 0.0646213 0.1982083
vt 0.0548092 0.1930176
f 852/876/852 858/877/858 853/878/853
f 811/827/811 858/877/858 852/876/852
f 849/872/849 811/827/811 852/876/852
f 812/828/812 858/877/858 811/827/811
f 853/878/853 857/874/857 850/873/850
f 814/831/814 857/874/857 853/878/853
f 858/877/858 814/831/814 853/878/853
f 813/830/813 814/831/814 858/877/858
f 813/830/813 858/877/858 812/828/812
vt 0.0408405 0.2070736
f 857/874/857 815/837/815 854/879/854
f 854/879/854 851/875/851 857/874/857
f 854/879/854 816/840/816 843/860/843
f 815/837/815 816/840/816 854/879/854
f 815/837/815 857/874/857 814/831/814
vt 0.1591436 0.0915055
f 831/851/831 881/880/881 830/852/830
vt 0.1522138 0.0947437
f 882/881/882 881/880/881 831/851/831
vt 0.1455400 0.0989737
f 883/882/883 882/881/882 831/851/831
f 831/851/831 832/853/832 883/882/883
f 833/854/833 883/882/883 832/853/832
vt 0.1366995 0.1047699
f 884/883/884 883/882/883 833/854/833
vt 0.1331458 0.1079082
f 884/883/884 834/855/834 901/884/901
f 833/854/833 834/855/834 884/883/884
vt 0.1625935 0.0816360
f 836/857/836 885/885/885 835/856/835
vt 0.1597734 0.0739682
f 835/856/835 886/886/886 837/859/837
f 885/885/885 886/886/886 835/856/835
vt 0.1553563 0.0843737
f 885/885/885 881/880/881 902/887/902
f 836/857/836 881/880/881 885/885/885
f 830/852/830 881/880/881 836/857/836
vt 0.0141706 0.2205536
f 843/860/843 845/862/845 870/888/870
vt 0.0279670 0.2070645
f 870/888/870 868/889/868 843/860/843
vt 0.1555882 0.0754028
f 859/890/859 885/885/885 902/887/902
f 886/886/886 885/885/885 859/890/859
vt 0.1570974 0.0656164
f 886/886/886 888/891/888 887/861/887
f 837/859/837 886/886/886 887/861/887
vt 0.1640041 0.0534455
f 889/892/889 887/861/887 888/891/888
vt 0.1524736 0.0562757
f 888/891/888 860/893/860 889/892/889
f 888/891/888 886/886/886 859/890/859
vt 0.1505472 0.0681115
f 859/890/859 904/894/904 888/891/888
f 860/893/860 888/891/888 904/894/904
vt 0.0748991 0.1592124
vt 0.0663058 0.1658959
f 873/895/873 848/871/848 874/896/874
vt 0.1505475 0.0484467
f 889/892/889 860/893/860 906/897/906
f 847/870/847 848/871/848 873/895/873
vt 0.1598905 0.0444174
f 890/898/890 889/892/889 906/897/906
vt 0.0573496 0.1734748
f 848/871/848 849/872/849 875/899/875
f 875/899/875 874/896/874 848/871/848
vt 0.1491500 0.0376825
f 861/900/861 890/898/890 906/897/906
vt 0.1559875 0.0350605
f 891/901/891 890/898/890 861/900/861
vt 0.0444233 0.1913270
vt 0.0408220 0.1957137
f 876/902/876 851/875/851 877/903/877
f 850/873/850 851/875/851 876/902/876
vt 0.1449075 0.0274072
f 453/904/453 891/901/891 861/900/861
vt 0.0484058 0.1839835
f 852/876/852 853/878/853 879/905/879
vt 0.1521758 0.0254308
f 892/906/892 891/901/891 453/904/453
vt 0.0500023 0.1816105
f 879/905/879 878/907/878 852/876/852
vt 0.1477643 0.0131661
f 482/908/482 892/906/892 453/904/453
f 875/899/875 852/876/852 878/907/878
f 849/872/849 852/876/852 875/899/875
vt 0.1502439 0.0917131
f 881/880/881 882/881/882 862/909/862
f 862/909/862 902/887/902 881/880/881
f 853/878/853 850/873/850 876/902/876
vt 0.1443710 0.0973286
f 882/881/882 883/882/883 863/910/863
f 876/902/876 879/905/879 853/878/853
f 863/910/863 862/909/862 882/881/882
vt 0.0348590 0.2010522
f 851/875/851 854/879/854 880/911/880
f 880/911/880 877/903/877 851/875/851
f 884/883/884 863/910/863 883/882/883
f 854/879/854 843/860/843 868/889/868
f 868/889/868 880/911/880 854/879/854
vt 0.1259357 0.1152010
f 834/855/834 838/863/838 864/912/864
f 864/912/864 901/884/901 834/855/834
vt 0.1192173 0.1209380
f 838/863/838 839/864/839 865/913/865
f 865/913/865 864/912/864 838/863/838
vt 0.1121817 0.1267363
f 865/913/865 840/865/840 866/914/866
f 839/864/839 840/865/840 865/913/865
vt 0.1046638 0.1325812
f 866/914/866 841/866/841 867/915/867
f 840/865/840 841/866/841 866/914/866
vt 0.0972348 0.1391499
f 867/915/867 842/867/842 869/916/869
f 841/866/841 842/867/842 867/915/867
vt 0.0903000 0.1464077
f 842/867/842 844/868/844 871/917/871
f 871/917/871 869/916/869 842/867/842
vt 0.0830350 0.1529568
f 844/868/844 846/869/846 872/918/872
f 872/918/872 871/917/871 844/868/844
f 872/918/872 847/870/847 873/895/873
f 846/869/846 847/870/847 872/918/872
f 819/822/819 856/858/856 825/845/825
vt 0.1726659 0.0619798
f 826/846/826 893/919/893 889/892/889
f 889/892/889 893/919/893 887/861/887
f 887/861/887 893/919/893 856/858/856
f 856/858/856 893/919/893 825/845/825
f 825/845/825 893/919/893 826/846/826
vt 0.1679404 0.0421956
f 827/847/827 894/920/894 891/901/891
f 891/901/891 894/920/894 890/898/890
f 890/898/890 894/920/894 889/892/889
f 889/892/889 894/920/894 826/846/826
f 826/846/826 894/920/894 827/847/827
vt 0.1619740 0.0221742
f 482/908/482 493/921/493 892/906/892
f 892/906/892 493/921/493 891/901/891
f 891/901/891 493/921/493 827/847/827
f 827/847/827 493/921/493 410/849/410
vt 0.1517245 0.0769194
f 902/887/902 903/922/903 859/890/859
f 904/894/904 859/890/859 903/922/903
vt 0.1447790 0.0606627
f 904/894/904 905/923/905 860/893/860
vt 0.1456857 0.0391990
f 906/897/906 907/924/907 861/900/861
vt 0.1407778 0.0521209
f 860/893/860 908/925/908 906/897/906
f 905/923/905 908/925/908 860/893/860
f 907/924/907 906/897/906 908/925/908
vt 0.1366530 0.0434091
f 908/925/908 909/926/909 907/924/907
vt 0.1386227 0.0240640
f 861/900/861 910/927/910 453/904/453
vt 0.0287217 0.0537937
vt 0.0439703 0.0779755
vt 0.0256508 0.0676051
f 505/928/505 977/929/977 979/930/979
f 907/924/907 910/927/910 861/900/861
f 910/927/910 907/924/907 909/926/909
vt 0.1294902 0.0290031
f 909/926/909 911/931/911 910/927/910
vt 0.1478915 0.0876721
f 902/887/902 862/909/862 912/932/912
f 903/922/903 902/887/902 912/932/912
vt 0.1441221 0.0804114
f 912/932/912 913/933/913 903/922/903
vt 0.0058935 0.0364447
f 979/930/979 522/934/522 505/928/505
vt 0.1372502 0.0938954
f 920/935/920 912/932/912 862/909/862
f 862/909/862 863/910/863 920/935/920
vt 0.0964021 0.1218772
vt 0.1099716 0.1240042
vt 0.1025911 0.1300238
f 940/936/940 938/937/938 939/938/939
f 913/933/913 912/932/912 920/935/920
vt 0.0087264 0.0603175
vt 0.0187139 0.0829722
f 507/939/507 979/930/979 951/940/951
vt 0.1085428 0.1129583
f 960/941/960 938/937/938 940/936/940
vt 0.1327055 0.0859877
f 920/935/920 921/942/921 913/933/913
vt 0.1025384 0.1058946
f 944/943/944 960/941/960 940/936/940
vt 0.1403744 0.0726657
f 914/944/914 903/922/903 913/933/913
f 522/934/522 979/930/979 507/939/507
vt 0.0908363 0.1139847
f 940/936/940 942/945/942 944/943/944
f 904/894/904 903/922/903 914/944/914
f 905/923/905 904/894/904 914/944/914
vt 0.1364298 0.0645701
f 914/944/914 915/946/915 905/923/905
vt 0.1325037 0.0767320
f 917/947/917 913/933/913 921/942/921
f 914/944/914 913/933/913 917/947/917
f 915/946/915 914/944/914 917/947/917
vt 0.1242372 0.0709316
f 917/947/917 927/948/927 915/946/915
vt 0.0976409 0.0979801
f 945/949/945 944/943/944 942/945/942
vt 0.0854485 0.1059941
f 942/945/942 953/950/953 945/949/945
f 863/910/863 884/883/884 920/935/920
vt 0.0937401 0.0869157
f 949/951/949 945/949/945 953/950/953
vt 0.0770636 0.0930442
f 953/950/953 964/952/964 949/951/949
vt 0.1262938 0.1007941
f 922/953/922 920/935/920 884/883/884
f 901/884/901 922/953/922 884/883/884
f 921/942/921 920/935/920 922/953/922
vt 0.1215847 0.0933945
f 922/953/922 923/954/923 921/942/921
vt 0.1188197 0.0854872
f 921/942/921 925/955/925 917/947/917
f 927/948/927 917/947/917 925/955/925
vt 0.0786611 0.0609757
vt 0.1020796 0.0781682
f 949/951/949 966/956/966 957/957/957
f 925/955/925 921/942/921 923/954/923
vt 0.0637925 0.1445847
vt 0.0627818 0.1591190
vt 0.0554364 0.1504626
f 918/958/918 916/959/916 919/960/919
vt 0.0811578 0.0440138
vt 0.0955967 0.0332564
f 957/957/957 955/961/955 941/962/941
vt 0.0565006 0.1358843
f 930/963/930 918/958/918 919/960/919
f 925/955/925 957/957/957 927/948/927
vt 0.0525673 0.1657899
f 919/960/919 916/959/916 924/964/924
f 908/925/908 905/923/905 915/946/915
f 955/961/955 957/957/957 966/956/966
vt 0.0468285 0.1561007
f 924/964/924 926/965/926 919/960/919
vt 0.1322530 0.0562476
f 915/946/915 928/966/928 908/925/908
f 930/963/930 919/960/919 926/965/926
f 909/926/909 908/925/908 928/966/928
vt 0.0371827 0.1410628
f 926/965/926 932/967/932 930/963/930
vt 0.1279697 0.0477215
f 928/966/928 929/968/929 909/926/909
f 928/966/928 915/946/915 927/948/927
vt 0.1217370 0.0564088
f 927/948/927 931/969/931 928/966/928
f 929/968/929 928/966/928 931/969/931
f 966/956/966 949/951/949 964/952/964
f 911/931/911 909/926/909 929/968/929
vt 0.1212629 0.0350948
f 929/968/929 933/970/933 911/931/911
f 933/970/933 929/968/929 931/969/931
vt 0.1121873 0.0367014
f 931/969/931 936/971/936 933/970/933
vt 0.0425563 0.1704221
f 926/965/926 924/964/924 934/972/934
vt 0.0381878 0.1610513
f 934/972/934 935/973/935 926/965/926
f 932/967/932 926/965/926 935/973/935
vt 0.1110057 0.0606836
f 927/948/927 937/974/937 931/969/931
vt 0.0333926 0.1629626
vt 0.0346186 0.1726267
f 896/975/896 934/972/934 895/976/895
f 935/973/935 934/972/934 896/975/896
vt 0.0609221 0.0674974
f 964/952/964 965/977/965 966/956/966
f 937/974/937 927/948/927 957/957/957
vt 0.0608087 0.0483808
f 963/978/963 966/956/966 965/977/965
vt 0.0946617 0.1359770
f 940/936/940 939/938/939 950/979/950
vt 0.0883791 0.1275941
f 950/979/950 968/980/968 940/936/940
f 936/971/936 931/969/931 937/974/937
f 942/945/942 940/936/940 968/980/968
vt 0.0828013 0.1194937
f 968/980/968 969/981/969 942/945/942
vt 0.0676081 0.0398779
f 966/956/966 543/982/543 955/961/955
vt 0.0260673 0.1412923
f 897/983/897 935/973/935 896/975/896
vt 0.0860929 0.1413141
f 968/980/968 950/979/950 952/984/952
f 937/974/937 941/962/941 936/971/936
vt 0.0800213 0.1331467
f 952/984/952 970/985/970 968/980/968
f 969/981/969 968/980/968 970/985/970
vt 0.0792954 0.0127293
f 575/986/575 941/962/941 955/961/955
f 957/957/957 941/962/941 937/974/937
vt 0.0707780 0.1198083
f 970/985/970 971/987/971 969/981/969
vt 0.0642663 0.0091318
f 955/961/955 510/988/510 575/986/575
vt 0.0757391 0.1092175
f 974/989/974 942/945/942 969/981/969
f 953/950/953 942/945/942 974/989/974
f 510/988/510 955/961/955 543/982/543
f 964/952/964 953/950/953 974/989/974
vt 0.1243167 0.1130990
f 901/884/901 864/912/864 946/990/946
vt 0.1171882 0.1183820
f 948/991/948 946/990/946 864/912/864
vt 0.0370505 0.1066055
f 943/992/943 930/963/930 932/967/932
f 974/989/974 969/981/969 971/987/971
f 864/912/864 865/913/865 948/991/948
vt 0.0190805 0.1128019
f 932/967/932 947/993/947 943/992/943
f 866/914/866 948/991/948 865/913/865
f 543/982/543 966/956/966 963/978/963
vt 0.0569650 0.0984389
f 971/987/971 975/994/975 974/989/974
f 938/937/938 948/991/948 866/914/866
vt 0.0780863 0.1468773
f 970/985/970 952/984/952 954/995/954
f 867/915/867 938/937/938 866/914/866
vt 0.0718956 0.1387251
f 954/995/954 972/996/972 970/985/970
f 939/938/939 938/937/938 867/915/867
f 971/987/971 970/985/970 972/996/972
f 950/979/950 939/938/939 867/915/867
vt 0.0661468 0.1304565
f 972/996/972 973/997/973 971/987/971
f 867/915/867 869/916/869 950/979/950
vt 0.0494739 0.0488833
f 965/977/965 967/998/967 963/978/963
f 918/958/918 954/995/954 916/959/916
f 871/917/871 950/979/950 869/916/869
f 972/996/972 954/995/954 918/958/918
f 952/984/952 950/979/950 871/917/871
f 951/940/951 943/992/943 947/993/947
f 973/997/973 972/996/972 918/958/918
f 872/918/872 952/984/952 871/917/871
f 918/958/918 930/963/930 973/997/973
f 954/995/954 952/984/952 872/918/872
f 873/895/873 954/995/954 872/918/872
vt 0.0027380 0.0872516
f 947/993/947 958/999/958 951/940/951
vt 0.0488985 0.0232870
f 545/1000/545 543/982/543 963/978/963
f 916/959/916 954/995/954 873/895/873
f 947/993/947 932/967/932 935/973/935
f 975/994/975 971/987/971 973/997/973
f 922/953/922 901/884/901 946/990/946
vt 0.0138533 0.1233369
f 935/973/935 961/1001/961 947/993/947
vt 0.0480975 0.1029461
f 973/997/973 978/1002/978 975/994/975
vt 0.1189578 0.1056779
f 946/990/946 956/1003/956 922/953/922
f 923/954/923 922/953/922 956/1003/956
f 545/1000/545 963/978/963 967/998/967
vt 0.1139937 0.0982343
f 956/1003/956 959/1004/959 923/954/923
vt 0.0345208 0.0245863
f 967/998/967 509/1005/509 545/1000/545
f 978/1002/978 973/997/973 930/963/930
f 956/1003/956 946/990/946 948/991/948
f 930/963/930 943/992/943 978/1002/978
f 948/991/948 960/941/960 956/1003/956
f 959/1004/959 956/1003/956 960/941/960
f 960/941/960 944/943/944 959/1004/959
f 925/955/925 923/954/923 959/1004/959
vt 0.1090893 0.0905564
f 959/1004/959 962/1006/962 925/955/925
f 957/957/957 925/955/925 962/1006/962
f 962/1006/962 959/1004/959 944/943/944
f 944/943/944 945/949/945 962/1006/962
f 965/977/965 964/952/964 974/989/974
vt 0.0548385 0.0763045
f 974/989/974 976/1007/976 965/977/965
f 957/957/957 962/1006/962 945/949/945
f 945/949/945 949/951/949 957/957/957
f 960/941/960 948/991/948 938/937/938
f 976/1007/976 974/989/974 975/994/975
f 975/994/975 977/929/977 976/1007/976
vt 0.1318763 0.0119021
f 910/927/910 546/1008/546 453/904/453
f 977/929/977 975/994/975 978/1002/978
f 978/1002/978 979/930/979 977/929/977
f 546/1008/546 910/927/910 911/931/911
vt 0.1140063 0.0000000
f 911/931/911 555/1009/555 546/1008/546
f 507/939/507 951/940/951 958/999/958
vt 0.0000000 0.0634831
f 958/999/958 538/1010/538 507/939/507
f 979/930/979 978/1002/978 943/992/943
f 943/992/943 951/940/951 979/930/979
f 967/998/967 965/977/965 976/1007/976
vt 0.0392097 0.0512770
f 976/1007/976 577/1011/577 967/998/967
f 874/896/874 916/959/916 873/895/873
f 577/1011/577 976/1007/976 977/929/977
f 977/929/977 505/928/505 577/1011/577
f 924/964/924 916/959/916 874/896/874
f 874/896/874 875/899/875 924/964/924
vt 0.0382191 0.1913960
f 877/903/877 980/1012/980 876/902/876
vt 0.0474144 0.1816449
f 879/905/879 981/1013/981 878/907/878
f 509/1005/509 967/998/967 577/1011/577
f 934/972/934 924/964/924 875/899/875
f 878/907/878 934/972/934 875/899/875
f 981/1013/981 934/972/934 878/907/878
f 980/1012/980 981/1013/981 879/905/879
f 876/902/876 980/1012/980 879/905/879
vt 0.0345646 0.1808994
f 934/972/934 981/1013/981 898/1014/898
f 895/976/895 934/972/934 898/1014/898
f 880/911/880 980/1012/980 877/903/877
vt 0.0294598 0.1942184
f 982/1015/982 980/1012/980 880/911/880
f 868/889/868 982/1015/982 880/911/880
vt 0.0282802 0.1921758
f 980/1012/980 982/1015/982 900/1016/900
vt 0.0342961 0.1823243
f 899/1017/899 980/1012/980 900/1016/900
f 981/1013/981 980/1012/980 899/1017/899
f 898/1014/898 981/1013/981 899/1017/899
f 555/1009/555 911/931/911 933/970/933
vt 0.1093340 0.0115992
f 933/970/933 565/1018/565 555/1009/555
f 565/1018/565 933/970/933 936/971/936
f 936/971/936 941/962/941 565/1018/565
f 941/962/941 575/986/575 565/1018/565
vt 0.0288981 0.1645437
f 895/976/895 985/1019/985 896/975/896
vt 0.0317237 0.1733631
f 984/1020/984 985/1019/985 895/976/895
f 897/983/897 896/975/896 985/1019/985
vt 0.0236398 0.1749973
f 985/1019/985 984/1020/984 983/1021/983
f 898/1014/898 984/1020/984 895/976/895
f 984/1020/984 898/1014/898 983/1021/983
vt 0.5323602 0.6642212
vt 0.5434071 0.6571392
vt 0.5506579 0.6630952
f 986/1022/986 1006/1023/1006 989/1024/989
vt 0.5324345 0.6528836
f 1004/1025/1004 1006/1023/1006 986/1022/986
vt 0.5209861 0.6644574
vt 0.5210140 0.6528652
f 1004/1025/1004 987/1026/987 1025/1027/1025
f 986/1022/986 987/1026/987 1004/1025/1004
vt 0.5788642 0.6595823
vt 0.5669309 0.6613457
vt 0.5655469 0.6499537
f 601/1028/601 988/1029/988 1003/1030/1003
vt 0.5772549 0.6480281
f 1003/1030/1003 629/1031/629 601/1028/601
vt 0.5542392 0.6513122
f 988/1029/988 989/1024/989 1005/1032/1005
f 1005/1032/1005 1003/1030/1003 988/1029/988
f 1005/1032/1005 1006/1023/1006 1004/1025/1004
f 989/1024/989 1006/1023/1006 1005/1032/1005
vt 0.5207798 0.6409650
f 1004/1025/1004 1025/1027/1025 1008/1033/1008
vt 0.5325207 0.6407512
f 1007/1034/1007 1004/1025/1004 1008/1033/1008
vt 0.5645984 0.6376464
f 629/1031/629 1003/1030/1003 1009/1035/1009
vt 0.5765578 0.6349801
f 1009/1035/1009 656/1036/656 629/1031/629
vt 0.5535185 0.6389785
f 1003/1030/1003 1005/1032/1005 1010/1037/1010
f 1010/1037/1010 1009/1035/1009 1003/1030/1003
f 1005/1032/1005 1004/1025/1004 1007/1034/1007
f 1007/1034/1007 1010/1037/1010 1005/1032/1005
vt 0.3778907 0.6375012
vt 0.3856751 0.6460792
vt 0.3741721 0.6559492
f 1019/1038/1019 1029/1039/1029 991/1040/991
vt 0.3938666 0.6594149
f 991/1040/991 1029/1039/1029 990/1041/990
vt 0.3935046 0.6389453
f 990/1041/990 1029/1039/1029 1017/1042/1017
f 1017/1042/1017 1029/1039/1029 1019/1038/1019
vt 0.4976019 0.6408507
vt 0.5130229 0.6510519
vt 0.4986779 0.6643506
f 1012/1043/1012 1030/1044/1030 992/1045/992
f 992/1045/992 1030/1044/1030 987/1026/987
f 987/1026/987 1030/1044/1030 1025/1027/1025
vt 0.3626175 0.6336839
vt 0.3680008 0.6424606
vt 0.3558404 0.6490347
f 1014/1046/1014 1031/1047/1031 993/1048/993
f 1025/1027/1025 1030/1044/1030 1008/1033/1008
f 993/1048/993 1031/1047/1031 991/1040/991
vt 0.5098389 0.6408404
f 1008/1033/1008 1030/1044/1030 1011/1049/1011
f 991/1040/991 1031/1047/1031 1019/1038/1019
f 1011/1049/1011 1030/1044/1030 1012/1043/1012
vt 0.3698309 0.6360527
f 1019/1038/1019 1031/1047/1031 1021/1050/1021
f 1021/1050/1021 1031/1047/1031 1014/1046/1014
vt 0.3462903 0.6432067
vt 0.3570466 0.6306896
f 993/1048/993 995/1051/995 1015/1052/1015
vt 0.4771616 0.6409338
vt 0.4878903 0.6501626
vt 0.4767471 0.6638370
f 1013/1053/1013 1032/1054/1032 994/1055/994
f 1015/1052/1015 1014/1046/1014 993/1048/993
f 994/1055/994 1032/1054/1032 992/1045/992
f 992/1045/992 1032/1054/1032 1012/1043/1012
f 1012/1043/1012 1032/1054/1032 1013/1053/1013
vt 0.3465015 0.6186831
vt 0.3469698 0.6289197
vt 0.3390841 0.6227409
f 1020/1056/1020 1033/1057/1033 1026/1058/1026
vt 0.3336681 0.6313066
f 1026/1058/1026 1033/1057/1033 996/1059/996
f 996/1059/996 1033/1057/1033 995/1051/995
f 995/1051/995 1033/1057/1033 1015/1052/1015
vt 0.3554431 0.6293949
f 1015/1052/1015 1033/1057/1033 1016/1060/1016
vt 0.3507863 0.6249993
f 1016/1060/1016 1033/1057/1033 1018/1061/1018
f 1018/1061/1018 1033/1057/1033 1020/1056/1020
vt 0.4566665 0.6410895
vt 0.4663669 0.6499861
vt 0.4553228 0.6630179
f 1035/1062/1035 1034/1063/1034 997/1064/997
f 997/1064/997 1034/1063/1034 994/1055/994
f 994/1055/994 1034/1063/1034 1013/1053/1013
f 1013/1053/1013 1034/1063/1034 1035/1062/1035
vt 0.3308979 0.6274069
f 998/1065/998 1026/1058/1026 996/1059/996
vt 0.4299008 0.6404020
vt 0.4241853 0.6616642
f 1037/1066/1037 1035/1062/1035 1000/1067/1000
f 1000/1067/1000 1035/1062/1035 997/1064/997
vt 0.3399773 0.6027847
vt 0.3409003 0.6122351
vt 0.3357692 0.6048346
f 1038/1068/1038 1036/1069/1036 1027/1070/1027
f 1027/1070/1027 1036/1069/1036 1026/1058/1026
f 1026/1058/1026 1036/1069/1036 1020/1056/1020
vt 0.3431756 0.6112801
f 1020/1056/1020 1036/1069/1036 1022/1071/1022
f 1022/1071/1022 1036/1069/1036 1038/1068/1038
vt 0.4084510 0.6397027
f 1039/1072/1039 1037/1066/1037 1000/1067/1000
vt 0.3353948 0.5859617
vt 0.3275803 0.5883994
f 1023/1073/1023 1038/1068/1038 1028/1074/1028
f 1028/1074/1028 1038/1068/1038 1027/1070/1027
f 1017/1042/1017 1039/1072/1039 990/1041/990
f 990/1041/990 1039/1072/1039 1000/1067/1000
vt 0.3224659 0.6099542
f 999/1075/999 1026/1058/1026 998/1065/998
f 1027/1070/1027 1026/1058/1026 999/1075/999
f 1028/1074/1028 1027/1070/1027 999/1075/999
vt 0.3167375 0.5917342
f 999/1075/999 1001/1076/1001 1028/1074/1028
vt 0.3134766 0.5793656
vt 0.3247977 0.5773234
f 1002/1077/1002 1040/1078/1040 1028/1074/1028
f 1028/1074/1028 1040/1078/1040 1023/1073/1023
vt 0.3331428 0.5768928
f 1023/1073/1023 1040/1078/1040 1024/1079/1024
f 1002/1077/1002 1028/1074/1028 1001/1076/1001
vt 0.5533007 0.6336808
vt 0.5644048 0.6337425
f 1057/1080/1057 1056/1081/1056 1009/1035/1009
f 1009/1035/1009 1010/1037/1010 1057/1080/1057
vt 0.5368781 0.6335633
f 1058/1082/1058 1057/1080/1057 1010/1037/1010
f 1010/1037/1010 1007/1034/1007 1058/1082/1058
vt 0.5640197 0.6218202
f 1059/1083/1059 1056/1081/1056 1057/1080/1057
vt 0.5529972 0.6220700
f 1057/1080/1057 1061/1084/1061 1059/1083/1059
vt 0.5634142 0.6106084
f 717/1085/717 1059/1083/1059 1061/1084/1061
vt 0.5411620 0.6119436
f 1061/1084/1061 1065/1086/1065 717/1085/717
f 1061/1084/1061 1057/1080/1057 1058/1082/1058
vt 0.5380380 0.6222662
f 1058/1082/1058 1076/1087/1076 1061/1084/1061
f 1065/1086/1065 1061/1084/1061 1076/1087/1076
f 1008/1033/1008 1058/1082/1058 1007/1034/1007
vt 0.5206664 0.6334453
f 1075/1088/1075 1058/1082/1058 1008/1033/1008
f 1076/1087/1076 1058/1082/1058 1075/1088/1075
vt 0.5206810 0.6221206
f 1075/1088/1075 1080/1089/1080 1076/1087/1076
f 1065/1086/1065 1076/1087/1076 1080/1089/1080
vt 0.5208662 0.6113715
f 1080/1089/1080 1081/1090/1081 1065/1086/1065
vt 0.5626405 0.5998384
f 720/1091/720 717/1085/717 1065/1086/1065
vt 0.5520119 0.6005384
f 1065/1086/1065 1082/1092/1082 720/1091/720
vt 0.5615949 0.5912498
vt 0.5512556 0.5918918
f 687/1093/687 1082/1092/1082 1041/1094/1041
f 720/1091/720 1082/1092/1082 687/1093/687
vt 0.5405412 0.6011602
f 1065/1086/1065 1085/1095/1085 1082/1092/1082
vt 0.5413626 0.5941242
f 1082/1092/1082 1085/1095/1085 1042/1096/1042
f 1042/1096/1042 1041/1094/1041 1082/1092/1082
vt 0.5314988 0.5950550
f 1043/1097/1043 1042/1096/1042 1085/1095/1085
f 1085/1095/1085 1065/1086/1065 1081/1090/1081
vt 0.5212933 0.5978417
f 1081/1090/1081 1086/1098/1086 1085/1095/1085
f 1086/1098/1086 1043/1097/1043 1085/1095/1085
f 1011/1049/1011 1075/1088/1075 1008/1033/1008
vt 0.5097923 0.6334299
f 1089/1099/1089 1075/1088/1075 1011/1049/1011
vt 0.4934268 0.6332898
f 1090/1100/1090 1089/1099/1089 1011/1049/1011
f 1011/1049/1011 1012/1043/1012 1090/1100/1090
f 1080/1089/1080 1075/1088/1075 1089/1099/1089
vt 0.3636863 0.6282209
f 1015/1052/1015 1060/1101/1060 1014/1046/1014
vt 0.5098076 0.6219469
f 1089/1099/1089 1091/1102/1091 1080/1089/1080
f 1081/1090/1081 1080/1089/1080 1091/1102/1091
vt 0.4962356 0.6106560
f 1091/1102/1091 1092/1103/1092 1081/1090/1081
f 1091/1102/1091 1089/1099/1089 1090/1100/1090
vt 0.3564013 0.6223111
vt 0.3626773 0.6216517
f 1060/1101/1060 1062/1104/1062 1047/1105/1047
vt 0.4845316 0.6217597
f 1090/1100/1090 1073/1106/1073 1091/1102/1091
f 1015/1052/1015 1062/1104/1062 1060/1101/1060
f 1092/1103/1092 1091/1102/1091 1073/1106/1073
f 1016/1060/1016 1062/1104/1062 1015/1052/1015
vt 0.3546516 0.6155750
vt 0.3577613 0.6148202
f 1062/1104/1062 1063/1107/1063 1048/1108/1048
f 1048/1108/1048 1047/1105/1047 1062/1104/1062
f 1013/1053/1013 1090/1100/1090 1012/1043/1012
vt 0.4772350 0.6328565
f 1068/1109/1068 1090/1100/1090 1013/1053/1013
f 1018/1061/1018 1062/1104/1062 1016/1060/1016
f 1063/1107/1063 1062/1104/1062 1018/1061/1018
f 1018/1061/1018 1020/1056/1020 1063/1107/1063
vt 0.4151329 0.6306729
vt 0.3905917 0.6294515
vt 0.3966251 0.6213553
f 1064/1110/1064 1071/1111/1071 1049/1112/1049
vt 0.4131183 0.6203259
f 1049/1112/1049 1066/1113/1066 1064/1110/1064
f 1073/1106/1073 1090/1100/1090 1068/1109/1068
vt 0.3522002 0.6080264
vt 0.3551761 0.6027436
f 1048/1108/1048 1067/1114/1067 1050/1115/1050
f 1063/1107/1063 1067/1114/1067 1048/1108/1048
vt 0.4710084 0.6113512
f 1073/1106/1073 1078/1116/1078 1092/1103/1092
vt 0.3495505 0.6000769
f 1067/1114/1067 1069/1117/1069 1050/1115/1050
f 1067/1114/1067 1063/1107/1063 1020/1056/1020
f 1020/1056/1020 1022/1071/1022 1067/1114/1067
f 656/1036/656 1009/1035/1009 1056/1081/1056
vt 0.5102039 0.6036826
f 1081/1090/1081 1092/1103/1092 1044/1118/1044
f 1019/1038/1019 1071/1111/1071 1017/1042/1017
vt 0.5165178 0.6006805
f 1116/1119/1116 1081/1090/1081 1044/1118/1044
f 1069/1117/1069 1067/1114/1067 1022/1071/1022
vt 0.3786512 0.6287366
f 1074/1120/1074 1071/1111/1071 1019/1038/1019
f 1086/1098/1086 1081/1090/1081 1116/1119/1116
f 1022/1071/1022 1038/1068/1038 1069/1117/1069
vt 0.3919595 0.6213508
f 1146/1121/1146 1049/1112/1049 1071/1111/1071
vt 0.3457118 0.5876168
vt 0.3521305 0.5784856
f 1050/1115/1050 1072/1122/1072 1053/1123/1053
f 1069/1117/1069 1072/1122/1072 1050/1115/1050
vt 0.3788164 0.6233170
f 1071/1111/1071 1074/1120/1074 1051/1124/1051
f 1051/1124/1051 1146/1121/1146 1071/1111/1071
vt 0.4991078 0.6051340
f 1045/1125/1045 1044/1118/1044 1092/1103/1092
vt 0.5754574 0.6216099
f 724/1126/724 656/1036/656 1056/1081/1056
f 1056/1081/1056 1059/1083/1059 724/1126/724
f 1021/1050/1021 1074/1120/1074 1019/1038/1019
vt 0.3707844 0.6282802
f 1077/1127/1077 1074/1120/1074 1021/1050/1021
vt 0.5748407 0.6100793
f 713/1128/713 724/1126/724 1059/1083/1059
f 1014/1046/1014 1077/1127/1077 1021/1050/1021
f 1059/1083/1059 717/1085/717 713/1128/713
vt 0.4879462 0.6060976
f 1046/1129/1046 1045/1125/1045 1092/1103/1092
f 1035/1062/1035 1068/1109/1068 1013/1053/1013
f 1072/1122/1072 1069/1117/1069 1038/1068/1038
f 1060/1101/1060 1077/1127/1077 1014/1046/1014
vt 0.4567146 0.6322920
f 1070/1130/1070 1068/1109/1068 1035/1062/1035
f 1023/1073/1023 1072/1122/1072 1038/1068/1038
vt 0.3708604 0.6237574
f 1074/1120/1074 1077/1127/1077 1052/1131/1052
f 1078/1116/1078 1046/1129/1046 1092/1103/1092
f 1052/1131/1052 1051/1124/1051 1074/1120/1074
f 1052/1131/1052 1060/1101/1060 1047/1105/1047
f 1077/1127/1077 1060/1101/1060 1052/1131/1052
f 1073/1106/1073 1068/1109/1068 1070/1130/1070
vt 0.4595971 0.6215097
f 1070/1130/1070 1079/1132/1079 1073/1106/1073
f 1073/1106/1073 1079/1132/1079 1078/1116/1078
vt 0.4590447 0.6137441
f 1126/1133/1126 1078/1116/1078 1079/1132/1079
vt 0.4327869 0.6315460
f 1087/1134/1087 1070/1130/1070 1035/1062/1035
f 1035/1062/1035 1037/1066/1037 1087/1134/1087
vt 0.4461572 0.6212544
f 1070/1130/1070 1083/1135/1083 1079/1132/1079
vt 0.4411313 0.6177239
f 1079/1132/1079 1083/1135/1083 1054/1136/1054
f 1054/1136/1054 1126/1133/1126 1079/1132/1079
f 1083/1135/1083 1070/1130/1070 1087/1134/1087
vt 0.4309029 0.6208797
f 1087/1134/1087 1088/1137/1088 1083/1135/1083
f 1083/1135/1083 1088/1137/1088 1054/1136/1054
f 1064/1110/1064 1087/1134/1087 1037/1066/1037
vt 0.3417833 0.5745265
vt 0.3509881 0.5742482
f 1053/1123/1053 1084/1138/1084 1055/1139/1055
f 1037/1066/1037 1039/1072/1039 1064/1110/1064
f 1072/1122/1072 1084/1138/1084 1053/1123/1053
vt 0.4256700 0.6160005
f 1127/1140/1127 1054/1136/1054 1088/1137/1088
f 1024/1079/1024 1072/1122/1072 1023/1073/1023
f 1084/1138/1084 1072/1122/1072 1024/1079/1024
f 1088/1137/1088 1087/1134/1087 1064/1110/1064
f 1064/1110/1064 1066/1113/1066 1088/1137/1088
f 1066/1113/1066 1127/1140/1127 1088/1137/1088
f 1071/1111/1071 1064/1110/1064 1039/1072/1039
f 1039/1072/1039 1017/1042/1017 1071/1111/1071
vt 0.5611650 0.5885920
f 1041/1094/1041 756/1141/756 687/1093/687
vt 0.5510730 0.5901805
f 1111/1142/1111 756/1141/756 1041/1094/1041
vt 0.5411796 0.5908155
f 1112/1143/1112 1111/1142/1111 1041/1094/1041
f 1041/1094/1041 1042/1096/1042 1112/1143/1112
vt 0.5592843 0.5765042
vt 0.5493546 0.5770717
f 737/1144/737 1111/1142/1111 1093/1145/1093
f 756/1141/756 1111/1142/1111 737/1144/737
vt 0.5310496 0.5790571
vt 0.5479454 0.5772083
f 1112/1143/1112 1113/1146/1113 1094/1147/1094
f 1111/1142/1111 1112/1143/1112 1094/1147/1094
f 1093/1145/1093 1111/1142/1111 1094/1147/1094
vt 0.5314785 0.5912027
f 1114/1148/1114 1112/1143/1112 1042/1096/1042
f 1042/1096/1042 1043/1097/1043 1114/1148/1114
vt 0.5219750 0.5908977
f 1115/1149/1115 1114/1148/1114 1043/1097/1043
f 1043/1097/1043 1086/1098/1086 1115/1149/1115
f 1113/1146/1113 1112/1143/1112 1114/1148/1114
vt 0.5224983 0.5792553
f 1113/1146/1113 1115/1149/1115 1095/1150/1095
f 1114/1148/1114 1115/1149/1115 1113/1146/1113
vt 0.5115781 0.5879511
f 1117/1151/1117 1115/1149/1115 1086/1098/1086
f 1116/1119/1116 1117/1151/1117 1086/1098/1086
vt 0.4992297 0.5988243
f 1118/1152/1118 1116/1119/1116 1044/1118/1044
f 1044/1118/1044 1045/1125/1045 1118/1152/1118
vt 0.5048889 0.5836946
vt 0.4990027 0.5847945
f 1096/1153/1096 1118/1152/1118 1097/1154/1097
f 1117/1151/1117 1118/1152/1118 1096/1153/1096
f 1116/1119/1116 1118/1152/1118 1117/1151/1117
vt 0.5121450 0.5815920
f 1115/1149/1115 1117/1151/1117 1098/1155/1098
f 1098/1155/1098 1095/1150/1095 1115/1149/1115
f 1098/1155/1098 1117/1151/1117 1096/1153/1096
vt 0.4876568 0.5994028
f 1121/1156/1121 1118/1152/1118 1045/1125/1045
f 1045/1125/1045 1046/1129/1046 1121/1156/1121
vt 0.4867928 0.5851176
vt 0.4884233 0.5840148
f 1121/1156/1121 1120/1157/1120 1099/1158/1099
f 1118/1152/1118 1121/1156/1121 1099/1158/1099
f 1097/1154/1097 1118/1152/1118 1099/1158/1099
vt 0.4767812 0.6004761
f 1124/1159/1124 1121/1156/1121 1046/1129/1046
f 1046/1129/1046 1078/1116/1078 1124/1159/1124
vt 0.4757293 0.5897416
f 1122/1160/1122 1121/1156/1121 1124/1159/1124
f 1120/1157/1120 1121/1156/1121 1122/1160/1122
vt 0.3666568 0.5953696
vt 0.3688783 0.6122922
vt 0.3621413 0.6134472
f 1157/1161/1157 1155/1162/1155 1158/1163/1158
vt 0.3644593 0.5868909
vt 0.3756661 0.5936518
f 1159/1164/1159 1152/1165/1152 1157/1161/1157
vt 0.3736515 0.5843155
f 1154/1166/1154 1152/1165/1152 1159/1164/1159
vt 0.3619838 0.5782965
f 1160/1167/1160 1154/1166/1154 1159/1164/1159
vt 0.3966296 0.6200067
f 1066/1113/1066 1049/1112/1049 1123/1168/1123
vt 0.3707520 0.5754406
f 1156/1169/1156 1154/1166/1154 1160/1167/1160
vt 0.4110577 0.6103801
f 1119/1170/1119 1066/1113/1066 1123/1168/1123
f 1159/1164/1159 1157/1161/1157 1158/1163/1158
vt 0.3917146 0.6106439
f 1123/1168/1123 1125/1171/1125 1119/1170/1119
f 1158/1163/1158 1053/1123/1053 1159/1164/1159
vt 0.4364418 0.6006864
vt 0.4451907 0.6107185
f 1129/1172/1129 1128/1173/1128 1127/1140/1127
f 1160/1167/1160 1159/1164/1159 1053/1123/1053
vt 0.4262588 0.6004282
f 1127/1140/1127 1130/1174/1130 1129/1172/1129
f 1053/1123/1053 1055/1139/1055 1160/1167/1160
vt 0.4367742 0.5901987
f 1132/1175/1132 1129/1172/1129 1130/1174/1130
vt 0.4264146 0.5896828
f 1130/1174/1130 1134/1176/1134 1132/1175/1132
f 1047/1105/1047 1048/1108/1048 1158/1163/1158
f 1130/1174/1130 1127/1140/1127 1119/1170/1119
vt 0.4160824 0.6003399
f 1119/1170/1119 1135/1177/1135 1130/1174/1130
f 1050/1115/1050 1158/1163/1158 1048/1108/1048
vt 0.4159648 0.5898685
f 1137/1178/1137 1130/1174/1130 1135/1177/1135
f 1134/1176/1134 1130/1174/1130 1137/1178/1137
vt 0.4748704 0.5810554
f 1120/1157/1120 1122/1160/1122 1105/1179/1105
vt 0.4266448 0.5798726
f 1132/1175/1132 1134/1176/1134 1103/1180/1103
f 1105/1179/1105 1099/1158/1099 1120/1157/1120
vt 0.4372422 0.5800069
f 1103/1180/1103 1102/1181/1102 1132/1175/1132
f 1053/1123/1053 1158/1163/1158 1050/1115/1050
vt 0.4159378 0.5787945
f 1103/1180/1103 1137/1178/1137 1104/1182/1104
f 1134/1176/1134 1137/1178/1137 1103/1180/1103
vt 0.4059600 0.6005014
f 1119/1170/1119 1139/1183/1139 1135/1177/1135
vt 0.3678383 0.5671220
vt 0.3747366 0.5643415
f 1156/1169/1156 1161/1184/1161 1100/1185/1100
vt 0.4056100 0.5902452
f 1141/1186/1141 1135/1177/1135 1139/1183/1139
vt 0.3787628 0.5719895
f 1100/1185/1100 1101/1187/1101 1156/1169/1156
f 1137/1178/1137 1135/1177/1135 1141/1186/1141
f 1139/1183/1139 1119/1170/1119 1125/1171/1125
vt 0.3960663 0.6008326
f 1125/1171/1125 1143/1188/1143 1139/1183/1139
vt 0.3953009 0.5907591
f 1144/1189/1144 1139/1183/1139 1143/1188/1143
f 1141/1186/1141 1139/1183/1139 1144/1189/1144
vt 0.4053355 0.5775833
f 1104/1182/1104 1141/1186/1141 1185/1190/1185
f 1137/1178/1137 1141/1186/1141 1104/1182/1104
vt 0.3593594 0.5699096
f 1162/1191/1162 1156/1169/1156 1160/1167/1160
f 1161/1184/1161 1156/1169/1156 1162/1191/1162
vt 0.3945784 0.5775047
vt 0.4028337 0.5775610
f 1144/1189/1144 1145/1192/1145 1107/1193/1107
f 1141/1186/1141 1144/1189/1144 1107/1193/1107
f 1185/1190/1185 1141/1186/1141 1107/1193/1107
f 1162/1191/1162 1160/1167/1160 1055/1139/1055
f 1146/1121/1146 1123/1168/1123 1049/1112/1049
f 1125/1171/1125 1123/1168/1123 1146/1121/1146
vt 0.3788044 0.6200897
f 1146/1121/1146 1051/1124/1051 1147/1194/1147
f 1125/1171/1125 1146/1121/1146 1147/1194/1147
vt 0.3757846 0.6117461
f 1147/1194/1147 1151/1195/1151 1125/1171/1125
vt 0.3707523 0.6203737
f 1148/1196/1148 1147/1194/1147 1051/1124/1051
f 1051/1124/1051 1052/1131/1052 1148/1196/1148
f 1151/1195/1151 1147/1194/1147 1148/1196/1148
f 1148/1196/1148 1155/1162/1155 1151/1195/1151
f 1047/1105/1047 1148/1196/1148 1052/1131/1052
f 1155/1162/1155 1148/1196/1148 1047/1105/1047
f 1047/1105/1047 1158/1163/1158 1155/1162/1155
vt 0.3863744 0.6015970
f 1125/1171/1125 1149/1197/1149 1143/1188/1143
vt 0.3852077 0.5919728
f 1150/1198/1150 1143/1188/1143 1149/1197/1149
f 1144/1189/1144 1143/1188/1143 1150/1198/1150
f 1149/1197/1149 1125/1171/1125 1151/1195/1151
f 1152/1165/1152 1149/1197/1149 1151/1195/1151
f 1150/1198/1150 1149/1197/1149 1152/1165/1152
vt 0.3837230 0.5814868
f 1153/1199/1153 1144/1189/1144 1150/1198/1150
f 1145/1192/1145 1144/1189/1144 1153/1199/1153
vt 0.3831194 0.5745089
f 1145/1192/1145 1153/1199/1153 1109/1200/1109
f 1154/1166/1154 1150/1198/1150 1152/1165/1152
f 1153/1199/1153 1150/1198/1150 1154/1166/1154
f 1126/1133/1126 1054/1136/1054 1128/1173/1128
f 1109/1200/1109 1156/1169/1156 1101/1187/1101
f 1154/1166/1154 1156/1169/1156 1109/1200/1109
f 1153/1199/1153 1154/1166/1154 1109/1200/1109
f 1152/1165/1152 1151/1195/1151 1155/1162/1155
f 1155/1162/1155 1157/1161/1157 1152/1165/1152
vt 0.4600302 0.6011462
f 1131/1201/1131 1124/1159/1124 1078/1116/1078
vt 0.4659986 0.5909910
f 1133/1202/1133 1124/1159/1124 1131/1201/1131
f 1122/1160/1122 1124/1159/1124 1133/1202/1133
f 1131/1201/1131 1078/1116/1078 1126/1133/1126
vt 0.4564603 0.5912890
f 1131/1201/1131 1136/1203/1136 1133/1202/1133
vt 0.4652611 0.5794415
f 1105/1179/1105 1133/1202/1133 1106/1204/1106
f 1122/1160/1122 1133/1202/1133 1105/1179/1105
vt 0.4571020 0.5796758
f 1133/1202/1133 1136/1203/1136 1138/1205/1138
f 1106/1204/1106 1133/1202/1133 1138/1205/1138
f 1131/1201/1131 1126/1133/1126 1128/1173/1128
vt 0.4465027 0.6010104
f 1128/1173/1128 1140/1206/1140 1131/1201/1131
f 1136/1203/1136 1131/1201/1131 1140/1206/1140
vt 0.4467755 0.5909787
f 1140/1206/1140 1142/1207/1142 1136/1203/1136
f 1128/1173/1128 1129/1172/1129 1140/1206/1140
f 1142/1207/1142 1140/1206/1140 1129/1172/1129
f 1129/1172/1129 1132/1175/1132 1142/1207/1142
vt 0.4534777 0.5795978
vt 0.4472275 0.5796604
f 1108/1208/1108 1142/1207/1142 1110/1209/1110
f 1136/1203/1136 1142/1207/1142 1108/1208/1108
f 1138/1205/1138 1136/1203/1136 1108/1208/1108
f 1142/1207/1142 1132/1175/1132 1102/1181/1102
f 1102/1181/1102 1110/1209/1110 1142/1207/1142
f 1127/1140/1127 1128/1173/1128 1054/1136/1054
f 1127/1140/1127 1066/1113/1066 1119/1170/1119
vt 0.5581163 0.5664843
vt 0.5482510 0.5677203
f 775/1210/775 1093/1145/1093 1163/1211/1163
f 737/1144/737 1093/1145/1093 775/1210/775
f 1093/1145/1093 1094/1147/1094 1163/1211/1163
vt 0.5391982 0.5687335
f 1094/1147/1094 1113/1146/1113 1164/1212/1164
f 1164/1212/1164 1163/1211/1163 1094/1147/1094
vt 0.5301549 0.5697659
f 1165/1213/1165 1164/1212/1164 1113/1146/1113
vt 0.5213089 0.5707789
vt 0.5241307 0.5704771
f 1167/1214/1167 1166/1215/1166 1095/1150/1095
f 1113/1146/1113 1095/1150/1095 1166/1215/1166
f 1166/1215/1166 1165/1213/1165 1113/1146/1113
vt 0.4989498 0.5801504
f 1097/1154/1097 1183/1216/1183 1096/1153/1096
vt 0.5109806 0.5713779
f 1095/1150/1095 1098/1155/1098 1168/1217/1168
f 1168/1217/1168 1167/1214/1167 1095/1150/1095
vt 0.4987561 0.5719007
f 1168/1217/1168 1183/1216/1183 1169/1218/1169
f 1096/1153/1096 1183/1216/1183 1168/1217/1168
f 1098/1155/1098 1096/1153/1096 1168/1217/1168
f 1099/1158/1099 1183/1216/1183 1097/1154/1097
vt 0.4866272 0.5718669
f 1183/1216/1183 1099/1158/1099 1170/1219/1170
f 1169/1218/1169 1183/1216/1183 1170/1219/1170
vt 0.4751078 0.5714304
f 1170/1219/1170 1105/1179/1105 1171/1220/1171
f 1099/1158/1099 1105/1179/1105 1170/1219/1170
vt 0.3960252 0.5660352
vt 0.3848162 0.5646633
f 1172/1221/1172 1109/1200/1109 1173/1222/1173
f 1145/1192/1145 1109/1200/1109 1172/1221/1172
vt 0.3807156 0.5648293
f 1173/1222/1173 1101/1187/1101 1175/1223/1175
f 1109/1200/1109 1101/1187/1101 1173/1222/1173
vt 0.4710989 0.5712629
f 1105/1179/1105 1106/1204/1106 1174/1224/1174
f 1171/1220/1171 1105/1179/1105 1174/1224/1174
vt 0.4658158 0.5709555
f 1174/1224/1174 1106/1204/1106 1176/1225/1176
vt 0.4567762 0.5705487
f 1176/1225/1176 1138/1205/1138 1177/1226/1177
f 1106/1204/1106 1138/1205/1138 1176/1225/1176
vt 0.4472745 0.5787392
f 1110/1209/1110 1184/1227/1184 1108/1208/1108
vt 0.4459727 0.5700998
f 1108/1208/1108 1184/1227/1184 1211/1228/1211
f 1177/1226/1177 1108/1208/1108 1211/1228/1211
f 1138/1205/1138 1108/1208/1108 1177/1226/1177
vt 0.4376038 0.5696899
f 1211/1228/1211 1102/1181/1102 1178/1229/1178
f 1184/1227/1184 1102/1181/1102 1211/1228/1211
f 1110/1209/1110 1102/1181/1102 1184/1227/1184
vt 0.4272370 0.5690979
f 1102/1181/1102 1103/1180/1103 1179/1230/1179
f 1179/1230/1179 1178/1229/1178 1102/1181/1102
vt 0.4167659 0.5684214
f 1179/1230/1179 1104/1182/1104 1180/1231/1180
f 1103/1180/1103 1104/1182/1104 1179/1230/1179
vt 0.4120297 0.5680162
f 1104/1182/1104 1185/1190/1185 1181/1232/1181
f 1180/1231/1180 1104/1182/1104 1181/1232/1181
vt 0.4064807 0.5674262
f 1181/1232/1181 1185/1190/1185 1182/1233/1182
f 1107/1193/1107 1145/1192/1145 1172/1221/1172
f 1182/1233/1182 1107/1193/1107 1172/1221/1172
f 1185/1190/1185 1107/1193/1107 1182/1233/1182
vt 0.5482443 0.5561243
f 775/1210/775 1163/1211/1163 1186/1234/1186
vt 0.5575300 0.5551032
f 1186/1234/1186 809/1235/809 775/1210/775
vt 0.5391179 0.5679777
vt 0.5395021 0.5548675
f 1186/1234/1186 1203/1236/1203 1187/1237/1187
f 1163/1211/1163 1203/1236/1203 1186/1234/1186
f 1164/1212/1164 1203/1236/1203 1163/1211/1163
vt 0.5300623 0.5690212
vt 0.5286984 0.5549364
f 1187/1237/1187 1204/1238/1204 1188/1239/1188
f 1203/1236/1203 1204/1238/1204 1187/1237/1187
f 1204/1238/1204 1203/1236/1203 1164/1212/1164
f 1164/1212/1164 1165/1213/1165 1204/1238/1204
vt 0.5186262 0.5574259
f 1166/1215/1166 1167/1214/1167 1228/1240/1228
f 1188/1239/1188 1166/1215/1166 1228/1240/1228
f 1204/1238/1204 1166/1215/1166 1188/1239/1188
f 1166/1215/1166 1204/1238/1204 1165/1213/1165
vt 0.5149578 0.5591154
vt 0.5091372 0.5622590
vt 0.5087175 0.5590705
f 1189/1241/1189 1205/1242/1205 1190/1243/1190
vt 0.4986311 0.5663984
vt 0.4984042 0.5598633
f 1205/1242/1205 1206/1244/1206 1191/1245/1191
f 1191/1245/1191 1190/1243/1190 1205/1242/1205
f 1168/1217/1168 1205/1242/1205 1189/1241/1189
f 1167/1214/1167 1168/1217/1168 1189/1241/1189
f 1228/1240/1228 1167/1214/1167 1189/1241/1189
f 1206/1244/1206 1205/1242/1205 1168/1217/1168
f 1168/1217/1168 1169/1218/1169 1206/1244/1206
vt 0.4905963 0.5606441
f 1191/1245/1191 1206/1244/1206 1192/1246/1192
f 1206/1244/1206 1170/1219/1170 1192/1246/1192
f 1169/1218/1169 1170/1219/1170 1206/1244/1206
vt 0.4766736 0.5607205
f 1170/1219/1170 1171/1220/1171 1193/1247/1193
f 1193/1247/1193 1192/1246/1192 1170/1219/1170
vt 0.3965780 0.5635833
vt 0.3879886 0.5560681
vt 0.3986409 0.5544569
f 1207/1248/1207 1208/1249/1208 1194/1250/1194
f 1173/1222/1173 1207/1248/1207 1172/1221/1172
f 1208/1249/1208 1207/1248/1207 1173/1222/1173
vt 0.3760978 0.5565777
f 1173/1222/1173 1175/1223/1175 1196/1251/1196
vt 0.3849637 0.5535062
f 1195/1252/1195 1173/1222/1173 1196/1251/1196
f 1208/1249/1208 1173/1222/1173 1195/1252/1195
vt 0.4659687 0.5689811
vt 0.4668139 0.5603390
f 1174/1224/1174 1209/1253/1209 1197/1254/1197
f 1193/1247/1193 1174/1224/1174 1197/1254/1197
f 1171/1220/1171 1174/1224/1174 1193/1247/1193
f 1176/1225/1176 1209/1253/1209 1174/1224/1174
vt 0.4568691 0.5681700
vt 0.4572709 0.5596933
f 1197/1254/1197 1210/1255/1210 1198/1256/1198
f 1209/1253/1209 1210/1255/1210 1197/1254/1197
f 1177/1226/1177 1209/1253/1209 1176/1225/1176
f 1210/1255/1210 1209/1253/1209 1177/1226/1177
vt 0.4476706 0.5588075
f 1210/1255/1210 1211/1228/1211 1199/1257/1199
f 1199/1257/1199 1198/1256/1198 1210/1255/1210
f 1211/1228/1211 1210/1255/1210 1177/1226/1177
vt 0.4378994 0.5575471
f 1211/1228/1211 1178/1229/1178 1200/1258/1200
f 1199/1257/1199 1211/1228/1211 1200/1258/1200
vt 0.4283421 0.5549347
f 1200/1258/1200 1179/1230/1179 1235/1259/1235
f 1178/1229/1178 1179/1230/1179 1200/1258/1200
vt 0.4183785 0.5563031
f 1179/1230/1179 1180/1231/1180 1201/1260/1201
f 1201/1260/1201 1235/1259/1235 1179/1230/1179
vt 0.4066283 0.5664596
vt 0.4084346 0.5557698
f 1181/1232/1181 1212/1261/1212 1202/1262/1202
f 1201/1260/1201 1181/1232/1181 1202/1262/1202
f 1180/1231/1180 1181/1232/1181 1201/1260/1201
f 1182/1233/1182 1212/1261/1212 1181/1232/1181
f 1202/1262/1202 1207/1248/1207 1194/1250/1194
f 1212/1261/1212 1207/1248/1207 1202/1262/1202
f 1172/1221/1172 1212/1261/1212 1182/1233/1182
f 1207/1248/1207 1212/1261/1212 1172/1221/1172
vt 0.4096454 0.5490232
f 1194/1250/1194 1237/1263/1237 1202/1262/1202
vt 0.5554029 0.5437682
vt 0.5459338 0.5448045
f 845/1264/845 1186/1234/1186 1214/1265/1214
vt 0.4008234 0.5430248
f 1238/1266/1238 1237/1263/1237 1194/1250/1194
vt 0.3917089 0.5441253
vt 0.3921625 0.5414838
f 1238/1266/1238 1239/1267/1239 1213/1268/1213
vt 0.5362939 0.5458277
f 1186/1234/1186 1187/1237/1187 1215/1269/1215
f 1215/1269/1215 1214/1265/1214 1186/1234/1186
f 1186/1234/1186 845/1264/845 809/1235/809
f 1239/1267/1239 1238/1266/1238 1194/1250/1194
f 1194/1250/1194 1208/1249/1208 1239/1267/1239
f 1195/1252/1195 1239/1267/1239 1208/1249/1208
vt 0.3803528 0.5489026
f 1240/1270/1240 1239/1267/1239 1195/1252/1195
vt 0.5266873 0.5467298
f 1187/1237/1187 1188/1239/1188 1216/1271/1216
f 1216/1271/1216 1215/1269/1215 1187/1237/1187
f 1196/1251/1196 1240/1270/1240 1195/1252/1195
vt 0.5171261 0.5473614
f 1188/1239/1188 1228/1240/1228 1217/1272/1217
f 1217/1272/1217 1216/1271/1216 1188/1239/1188
vt 0.5078290 0.5479192
f 1189/1241/1189 1190/1243/1190 1218/1273/1218
f 1217/1272/1217 1189/1241/1189 1218/1273/1218
f 1228/1240/1228 1189/1241/1189 1217/1272/1217
vt 0.4983740 0.5485913
f 1190/1243/1190 1191/1245/1191 1219/1274/1219
f 1219/1274/1219 1218/1273/1218 1190/1243/1190
vt 0.4875840 0.5584937
vt 0.4881909 0.5489579
f 1192/1246/1192 1229/1275/1229 1220/1276/1220
f 1219/1274/1219 1192/1246/1192 1220/1276/1220
f 1191/1245/1191 1192/1246/1192 1219/1274/1219
vt 0.4774168 0.5540593
vt 0.4778789 0.5487877
f 1220/1276/1220 1230/1277/1230 1221/1278/1221
f 1229/1275/1229 1230/1277/1230 1220/1276/1220
f 1193/1247/1193 1229/1275/1229 1192/1246/1192
f 1230/1277/1230 1229/1275/1229 1193/1247/1193
vt 0.4674953 0.5521445
vt 0.4677675 0.5483041
f 1221/1278/1221 1231/1279/1231 1222/1280/1222
f 1230/1277/1230 1231/1279/1231 1221/1278/1221
vt 0.4578782 0.5480930
f 1232/1281/1232 1222/1280/1222 1231/1279/1231
f 1197/1254/1197 1230/1277/1230 1193/1247/1193
f 1231/1279/1231 1230/1277/1230 1197/1254/1197
f 1198/1256/1198 1231/1279/1231 1197/1254/1197
f 1232/1281/1232 1231/1279/1231 1198/1256/1198
vt 0.4478084 0.5523139
vt 0.4479242 0.5470887
f 1232/1281/1232 1233/1282/1233 1223/1283/1223
vt 0.4379732 0.5546073
vt 0.4382453 0.5461680
f 1233/1282/1233 1234/1284/1234 1224/1285/1224
f 1224/1285/1224 1223/1283/1223 1233/1282/1233
f 1233/1282/1233 1232/1281/1232 1198/1256/1198
f 1198/1256/1198 1199/1257/1199 1233/1282/1233
f 1234/1284/1234 1233/1282/1233 1199/1257/1199
f 1199/1257/1199 1200/1258/1200 1234/1284/1234
vt 0.4291211 0.5453221
f 1234/1284/1234 1235/1259/1235 1225/1286/1225
f 1225/1286/1225 1224/1285/1224 1234/1284/1234
vt 0.4189146 0.5527055
vt 0.4200194 0.5447614
f 1225/1286/1225 1236/1287/1236 1226/1288/1226
f 1235/1259/1235 1236/1287/1236 1225/1286/1225
f 1235/1259/1235 1234/1284/1234 1200/1258/1200
f 1236/1287/1236 1235/1259/1235 1201/1260/1201
vt 0.4104855 0.5440954
f 1226/1288/1226 1237/1263/1237 1227/1289/1227
f 1236/1287/1236 1237/1263/1237 1226/1288/1226
f 1237/1263/1237 1238/1266/1238 1227/1289/1227
f 1202/1262/1202 1236/1287/1236 1201/1260/1201
f 1237/1263/1237 1236/1287/1236 1202/1262/1202
vt 0.4022938 0.5336221
vt 0.3932863 0.5325788
f 1241/1290/1241 1213/1268/1213 1242/1291/1242
f 1238/1266/1238 1213/1268/1213 1241/1290/1241
vt 0.5448079 0.5351734
f 845/1264/845 1214/1265/1214 1243/1292/1243
vt 0.5352497 0.5362509
f 1214/1265/1214 1215/1269/1215 1244/1293/1244
f 1244/1293/1244 1243/1292/1243 1214/1265/1214
vt 0.5257356 0.5372317
f 1244/1293/1244 1216/1271/1216 1245/1294/1245
f 1215/1269/1215 1216/1271/1216 1244/1293/1244
vt 0.5163736 0.5381439
f 1245/1294/1245 1217/1272/1217 1246/1295/1246
f 1216/1271/1216 1217/1272/1217 1245/1294/1245
vt 0.5073212 0.5388771
f 1246/1295/1246 1218/1273/1218 1247/1296/1247
f 1217/1272/1217 1218/1273/1218 1246/1295/1246
vt 0.4981611 0.5390946
f 1218/1273/1218 1219/1274/1219 1248/1297/1248
f 1248/1297/1248 1247/1296/1247 1218/1273/1218
vt 0.4882939 0.5389081
f 1219/1274/1219 1220/1276/1220 1249/1298/1249
f 1249/1298/1249 1248/1297/1248 1219/1274/1219
vt 0.4782352 0.5386401
f 1220/1276/1220 1221/1278/1221 1250/1299/1250
f 1250/1299/1250 1249/1298/1249 1220/1276/1220
vt 0.4682491 0.5382909
f 1221/1278/1221 1222/1280/1222 1251/1300/1251
f 1251/1300/1251 1250/1299/1250 1221/1278/1221
vt 0.4583228 0.5378290
f 1222/1280/1222 1232/1281/1232 1252/1301/1252
f 1252/1301/1252 1251/1300/1251 1222/1280/1222
vt 0.4484998 0.5373230
f 1252/1301/1252 1223/1283/1223 1253/1302/1253
f 1232/1281/1232 1223/1283/1223 1252/1301/1252
vt 0.4388863 0.5369270
f 1253/1302/1253 1224/1285/1224 1254/1303/1254
f 1223/1283/1223 1224/1285/1224 1253/1302/1253
vt 0.4297916 0.5365146
f 1254/1303/1254 1225/1286/1225 1255/1304/1255
f 1224/1285/1224 1225/1286/1225 1254/1303/1254
vt 0.4208330 0.5356646
f 1225/1286/1225 1226/1288/1226 1256/1305/1256
f 1256/1305/1256 1255/1304/1255 1225/1286/1225
vt 0.4115473 0.5346693
f 1226/1288/1226 1227/1289/1227 1257/1306/1257
f 1257/1306/1257 1256/1305/1256 1226/1288/1226
f 1227/1289/1227 1238/1266/1238 1241/1290/1241
f 1241/1290/1241 1257/1306/1257 1227/1289/1227
vt 0.4033413 0.5235502
vt 0.4122790 0.5243878
vt 0.4120263 0.5271744
f 1259/1307/1259 1258/1308/1258 1267/1309/1267
vt 0.3940591 0.5254333
f 1268/1310/1268 1267/1309/1267 1241/1290/1241
f 1241/1290/1241 1242/1291/1242 1268/1310/1268
f 1267/1309/1267 1268/1310/1268 1259/1307/1259
vt 0.5216767 0.5266581
f 1245/1294/1245 1246/1295/1246 1260/1311/1260
vt 0.5068011 0.5280628
f 1246/1295/1246 1247/1296/1247 1261/1312/1261
f 1261/1312/1261 1260/1311/1260 1246/1295/1246
vt 0.4967253 0.5266539
f 1261/1312/1261 1248/1297/1248 1283/1313/1283
f 1247/1296/1247 1248/1297/1248 1261/1312/1261
vt 0.4878734 0.5274941
vt 0.4931357 0.5279061
f 1249/1298/1249 1269/1314/1269 1262/1315/1262
f 1248/1297/1248 1249/1298/1249 1262/1315/1262
f 1283/1313/1283 1248/1297/1248 1262/1315/1262
vt 0.4776811 0.5275535
f 1263/1316/1263 1269/1314/1269 1249/1298/1249
f 1249/1298/1249 1250/1299/1250 1263/1316/1263
vt 0.4659668 0.5271676
f 1264/1317/1264 1263/1316/1263 1250/1299/1250
f 1250/1299/1250 1251/1300/1251 1264/1317/1264
vt 0.4594676 0.5267614
f 1265/1318/1265 1264/1317/1264 1251/1300/1251
f 1251/1300/1251 1252/1301/1252 1265/1318/1265
f 1253/1302/1253 1265/1318/1265 1252/1301/1252
vt 0.4493874 0.5266812
f 1270/1319/1270 1265/1318/1265 1253/1302/1253
f 1254/1303/1254 1270/1319/1270 1253/1302/1253
vt 0.4407636 0.5263330
f 1271/1320/1271 1270/1319/1270 1254/1303/1254
f 1255/1304/1255 1271/1320/1271 1254/1303/1254
vt 0.4305176 0.5259371
f 1272/1321/1272 1271/1320/1271 1255/1304/1255
vt 0.4203054 0.5249407
f 1266/1322/1266 1272/1321/1272 1255/1304/1255
f 1255/1304/1255 1256/1305/1256 1266/1322/1266
f 1267/1309/1267 1266/1322/1266 1256/1305/1256
f 1256/1305/1256 1257/1306/1257 1267/1309/1267
f 1241/1290/1241 1267/1309/1267 1257/1306/1257
f 1266/1322/1266 1267/1309/1267 1258/1308/1258
vt 0.5160665 0.5260932
f 1261/1312/1261 1281/1323/1281 1260/1311/1260
vt 0.5066863 0.5254050
f 1282/1324/1282 1281/1323/1281 1261/1312/1261
f 1283/1313/1283 1282/1324/1282 1261/1312/1261
vt 0.4970945 0.5178034
f 1282/1324/1282 1283/1313/1283 1273/1325/1273
vt 0.4877310 0.5177157
f 1262/1315/1262 1269/1314/1269 1274/1326/1274
f 1273/1325/1273 1262/1315/1262 1274/1326/1274
f 1283/1313/1283 1262/1315/1262 1273/1325/1273
vt 0.4782583 0.5176176
f 1274/1326/1274 1263/1316/1263 1275/1327/1275
f 1269/1314/1269 1263/1316/1263 1274/1326/1274
vt 0.4663814 0.5171757
f 1275/1327/1275 1264/1317/1264 1276/1328/1276
f 1263/1316/1263 1264/1317/1264 1275/1327/1275
f 1264/1317/1264 1265/1318/1265 1276/1328/1276
vt 0.4497882 0.5167480
f 1265/1318/1265 1270/1319/1270 1277/1329/1277
f 1277/1329/1277 1276/1328/1276 1265/1318/1265
vt 0.4403861 0.5163847
f 1270/1319/1270 1271/1320/1271 1278/1330/1278
f 1278/1330/1278 1277/1329/1277 1270/1319/1270
vt 0.4310735 0.5160187
f 1271/1320/1271 1272/1321/1272 1279/1331/1279
f 1279/1331/1279 1278/1330/1278 1271/1320/1271
vt 0.4218714 0.5154471
f 1279/1331/1279 1266/1322/1266 1280/1332/1280
f 1272/1321/1272 1266/1322/1266 1279/1331/1279
f 1266/1322/1266 1258/1308/1258 1280/1332/1280
vt 0.4970668 0.5080307
vt 0.4810506 0.5078291
f 1284/1333/1284 1274/1326/1274 1285/1334/1285
f 1273/1325/1273 1274/1326/1274 1284/1333/1284
f 1274/1326/1274 1275/1327/1275 1285/1334/1285
vt 0.4647068 0.5075753
f 1275/1327/1275 1276/1328/1276 1286/1335/1286
f 1286/1335/1286 1285/1334/1285 1275/1327/1275
vt 0.4467860 0.5068686
f 1276/1328/1276 1277/1329/1277 1287/1336/1287
f 1287/1336/1287 1286/1335/1286 1276/1328/1276
f 1277/1329/1277 1278/1330/1278 1287/1336/1287
vt 0.4315004 0.5064910
f 1278/1330/1278 1279/1331/1279 1288/1337/1288
f 1288/1337/1288 1287/1336/1287 1278/1330/1278
f 1279/1331/1279 1280/1332/1280 1288/1337/1288
vt 0.4804249 0.5033405
f 1286/1335/1286 1290/1338/1290 1285/1334/1285
vt 0.4633187 0.5024143
f 1292/1339/1292 1290/1338/1290 1286/1335/1286
vt 0.4790049 0.4930851
f 1291/1340/1291 1290/1338/1290 1292/1339/1292
vt 0.4611696 0.4921673
f 1292/1339/1292 1293/1341/1293 1291/1340/1291
f 1287/1336/1287 1292/1339/1292 1286/1335/1286
vt 0.4413834 0.5010150
f 1295/1342/1295 1292/1339/1292 1287/1336/1287
f 1293/1341/1293 1292/1339/1292 1295/1342/1295
vt 0.4509523 0.4914614
f 1295/1342/1295 1294/1343/1294 1293/1341/1293
vt 0.4378173 0.4905173
f 1295/1342/1295 1296/1344/1296 1294/1343/1294
f 1288/1337/1288 1295/1342/1295 1287/1336/1287
vt 0.4573640 0.4824219
f 1293/1341/1293 1294/1343/1294 1289/1345/1289
vt 0.9111473 0.1217667
vt 0.9109924 0.1287088
vt 0.8999711 0.1286884
f 1302/1346/1302 1300/1347/1300 1310/1348/1310
vt 0.9009252 0.1144814
f 1322/1349/1322 1302/1346/1302 1310/1348/1310
vt 0.9109529 0.1395883
vt 0.9002966 0.1456608
f 1310/1348/1310 1304/1350/1304 1311/1351/1311
f 1300/1347/1300 1304/1350/1304 1310/1348/1310
vt 0.9166957 0.0788632
vt 0.9157153 0.0820016
vt 0.9028370 0.0804478
f 1298/1352/1298 1297/1353/1297 1313/1354/1313
vt 0.9111041 0.1639788
f 1304/1350/1304 5/1355/5 1311/1351/1311
vt 0.9053068 0.0714442
f 1313/1354/1313 1314/1356/1314 1298/1352/1298
vt 0.9119246 0.1064484
f 1305/1357/1305 1302/1346/1302 1322/1349/1322
vt 0.9120404 0.0555148
vt 0.9212934 0.0670722
vt 0.9082989 0.0637546
f 1316/1358/1316 1299/1359/1299 1315/1360/1315
vt 0.8983451 0.1076349
f 1312/1361/1312 1305/1357/1305 1322/1349/1322
vt 0.9240478 0.0611068
f 1301/1362/1301 1299/1359/1299 1316/1358/1316
f 1299/1359/1299 1298/1352/1298 1314/1356/1314
f 1314/1356/1314 1315/1360/1315 1299/1359/1299
vt 0.9003188 0.1685825
f 1311/1351/1311 5/1355/5 25/1363/25
vt 0.9131758 0.0947184
vt 0.9010040 0.0937533
f 1313/1354/1313 1303/1364/1303 1317/1365/1317
f 1297/1353/1297 1303/1364/1303 1313/1354/1313
f 1317/1365/1317 1305/1357/1305 1312/1361/1312
f 1303/1364/1303 1305/1357/1305 1317/1365/1317
vt 0.9185085 0.0387372
vt 0.9290186 0.0495275
vt 0.9165313 0.0444838
f 1319/1366/1319 1306/1367/1306 1318/1368/1318
vt 0.9318694 0.0420380
f 1307/1369/1307 1306/1367/1306 1319/1366/1319
vt 0.9235530 0.0147274
vt 0.9347115 0.0328756
vt 0.9210606 0.0292527
f 1321/1370/1321 1308/1371/1308 1320/1372/1320
vt 0.9383900 0.0167423
f 1309/1373/1309 1308/1371/1308 1321/1370/1321
f 1320/1372/1320 1307/1369/1307 1319/1366/1319
f 1308/1371/1308 1307/1369/1307 1320/1372/1320
f 1306/1367/1306 1301/1362/1301 1316/1358/1316
f 1316/1358/1316 1318/1368/1318 1306/1367/1306
vt 0.8884609 0.1176983
f 1312/1361/1312 1322/1349/1322 1323/1374/1323
vt 0.8881826 0.1060934
f 1324/1375/1324 1312/1361/1312 1323/1374/1323
vt 0.8889319 0.1370334
f 1323/1374/1323 1310/1348/1310 1325/1376/1325
f 1322/1349/1322 1310/1348/1310 1323/1374/1323
f 1310/1348/1310 1311/1351/1311 1325/1376/1325
vt 0.8892704 0.1506996
f 1325/1376/1325 1311/1351/1311 42/1377/42
f 1311/1351/1311 25/1363/25 42/1377/42
vt 0.8895794 0.0669148
vt 0.8864942 0.0810596
f 1326/1378/1326 1313/1354/1313 1349/1379/1349
vt 0.8983195 0.0646806
f 1334/1380/1334 1313/1354/1313 1326/1378/1326
f 1314/1356/1314 1313/1354/1313 1334/1380/1334
vt 0.9010122 0.0481770
vt 0.8932363 0.0595084
f 1328/1381/1328 1334/1380/1334 1327/1382/1327
f 1315/1360/1315 1334/1380/1334 1328/1381/1328
f 1316/1358/1316 1315/1360/1315 1328/1381/1328
f 1314/1356/1314 1334/1380/1334 1315/1360/1315
vt 0.8914739 0.0936588
vt 0.8878242 0.0844468
f 1317/1365/1317 1335/1383/1335 1329/1384/1329
f 1313/1354/1313 1317/1365/1317 1329/1384/1329
f 1349/1379/1349 1313/1354/1313 1329/1384/1329
f 1312/1361/1312 1335/1383/1335 1317/1365/1317
f 1335/1383/1335 1312/1361/1312 1324/1375/1324
f 1327/1382/1327 1334/1380/1334 1326/1378/1326
vt 0.9069139 0.0350978
vt 0.9047527 0.0408933
f 1331/1385/1331 1318/1368/1318 1330/1386/1330
f 1319/1366/1319 1318/1368/1318 1331/1385/1331
vt 0.9093710 0.0143009
vt 0.9085972 0.0272176
f 1333/1387/1333 1320/1372/1320 1332/1388/1332
f 1321/1370/1321 1320/1372/1320 1333/1387/1333
f 1332/1388/1332 1319/1366/1319 1331/1385/1331
f 1320/1372/1320 1319/1366/1319 1332/1388/1332
f 1318/1368/1318 1316/1358/1316 1328/1381/1328
f 1328/1381/1328 1330/1386/1330 1318/1368/1318
vt 0.9217870 0.0024160
f 1333/1387/1333 1040/1389/1040 1321/1370/1321
f 1321/1370/1321 1040/1389/1040 1309/1373/1309
vt 0.9403343 0.0058960
f 1309/1373/1309 1040/1389/1040 1002/1390/1002
vt 0.9085714 0.0000000
f 1024/1391/1024 1040/1389/1040 1333/1387/1333
vt 0.8957075 0.0428957
f 1328/1381/1328 1345/1392/1345 1330/1386/1330
vt 0.8760474 0.1067779
vt 0.8767864 0.1183004
f 1337/1393/1337 1323/1374/1323 1336/1394/1336
f 1324/1375/1324 1323/1374/1323 1337/1393/1337
vt 0.8776858 0.1371375
f 1336/1394/1336 1325/1376/1325 1338/1395/1338
f 1323/1374/1323 1325/1376/1325 1336/1394/1336
vt 0.8786433 0.1575180
f 1338/1395/1338 42/1377/42 1339/1396/1339
f 1325/1376/1325 42/1377/42 1338/1395/1338
vt 0.8896101 0.1685327
f 42/1377/42 39/1397/39 1339/1396/1339
vt 0.8792715 0.1722039
f 1339/1396/1339 39/1397/39 77/1398/77
vt 0.8780178 0.0380591
vt 0.8847775 0.0496671
vt 0.8720394 0.0564385
f 1366/1399/1366 1346/1400/1346 1340/1401/1340
vt 0.8887403 0.0313428
f 1347/1402/1347 1346/1400/1346 1366/1399/1366
f 1345/1392/1345 1346/1400/1346 1347/1402/1347
vt 0.8796133 0.0684253
vt 0.8725901 0.0696608
f 1340/1401/1340 1348/1403/1348 1342/1404/1342
vt 0.8739537 0.0825477
f 1348/1403/1348 1349/1379/1349 1343/1405/1343
f 1343/1405/1343 1342/1404/1342 1348/1403/1348
vt 0.8751417 0.0948702
f 1329/1384/1329 1335/1383/1335 1344/1406/1344
f 1343/1405/1343 1329/1384/1329 1344/1406/1344
f 1349/1379/1349 1329/1384/1329 1343/1405/1343
f 1344/1406/1344 1324/1375/1324 1337/1393/1337
f 1335/1383/1335 1324/1375/1324 1344/1406/1344
f 1346/1400/1346 1348/1403/1348 1340/1401/1340
f 1326/1378/1326 1348/1403/1348 1346/1400/1346
f 1327/1382/1327 1326/1378/1326 1346/1400/1346
f 1349/1379/1349 1348/1403/1348 1326/1378/1326
f 1346/1400/1346 1345/1392/1345 1328/1381/1328
f 1328/1381/1328 1327/1382/1327 1346/1400/1346
vt 0.8945528 0.0023902
vt 0.8976654 0.0158753
vt 0.8862437 0.0195530
f 1084/1407/1084 1350/1408/1350 1365/1409/1365
vt 0.8801244 0.0037443
f 1365/1409/1365 1055/1410/1055 1084/1407/1084
f 1333/1387/1333 1084/1407/1084 1024/1391/1024
f 1350/1408/1350 1084/1407/1084 1333/1387/1333
vt 0.9009745 0.0275893
vt 0.8880619 0.0290816
f 1351/1411/1351 1347/1402/1347 1341/1412/1341
f 1350/1408/1350 1351/1411/1351 1341/1412/1341
f 1365/1409/1365 1350/1408/1350 1341/1412/1341
f 1330/1386/1330 1351/1411/1351 1331/1385/1331
f 1345/1392/1345 1351/1411/1351 1330/1386/1330
f 1347/1402/1347 1351/1411/1351 1345/1392/1345
f 1351/1411/1351 1350/1408/1350 1333/1387/1333
f 1333/1387/1333 1332/1388/1332 1351/1411/1351
f 1331/1385/1331 1351/1411/1351 1332/1388/1332
vt 0.8654858 0.1191468
f 1337/1393/1337 1336/1394/1336 1353/1413/1353
vt 0.8643934 0.1078018
f 1353/1413/1353 1355/1414/1355 1337/1393/1337
vt 0.8668432 0.1360413
f 1353/1413/1353 1338/1395/1338 1357/1415/1357
f 1336/1394/1336 1338/1395/1338 1353/1413/1353
vt 0.8680971 0.1587638
f 1338/1395/1338 1339/1396/1339 1360/1416/1360
f 1360/1416/1360 1357/1415/1357 1338/1395/1338
vt 0.8695459 0.1881117
f 1360/1416/1360 77/1398/77 93/1417/93
f 1339/1396/1339 77/1398/77 1360/1416/1360
vt 0.8536075 0.0179679
vt 0.8591940 0.0304605
vt 0.8481485 0.0349456
f 1161/1418/1161 1362/1419/1362 1352/1420/1352
vt 0.8428510 0.0230210
f 1352/1420/1352 1100/1421/1100 1161/1418/1161
vt 0.8647074 0.0430307
vt 0.8528233 0.0470299
f 1362/1419/1362 1363/1422/1363 1354/1423/1354
f 1354/1423/1354 1352/1420/1352 1362/1419/1362
vt 0.8566287 0.0594630
f 1363/1422/1363 1340/1401/1340 1356/1424/1356
f 1356/1424/1356 1354/1423/1354 1363/1422/1363
vt 0.8669337 0.0120352
f 1362/1419/1362 1161/1418/1161 1162/1425/1162
vt 0.8721271 0.0248969
f 1162/1425/1162 1364/1426/1364 1362/1419/1362
f 1364/1426/1364 1162/1425/1162 1055/1410/1055
f 1055/1410/1055 1365/1409/1365 1364/1426/1364
f 1363/1422/1363 1362/1419/1362 1364/1426/1364
f 1364/1426/1364 1366/1399/1366 1363/1422/1363
f 1340/1401/1340 1363/1422/1363 1366/1399/1366
f 1364/1426/1364 1365/1409/1365 1341/1412/1341
f 1347/1402/1347 1364/1426/1364 1341/1412/1341
f 1366/1399/1366 1364/1426/1364 1347/1402/1347
vt 0.8593717 0.0719798
f 1356/1424/1356 1342/1404/1342 1358/1427/1358
f 1340/1401/1340 1342/1404/1342 1356/1424/1356
vt 0.8614603 0.0842107
f 1358/1427/1358 1343/1405/1343 1359/1428/1359
f 1342/1404/1342 1343/1405/1343 1358/1427/1358
vt 0.8630898 0.0961456
f 1343/1405/1343 1344/1406/1344 1361/1429/1361
f 1361/1429/1361 1359/1428/1359 1343/1405/1343
f 1344/1406/1344 1337/1393/1337 1355/1414/1355
f 1355/1414/1355 1361/1429/1361 1344/1406/1344
vt 0.8529728 0.1118500
f 1355/1414/1355 1353/1413/1353 1367/1430/1367
vt 0.8552497 0.1310863
f 1353/1413/1353 1357/1415/1357 1368/1431/1368
f 1368/1431/1368 1367/1430/1367 1353/1413/1353
vt 0.8560716 0.1414289
f 1369/1432/1369 1368/1431/1368 1357/1415/1357
f 1357/1415/1357 1360/1416/1360 1369/1432/1369
vt 0.8580832 0.1761069
f 1369/1432/1369 1360/1416/1360 1370/1433/1370
f 1360/1416/1360 93/1417/93 1370/1433/1370
vt 0.8587894 0.1940253
f 1370/1433/1370 93/1417/93 109/1434/109
vt 0.8493577 0.0863148
vt 0.8511808 0.0978128
f 1372/1435/1372 1361/1429/1361 1371/1436/1371
f 1359/1428/1359 1361/1429/1361 1372/1435/1372
f 1371/1436/1371 1355/1414/1355 1367/1430/1367
f 1361/1429/1361 1355/1414/1355 1371/1436/1371
vt 0.8370292 0.0117855
vt 0.8313793 0.0285500
f 1101/1437/1101 1100/1421/1100 1373/1438/1373
vt 0.8258474 0.0174584
f 1373/1438/1373 1175/1439/1175 1101/1437/1101
vt 0.8364736 0.0397489
f 1100/1421/1100 1352/1420/1352 1374/1440/1374
f 1374/1440/1374 1373/1438/1373 1100/1421/1100
vt 0.8408909 0.0510762
f 1352/1420/1352 1354/1423/1354 1375/1441/1375
f 1375/1441/1375 1374/1440/1374 1352/1420/1352
vt 0.8444241 0.0627514
f 1375/1441/1375 1356/1424/1356 1376/1442/1376
f 1354/1423/1354 1356/1424/1356 1375/1441/1375
vt 0.8471567 0.0745762
f 1376/1442/1376 1358/1427/1358 1377/1443/1377
f 1356/1424/1356 1358/1427/1358 1376/1442/1376
f 1377/1443/1377 1359/1428/1359 1372/1435/1372
f 1358/1427/1358 1359/1428/1359 1377/1443/1377
vt 0.8462438 0.1212413
vt 0.8446444 0.1035497
f 1388/1444/1388 1393/1445/1393 1367/1430/1367
vt 0.8483722 0.1331959
f 1389/1446/1389 1388/1444/1388 1367/1430/1367
f 1367/1430/1367 1368/1431/1368 1389/1446/1389
vt 0.8493707 0.1431443
f 1390/1447/1390 1389/1446/1389 1368/1431/1368
f 1368/1431/1368 1369/1432/1369 1390/1447/1390
vt 0.8531543 0.1912540
vt 0.8513955 0.1724084
f 1385/1448/1385 1392/1449/1392 1370/1433/1370
vt 0.8400237 0.1109215
f 1393/1445/1393 1388/1444/1388 1378/1450/1378
f 1370/1433/1370 109/1434/109 1385/1448/1385
vt 0.8407602 0.0880459
f 1393/1445/1393 1391/1451/1391 1372/1435/1372
f 1372/1435/1372 1371/1436/1371 1393/1445/1393
vt 0.8426284 0.1322773
f 1388/1444/1388 1389/1446/1389 1379/1452/1379
vt 0.8451368 0.1635630
f 1390/1447/1390 1392/1449/1392 1381/1453/1381
vt 0.8444264 0.1531475
f 1381/1453/1381 1380/1454/1380 1390/1447/1390
f 1371/1436/1371 1367/1430/1367 1393/1445/1393
f 1380/1454/1380 1389/1446/1389 1390/1447/1390
vt 0.8357374 0.0773287
vt 0.8374818 0.0945299
f 1382/1455/1382 1391/1451/1391 1384/1456/1384
f 1392/1449/1392 1390/1447/1390 1369/1432/1369
f 1369/1432/1369 1370/1433/1370 1392/1449/1392
f 1391/1451/1391 1393/1445/1393 1384/1456/1384
vt 0.8545132 0.2045336
f 137/1457/137 1385/1448/1385 109/1434/109
f 1378/1450/1378 1384/1456/1384 1393/1445/1393
vt 0.8465317 0.2049001
f 1385/1448/1385 137/1457/137 125/1458/125
vt 0.8138809 0.0248647
vt 0.8194516 0.0348514
f 1196/1459/1196 1373/1438/1373 1386/1460/1386
f 1175/1439/1175 1373/1438/1373 1196/1459/1196
vt 0.8283246 0.0560678
f 1386/1460/1386 1374/1440/1374 1387/1461/1387
f 1373/1438/1373 1374/1440/1374 1386/1460/1386
f 1374/1440/1374 1375/1441/1375 1387/1461/1387
vt 0.8321232 0.0665843
f 1376/1442/1376 1383/1462/1383 1387/1461/1387
f 1375/1441/1375 1376/1442/1376 1387/1461/1387
f 1382/1455/1382 1383/1462/1383 1376/1442/1376
f 1376/1442/1376 1377/1443/1377 1382/1455/1382
f 1391/1451/1391 1382/1455/1382 1377/1443/1377
f 1377/1443/1377 1372/1435/1372 1391/1451/1391
vt 0.8279073 0.1185170
f 1378/1450/1378 1388/1444/1388 1394/1463/1394
vt 0.8254061 0.1031349
f 1410/1464/1410 1378/1450/1378 1394/1463/1394
vt 0.8308562 0.1335879
f 1412/1465/1412 1394/1463/1394 1388/1444/1388
f 1388/1444/1388 1379/1452/1379 1412/1465/1412
vt 0.8297577 0.1337121
f 1394/1463/1394 1412/1465/1412 1395/1466/1395
vt 0.8318883 0.1437838
f 1413/1467/1413 1412/1465/1412 1379/1452/1379
f 1379/1452/1379 1389/1446/1389 1413/1467/1413
f 1380/1454/1380 1413/1467/1413 1389/1446/1389
vt 0.8322735 0.1540710
f 1414/1468/1414 1413/1467/1413 1380/1454/1380
vt 0.8307794 0.1438872
f 1395/1466/1395 1413/1467/1413 1396/1469/1396
f 1412/1465/1412 1413/1467/1413 1395/1466/1395
vt 0.8317136 0.1541154
f 1413/1467/1413 1414/1468/1414 1398/1470/1398
f 1398/1470/1398 1396/1469/1396 1413/1467/1413
f 1381/1453/1381 1414/1468/1414 1380/1454/1380
vt 0.8326114 0.1643866
f 1415/1471/1415 1414/1468/1414 1381/1453/1381
vt 0.8334870 0.1746772
f 1416/1472/1416 1415/1471/1415 1381/1453/1381
f 1381/1453/1381 1392/1449/1392 1416/1472/1416
vt 0.8325168 0.1643929
f 1398/1470/1398 1415/1471/1415 1400/1473/1400
f 1414/1468/1414 1415/1471/1415 1398/1470/1398
vt 0.7923616 0.0108956
vt 0.7951224 0.0181322
vt 0.7937771 0.0181461
f 1213/1474/1213 1419/1475/1419 1397/1476/1397
vt 0.7953385 0.0105476
f 1239/1477/1239 1419/1475/1419 1213/1474/1213
vt 0.8331435 0.1746972
f 1415/1471/1415 1416/1472/1416 1402/1478/1402
f 1402/1478/1402 1400/1473/1400 1415/1471/1415
vt 0.8356544 0.1952955
f 1417/1479/1417 1416/1472/1416 1392/1449/1392
vt 0.8035548 0.0200795
f 1419/1475/1419 1239/1477/1239 1240/1480/1240
f 1392/1449/1392 1385/1448/1385 1417/1479/1417
vt 0.8115159 0.0267277
f 1420/1481/1420 1240/1480/1240 1196/1459/1196
vt 0.8340061 0.1937187
f 1416/1472/1416 1417/1479/1417 1409/1482/1409
vt 0.7943600 0.0205166
f 1397/1476/1397 1419/1475/1419 1399/1483/1399
f 1409/1482/1409 1402/1478/1402 1416/1472/1416
vt 0.7980970 0.0262023
f 1399/1483/1399 1240/1480/1240 1401/1484/1401
f 1419/1475/1419 1240/1480/1240 1399/1483/1399
vt 0.8026828 0.0329190
f 1240/1480/1240 1420/1481/1420 1403/1485/1403
f 1403/1485/1403 1401/1484/1401 1240/1480/1240
vt 0.8368293 0.2053783
f 1418/1486/1418 1417/1479/1417 1385/1448/1385
vt 0.8180016 0.0356397
f 1421/1487/1421 1420/1481/1420 1196/1459/1196
f 1385/1448/1385 125/1458/125 1418/1486/1418
f 1196/1459/1196 1386/1460/1386 1421/1487/1421
vt 0.8397179 0.2260577
f 162/1488/162 1418/1486/1418 125/1458/125
vt 0.8230672 0.0456643
f 1422/1489/1422 1421/1487/1421 1386/1460/1386
f 1386/1460/1386 1387/1461/1387 1422/1489/1422
vt 0.8344015 0.2054779
f 1417/1479/1417 1418/1486/1418 1411/1490/1411
f 1411/1490/1411 1409/1482/1409 1417/1479/1417
vt 0.8346364 0.2156516
f 1418/1486/1418 162/1488/162 150/1491/150
f 150/1491/150 1411/1490/1411 1418/1486/1418
vt 0.8069399 0.0414541
f 1420/1481/1420 1421/1487/1421 1404/1492/1404
f 1404/1492/1404 1403/1485/1403 1420/1481/1420
vt 0.8110596 0.0508592
f 1421/1487/1421 1422/1489/1422 1405/1493/1405
f 1405/1493/1405 1404/1492/1404 1421/1487/1421
vt 0.8148024 0.0607578
f 1422/1489/1422 1387/1461/1387 1406/1494/1406
f 1406/1494/1406 1405/1493/1405 1422/1489/1422
vt 0.8180344 0.0710551
f 1406/1494/1406 1383/1462/1383 1407/1495/1407
f 1387/1461/1387 1383/1462/1383 1406/1494/1406
vt 0.8216518 0.0850775
f 1407/1495/1407 1382/1455/1382 1408/1496/1408
f 1383/1462/1383 1382/1455/1382 1407/1495/1407
f 1382/1455/1382 1384/1456/1384 1408/1496/1408
f 1408/1496/1408 1384/1456/1384 1410/1464/1410
f 1384/1456/1384 1378/1450/1378 1410/1464/1410
vt 0.8174628 0.1187518
f 1410/1464/1410 1394/1463/1394 1423/1497/1423
vt 0.8192416 0.1345974
f 1394/1463/1394 1395/1466/1395 1448/1498/1448
f 1448/1498/1448 1423/1497/1423 1394/1463/1394
vt 0.8205767 0.1469321
f 1395/1466/1395 1396/1469/1396 1449/1499/1449
f 1449/1499/1449 1448/1498/1448 1395/1466/1395
f 1396/1469/1396 1398/1470/1398 1449/1499/1449
vt 0.8221021 0.1650845
f 1398/1470/1398 1400/1473/1400 1450/1500/1450
f 1450/1500/1450 1449/1499/1449 1398/1470/1398
vt 0.7875531 0.0201088
f 1213/1474/1213 1397/1476/1397 1424/1501/1424
vt 0.7841743 0.0136459
f 1424/1501/1424 1242/1502/1242 1213/1474/1213
vt 0.8226200 0.1746452
f 1400/1473/1400 1402/1478/1402 1451/1503/1451
f 1451/1503/1451 1450/1500/1450 1400/1473/1400
vt 0.7896996 0.0239686
f 1424/1501/1424 1399/1483/1399 1425/1504/1425
f 1397/1476/1397 1399/1483/1399 1424/1501/1424
vt 0.8234014 0.1854636
f 1402/1478/1402 1409/1482/1409 1428/1505/1428
vt 0.7919294 0.0297054
f 1425/1504/1425 1401/1484/1401 1426/1506/1426
f 1428/1505/1428 1451/1503/1451 1402/1478/1402
f 1399/1483/1399 1401/1484/1401 1425/1504/1425
vt 0.7947545 0.0368261
f 1401/1484/1401 1403/1485/1403 1427/1507/1427
vt 0.8241534 0.2036090
f 1433/1508/1433 1428/1505/1428 1409/1482/1409
f 1427/1507/1427 1426/1506/1426 1401/1484/1401
vt 0.7997685 0.0494937
f 1403/1485/1403 1404/1492/1404 1429/1509/1429
f 1429/1509/1429 1427/1507/1427 1403/1485/1403
f 1404/1492/1404 1405/1493/1405 1429/1509/1429
f 1409/1482/1409 1411/1490/1411 1433/1508/1433
vt 0.8047949 0.0640767
f 1405/1493/1405 1406/1494/1406 1430/1510/1430
f 1430/1510/1430 1429/1509/1429 1405/1493/1405
vt 0.8245499 0.2158995
f 1411/1490/1411 150/1491/150 1434/1511/1434
vt 0.8085969 0.0771034
f 1430/1510/1430 1407/1495/1407 1431/1512/1431
f 1434/1511/1434 1433/1508/1433 1411/1490/1411
f 1406/1494/1406 1407/1495/1407 1430/1510/1430
vt 0.8248653 0.2259496
f 175/1513/175 1434/1511/1434 150/1491/150
f 1407/1495/1407 1408/1496/1408 1431/1512/1431
vt 0.8131297 0.0952858
f 1431/1512/1431 1408/1496/1408 1432/1514/1432
f 1408/1496/1408 1410/1464/1410 1432/1514/1432
f 1423/1497/1423 1432/1514/1432 1410/1464/1410
vt 0.8056935 0.1203677
vt 0.8078526 0.1361914
f 1440/1515/1440 1448/1498/1448 1441/1516/1441
vt 0.7841534 0.0231488
vt 0.7780125 0.0178033
f 1455/1517/1455 1268/1518/1268 1242/1502/1242
f 1423/1497/1423 1448/1498/1448 1440/1515/1440
f 1242/1502/1242 1424/1501/1424 1455/1517/1455
vt 0.7692158 0.0131411
vt 0.7758209 0.0199209
f 1259/1519/1259 1268/1518/1268 1435/1520/1435
vt 0.7813551 0.0277198
f 1435/1520/1435 1455/1517/1455 1436/1521/1436
f 1268/1518/1268 1455/1517/1455 1435/1520/1435
vt 0.8089420 0.1460363
f 1448/1498/1448 1449/1499/1449 1442/1522/1442
f 1442/1522/1442 1441/1516/1441 1448/1498/1448
f 1425/1504/1425 1455/1517/1455 1424/1501/1424
vt 0.7828362 0.0316037
f 1436/1521/1436 1426/1506/1426 1437/1523/1437
vt 0.8101032 0.1608941
f 1443/1524/1443 1442/1522/1442 1449/1499/1449
f 1425/1504/1425 1426/1506/1426 1436/1521/1436
f 1455/1517/1455 1425/1504/1425 1436/1521/1436
vt 0.7851607 0.0398882
f 1426/1506/1426 1427/1507/1427 1438/1525/1438
f 1438/1525/1438 1437/1523/1437 1426/1506/1426
vt 0.7919701 0.0626012
f 1438/1525/1438 1429/1509/1429 1439/1526/1439
f 1449/1499/1449 1450/1500/1450 1443/1524/1443
f 1427/1507/1427 1429/1509/1429 1438/1525/1438
vt 0.8110491 0.1758607
f 1450/1500/1450 1451/1503/1451 1445/1527/1445
f 1445/1527/1445 1443/1524/1443 1450/1500/1450
f 1429/1509/1429 1430/1510/1430 1439/1526/1439
f 1430/1510/1430 1431/1512/1431 1439/1526/1439
vt 0.8222620 0.1855093
vt 0.8121123 0.2009166
f 1445/1527/1445 1452/1528/1452 1446/1529/1446
vt 0.7999261 0.0918613
f 1444/1530/1444 1439/1526/1439 1431/1512/1431
f 1451/1503/1451 1452/1528/1452 1445/1527/1445
f 1431/1512/1431 1432/1514/1432 1444/1530/1444
vt 0.8221121 0.2021287
f 1452/1528/1452 1453/1531/1453 1446/1529/1446
f 1440/1515/1440 1444/1530/1444 1432/1514/1432
f 1452/1528/1452 1451/1503/1451 1428/1505/1428
f 1432/1514/1432 1423/1497/1423 1440/1515/1440
f 1433/1508/1433 1452/1528/1452 1428/1505/1428
f 1453/1531/1453 1452/1528/1452 1433/1508/1433
vt 0.8215238 0.2159391
vt 0.8127582 0.2160263
f 1446/1529/1446 1454/1532/1454 1447/1533/1447
f 1453/1531/1453 1454/1532/1454 1446/1529/1446
f 1434/1511/1434 1453/1531/1453 1433/1508/1433
f 1454/1532/1454 1453/1531/1453 1434/1511/1434
vt 0.8205853 0.2259637
vt 0.8130415 0.2259501
f 1447/1533/1447 196/1534/196 187/1535/187
f 1454/1532/1454 196/1534/196 1447/1533/1447
f 175/1513/175 1454/1532/1454 1434/1511/1434
f 196/1534/196 1454/1532/1454 175/1513/175
vt 0.7970202 0.1276678
vt 0.7946004 0.1052241
f 1469/1536/1469 1468/1537/1468 1440/1515/1440
f 1441/1516/1441 1469/1536/1469 1440/1515/1440
vt 0.7977865 0.1395693
f 1464/1538/1464 1469/1536/1469 1441/1516/1441
vt 0.7987062 0.1485554
f 1464/1538/1464 1442/1522/1442 1495/1539/1495
f 1441/1516/1441 1442/1522/1442 1464/1538/1464
f 1442/1522/1442 1443/1524/1443 1495/1539/1495
vt 0.8001260 0.1715192
f 1496/1540/1496 1495/1539/1495 1443/1524/1443
f 1443/1524/1443 1445/1527/1445 1496/1540/1496
vt 0.7933536 0.1126980
f 1462/1541/1462 1469/1536/1469 1464/1538/1464
f 1468/1537/1468 1469/1536/1469 1462/1541/1462
vt 0.8006506 0.1863496
f 1445/1527/1445 1446/1529/1446 1458/1542/1458
f 1458/1542/1458 1496/1540/1496 1445/1527/1445
vt 0.8012955 0.2011157
f 1459/1543/1459 1458/1542/1458 1446/1529/1446
vt 0.8019921 0.2162631
f 1446/1529/1446 1447/1533/1447 1463/1544/1463
f 1463/1544/1463 1459/1543/1459 1446/1529/1446
vt 0.8021331 0.2260930
f 1447/1533/1447 187/1535/187 1465/1545/1465
f 1465/1545/1465 1463/1544/1463 1447/1533/1447
vt 0.8019137 0.2305992
f 1465/1545/1465 187/1535/187 210/1546/210
vt 0.7625483 0.0066528
vt 0.7622845 0.0199911
f 1258/1547/1258 1259/1519/1259 1457/1548/1457
vt 0.7557438 0.0135414
f 1457/1548/1457 1456/1549/1456 1258/1547/1258
vt 0.7685862 0.0268171
f 1457/1548/1457 1435/1520/1435 1460/1550/1460
f 1259/1519/1259 1435/1520/1435 1457/1548/1457
vt 0.7798992 0.0320857
vt 0.7728452 0.0334916
f 1436/1521/1436 1470/1551/1470 1461/1552/1461
f 1460/1550/1460 1436/1521/1436 1461/1552/1461
f 1435/1520/1435 1436/1521/1436 1460/1550/1460
vt 0.7780831 0.0418664
f 1470/1551/1470 1471/1553/1471 1461/1552/1461
f 1437/1523/1437 1470/1551/1470 1436/1521/1436
f 1438/1525/1438 1470/1551/1470 1437/1523/1437
f 1471/1553/1471 1470/1551/1470 1438/1525/1438
vt 0.7831218 0.0703382
vt 0.7905713 0.0838656
vt 0.7868509 0.0844782
f 1466/1554/1466 1474/1555/1474 1467/1556/1467
vt 0.7853296 0.0636849
f 1473/1557/1473 1474/1555/1474 1466/1554/1466
vt 0.7811808 0.0506823
f 1472/1558/1472 1471/1553/1471 1438/1525/1438
f 1438/1525/1438 1439/1526/1439 1472/1558/1472
f 1473/1557/1473 1472/1558/1472 1439/1526/1439
f 1474/1555/1474 1473/1557/1473 1439/1526/1439
f 1467/1556/1467 1468/1537/1468 1462/1541/1462
f 1474/1555/1474 1468/1537/1468 1467/1556/1467
f 1444/1530/1444 1474/1555/1474 1439/1526/1439
f 1468/1537/1468 1474/1555/1474 1444/1530/1444
f 1440/1515/1440 1468/1537/1468 1444/1530/1444
vt 0.7493544 0.0070747
f 1280/1559/1280 1258/1547/1258 1456/1549/1456
vt 0.7367693 0.0072245
vt 0.7428137 0.0135695
f 1288/1560/1288 1280/1559/1280 1478/1561/1478
vt 0.7490809 0.0201082
f 1478/1561/1478 1456/1549/1456 1480/1562/1480
f 1280/1559/1280 1456/1549/1456 1478/1561/1478
vt 0.7851816 0.1220285
f 1462/1541/1462 1464/1538/1464 1477/1563/1477
vt 0.7555705 0.0264661
f 1456/1549/1456 1457/1548/1457 1479/1564/1479
f 1479/1564/1479 1480/1562/1480 1456/1549/1456
vt 0.7877841 0.1385866
f 1477/1563/1477 1464/1538/1464 1482/1565/1482
vt 0.7887691 0.1479056
f 1464/1538/1464 1495/1539/1495 1487/1566/1487
f 1482/1565/1482 1464/1538/1464 1487/1566/1487
vt 0.7808896 0.1013801
f 1467/1556/1467 1462/1541/1462 1476/1567/1476
vt 0.7760929 0.0829863
f 1476/1567/1476 1475/1568/1475 1467/1556/1467
vt 0.7897925 0.1654527
f 1489/1569/1489 1487/1566/1487 1495/1539/1495
f 1477/1563/1477 1476/1567/1476 1462/1541/1462
f 1495/1539/1495 1496/1540/1496 1489/1569/1489
vt 0.7995207 0.1764155
vt 0.7904028 0.1857673
f 1489/1569/1489 1497/1570/1497 1490/1571/1490
f 1496/1540/1496 1497/1570/1497 1489/1569/1489
vt 0.7991626 0.1894734
f 1497/1570/1497 1498/1572/1498 1490/1571/1490
vt 0.7907640 0.1967968
f 1490/1571/1490 1498/1572/1498 1491/1573/1491
vt 0.7616537 0.0329349
f 1479/1564/1479 1460/1550/1460 1481/1574/1481
f 1457/1548/1457 1460/1550/1460 1479/1564/1479
vt 0.7638982 0.0360684
f 1460/1550/1460 1461/1552/1461 1483/1575/1483
f 1483/1575/1483 1481/1574/1481 1460/1550/1460
vt 0.7668883 0.0449448
f 1461/1552/1461 1471/1553/1471 1484/1576/1484
f 1484/1576/1484 1483/1575/1483 1461/1552/1461
f 1458/1542/1458 1497/1570/1497 1496/1540/1496
f 1498/1572/1498 1497/1570/1497 1458/1542/1458
vt 0.7688250 0.0539334
f 1471/1553/1471 1472/1558/1472 1485/1577/1485
f 1485/1577/1485 1484/1576/1484 1471/1553/1471
f 1459/1543/1459 1498/1572/1498 1458/1542/1458
vt 0.7709904 0.0633160
f 1485/1577/1485 1473/1557/1473 1486/1578/1486
f 1472/1558/1472 1473/1557/1473 1485/1577/1485
vt 0.7974461 0.2065169
vt 0.7914529 0.2068392
f 1491/1573/1491 1499/1579/1499 1492/1580/1492
vt 0.7733447 0.0729490
f 1486/1578/1486 1466/1554/1466 1488/1581/1488
f 1498/1572/1498 1499/1579/1499 1491/1573/1491
f 1473/1557/1473 1466/1554/1466 1486/1578/1486
vt 0.7957084 0.2164755
vt 0.7921381 0.2166160
f 1492/1580/1492 1500/1582/1500 1493/1583/1493
f 1466/1554/1466 1467/1556/1467 1475/1568/1475
f 1499/1579/1499 1500/1582/1500 1492/1580/1492
f 1475/1568/1475 1488/1581/1488 1466/1554/1466
vt 0.7972434 0.2260752
vt 0.7924936 0.2259516
f 1500/1582/1500 220/1584/220 1494/1585/1494
f 1494/1585/1494 1493/1583/1493 1500/1582/1500
vt 0.7904548 0.2369808
f 1494/1585/1494 220/1584/220 219/1586/219
f 1499/1579/1499 1498/1572/1498 1459/1543/1459
f 1500/1582/1500 1499/1579/1499 1459/1543/1459
f 1459/1543/1459 1463/1544/1463 1500/1582/1500
f 220/1584/220 1500/1582/1500 1463/1544/1463
f 1463/1544/1463 1465/1545/1465 220/1584/220
f 210/1546/210 220/1584/220 1465/1545/1465
vt 0.7658978 0.1674045
vt 0.7629306 0.1586432
vt 0.7697991 0.1583982
f 1528/1587/1528 1501/1588/1501 1527/1589/1527
vt 0.7325063 0.0112395
vt 0.7270069 0.0045268
f 1529/1590/1529 1295/1591/1295 1288/1560/1288
vt 0.7271117 0.0157478
f 1295/1591/1295 1529/1590/1529 1503/1592/1503
vt 0.7223945 0.0131153
f 1296/1593/1296 1295/1591/1295 1503/1592/1503
vt 0.7684452 0.1403843
vt 0.7657747 0.1233524
vt 0.7768758 0.1354655
f 1534/1594/1534 1533/1595/1533 1535/1596/1535
f 1478/1561/1478 1529/1590/1529 1288/1560/1288
vt 0.7381605 0.0180135
f 1530/1597/1530 1529/1590/1529 1478/1561/1478
vt 0.7343464 0.0213180
f 1529/1590/1529 1530/1597/1530 1504/1598/1504
f 1504/1598/1504 1503/1592/1503 1529/1590/1529
f 1480/1562/1480 1530/1597/1530 1478/1561/1478
vt 0.7437266 0.0253975
f 1531/1599/1531 1530/1597/1530 1480/1562/1480
f 1477/1563/1477 1482/1565/1482 1535/1596/1535
vt 0.7417779 0.0272763
f 1530/1597/1530 1531/1599/1531 1505/1600/1505
f 1505/1600/1505 1504/1598/1504 1530/1597/1530
vt 0.7693140 0.1495269
f 1539/1601/1539 1534/1594/1534 1535/1596/1535
vt 0.7783015 0.1488055
f 1535/1596/1535 1542/1602/1542 1539/1601/1539
f 1479/1564/1479 1531/1599/1531 1480/1562/1480
f 1527/1589/1527 1539/1601/1539 1542/1602/1542
vt 0.7494901 0.0325419
f 1532/1603/1532 1531/1599/1531 1479/1564/1479
f 1531/1599/1531 1532/1603/1532 1505/1600/1505
f 1542/1602/1542 1535/1596/1535 1482/1565/1482
f 1482/1565/1482 1487/1566/1487 1542/1602/1542
f 1487/1566/1487 1489/1569/1489 1542/1602/1542
vt 0.7793198 0.1673491
f 1545/1604/1545 1527/1589/1527 1542/1602/1542
f 1528/1587/1528 1527/1589/1527 1545/1604/1545
vt 0.7586296 0.0876639
vt 0.7684503 0.0946935
vt 0.7582240 0.0943205
f 1511/1605/1511 1538/1606/1538 1537/1607/1537
vt 0.7695084 0.1750683
vt 0.7793483 0.1769971
vt 0.7704143 0.1767960
f 1502/1608/1502 1546/1609/1546 1507/1610/1507
vt 0.7658413 0.0853630
f 1536/1611/1536 1538/1606/1538 1511/1605/1511
vt 0.7082571 0.0039860
vt 0.7171220 0.0039528
vt 0.7121765 0.0069767
f 1289/1612/1289 1294/1613/1294 1506/1614/1506
f 1545/1604/1545 1546/1609/1546 1502/1608/1502
f 1528/1587/1528 1545/1604/1545 1502/1608/1502
vt 0.7619424 0.1060709
f 1540/1615/1540 1537/1607/1537 1538/1606/1538
vt 0.7707982 0.1038162
f 1538/1606/1538 1541/1616/1541 1540/1615/1540
f 1545/1604/1545 1542/1602/1542 1489/1569/1489
f 1538/1606/1538 1536/1611/1536 1475/1568/1475
vt 0.7188020 0.0116244
f 1294/1613/1294 1296/1593/1296 1508/1617/1508
f 1546/1609/1546 1545/1604/1545 1489/1569/1489
f 1508/1617/1508 1506/1614/1506 1294/1613/1294
f 1489/1569/1489 1490/1571/1490 1546/1609/1546
f 1476/1567/1476 1538/1606/1538 1475/1568/1475
f 1541/1616/1541 1538/1606/1538 1476/1567/1476
vt 0.7789857 0.1868913
vt 0.7739924 0.1866863
f 1546/1609/1546 1547/1618/1547 1509/1619/1509
f 1509/1619/1509 1507/1610/1507 1546/1609/1546
vt 0.7640456 0.1147136
f 1543/1620/1543 1540/1615/1540 1541/1616/1541
vt 0.7728587 0.1127877
f 1541/1616/1541 1544/1621/1544 1543/1620/1543
vt 0.7776221 0.1971272
f 1510/1622/1510 1509/1619/1509 1547/1618/1547
f 1533/1595/1533 1543/1620/1543 1544/1621/1544
vt 0.7567312 0.1075230
f 1537/1607/1537 1540/1615/1540 1518/1623/1518
f 1544/1621/1544 1535/1596/1535 1533/1595/1533
f 1547/1618/1547 1546/1609/1546 1490/1571/1490
f 1544/1621/1544 1541/1616/1541 1476/1567/1476
f 1476/1567/1476 1477/1563/1477 1544/1621/1544
f 1491/1573/1491 1547/1618/1547 1490/1571/1490
vt 0.7562140 0.1190317
f 1518/1623/1518 1543/1620/1543 1520/1624/1520
f 1510/1622/1510 1547/1618/1547 1491/1573/1491
f 1535/1596/1535 1544/1621/1544 1477/1563/1477
f 1540/1615/1540 1543/1620/1543 1518/1623/1518
vt 0.7803566 0.2075015
f 1491/1573/1491 1492/1580/1492 1512/1625/1512
vt 0.7569269 0.1236148
f 1543/1620/1543 1533/1595/1533 1548/1626/1548
f 1510/1622/1510 1491/1573/1491 1512/1625/1512
f 1520/1624/1520 1543/1620/1543 1548/1626/1548
vt 0.7586987 0.0361503
f 1551/1627/1551 1532/1603/1532 1479/1564/1479
vt 0.7819058 0.2173500
f 1492/1580/1492 1493/1583/1493 1513/1628/1513
f 1479/1564/1479 1481/1574/1481 1551/1627/1551
f 1513/1628/1513 1512/1625/1512 1492/1580/1492
vt 0.7547585 0.0418708
f 1532/1603/1532 1551/1627/1551 1521/1629/1521
vt 0.7811140 0.2317281
vt 0.7807458 0.2433626
vt 0.7763267 0.2398838
f 1514/1630/1514 233/1631/233 225/1632/225
vt 0.7886775 0.2377551
f 235/1633/235 233/1631/233 1514/1630/1514
f 1483/1575/1483 1551/1627/1551 1481/1574/1481
vt 0.7821008 0.2269703
f 1513/1628/1513 1494/1585/1494 1515/1634/1515
vt 0.7565128 0.0465142
f 1551/1627/1551 1484/1576/1484 1522/1635/1522
f 1493/1583/1493 1494/1585/1494 1513/1628/1513
f 1521/1629/1521 1551/1627/1551 1522/1635/1522
f 219/1586/219 235/1633/235 1514/1630/1514
f 1483/1575/1483 1484/1576/1484 1551/1627/1551
f 1494/1585/1494 219/1586/219 1514/1630/1514
vt 0.7584329 0.0559899
f 1484/1576/1484 1485/1577/1485 1523/1636/1523
f 1515/1634/1515 1494/1585/1494 1514/1630/1514
f 1523/1636/1523 1522/1635/1522 1484/1576/1484
vt 0.7594056 0.0660886
f 1523/1636/1523 1486/1578/1486 1524/1637/1524
f 1485/1577/1485 1486/1578/1486 1523/1636/1523
vt 0.7593920 0.0697561
vt 0.7624303 0.0759771
vt 0.7590699 0.0771049
f 1526/1638/1526 1552/1639/1552 1525/1640/1525
f 1525/1640/1525 1536/1611/1536 1511/1605/1511
f 1552/1639/1552 1536/1611/1536 1525/1640/1525
f 1488/1581/1488 1552/1639/1552 1526/1638/1526
f 1486/1578/1486 1488/1581/1488 1526/1638/1526
f 1524/1637/1524 1486/1578/1486 1526/1638/1526
vt 0.7586989 0.1333037
vt 0.7577164 0.1334499
f 1548/1626/1548 1549/1641/1549 1516/1642/1516
f 1536/1611/1536 1552/1639/1552 1488/1581/1488
f 1488/1581/1488 1475/1568/1475 1536/1611/1536
vt 0.7598246 0.1416922
vt 0.7589713 0.1417909
f 1549/1641/1549 1550/1643/1550 1517/1644/1517
f 1517/1644/1517 1516/1642/1516 1549/1641/1549
f 1549/1641/1549 1548/1626/1548 1533/1595/1533
f 1533/1595/1533 1534/1594/1534 1549/1641/1549
f 1550/1643/1550 1549/1641/1549 1534/1594/1534
vt 0.7604355 0.1490208
f 1517/1644/1517 1550/1643/1550 1519/1645/1519
vt 0.7605559 0.1500831
f 1519/1645/1519 1539/1601/1539 1594/1646/1594
f 1534/1594/1534 1539/1601/1539 1519/1645/1519
f 1550/1643/1550 1534/1594/1534 1519/1645/1519
f 1539/1601/1539 1527/1589/1527 1501/1588/1501
f 1501/1588/1501 1594/1646/1594 1539/1601/1539
vt 0.7522772 0.1599147
vt 0.7596204 0.1676068
vt 0.7546986 0.1685991
f 1554/1647/1554 1585/1648/1585 1553/1649/1553
vt 0.7606944 0.1587736
f 1584/1650/1584 1585/1648/1585 1554/1647/1554
vt 0.7564785 0.1741792
f 1553/1649/1553 1585/1648/1585 1555/1651/1555
f 1585/1648/1585 1584/1650/1584 1501/1588/1501
f 1501/1588/1501 1528/1587/1528 1585/1648/1585
vt 0.7249666 0.0171299
f 1503/1592/1503 1588/1652/1588 1296/1593/1296
vt 0.7694318 0.1767386
vt 0.7575701 0.1775962
f 1502/1608/1502 1586/1653/1586 1556/1654/1556
f 1555/1651/1555 1502/1608/1502 1556/1654/1556
f 1528/1587/1528 1502/1608/1502 1555/1651/1555
f 1585/1648/1585 1528/1587/1528 1555/1651/1555
vt 0.7282723 0.0259884
f 1589/1655/1589 1588/1652/1588 1503/1592/1503
f 1503/1592/1503 1504/1598/1504 1589/1655/1589
vt 0.7678565 0.1863636
vt 0.7611856 0.1873121
f 1586/1653/1586 1587/1656/1587 1557/1657/1557
f 1557/1657/1557 1556/1654/1556 1586/1653/1586
vt 0.7635106 0.1933264
f 1557/1657/1557 1587/1656/1587 1558/1658/1558
vt 0.7345383 0.0345172
f 1504/1598/1504 1505/1600/1505 1559/1659/1559
f 1589/1655/1589 1504/1598/1504 1559/1659/1559
vt 0.7276914 0.0300622
f 1565/1660/1565 1589/1655/1589 1559/1659/1559
vt 0.7414328 0.0409418
f 1505/1600/1505 1532/1603/1532 1560/1661/1560
f 1560/1661/1560 1559/1659/1559 1505/1600/1505
vt 0.7106977 0.0079151
f 1506/1614/1506 1590/1662/1590 1289/1612/1289
vt 0.7040425 0.0132845
f 1289/1612/1289 1590/1662/1590 1561/1663/1561
vt 0.7139773 0.0146387
f 1591/1664/1591 1590/1662/1590 1506/1614/1506
f 1506/1614/1506 1508/1617/1508 1591/1664/1591
vt 0.7102126 0.0182068
f 1561/1663/1561 1591/1664/1591 1562/1665/1562
f 1590/1662/1590 1591/1664/1591 1561/1663/1561
vt 0.7171378 0.0232402
f 1296/1593/1296 1588/1652/1588 1564/1666/1564
vt 0.7149875 0.0217181
f 1563/1667/1563 1296/1593/1296 1564/1666/1564
f 1591/1664/1591 1296/1593/1296 1563/1667/1563
f 1508/1617/1508 1296/1593/1296 1591/1664/1591
f 1562/1665/1562 1591/1664/1591 1563/1667/1563
f 1507/1610/1507 1586/1653/1586 1502/1608/1502
f 1564/1666/1564 1589/1655/1589 1565/1660/1565
f 1587/1656/1587 1586/1653/1586 1507/1610/1507
f 1588/1652/1588 1589/1655/1589 1564/1666/1564
f 1507/1610/1507 1509/1619/1509 1587/1656/1587
vt 0.7652916 0.1978072
f 1509/1619/1509 1510/1622/1510 1568/1668/1568
f 1558/1658/1558 1509/1619/1509 1568/1668/1568
f 1587/1656/1587 1509/1619/1509 1558/1658/1558
vt 0.7718169 0.2083615
vt 0.7698887 0.2095379
f 1568/1668/1568 1592/1669/1592 1569/1670/1569
f 1510/1622/1510 1592/1669/1592 1568/1668/1568
f 1512/1625/1512 1592/1669/1592 1510/1622/1510
vt 0.7716957 0.2183404
f 1592/1669/1592 1513/1628/1513 1570/1671/1570
f 1569/1670/1569 1592/1669/1592 1570/1671/1570
f 1512/1625/1512 1513/1628/1513 1592/1669/1592
vt 0.7717053 0.2238195
vt 0.7772952 0.2280037
vt 0.7707284 0.2286784
f 1572/1672/1572 1593/1673/1593 1571/1674/1571
vt 0.7681721 0.2340846
f 1593/1673/1593 225/1632/225 1567/1675/1567
f 1571/1674/1571 1593/1673/1593 1567/1675/1567
f 1514/1630/1514 225/1632/225 1593/1673/1593
f 1513/1628/1513 1593/1673/1593 1572/1672/1572
f 1570/1671/1570 1513/1628/1513 1572/1672/1572
f 1515/1634/1515 1593/1673/1593 1513/1628/1513
f 1514/1630/1514 1593/1673/1593 1515/1634/1515
vt 0.7465526 0.1265292
vt 0.7474383 0.1348554
f 1574/1676/1574 1516/1642/1516 1573/1677/1573
f 1548/1626/1548 1516/1642/1516 1574/1676/1574
vt 0.7486783 0.1431334
f 1516/1642/1516 1517/1644/1517 1575/1678/1575
f 1575/1678/1575 1573/1677/1573 1516/1642/1516
vt 0.7502705 0.1514574
f 1519/1645/1519 1594/1646/1594 1576/1679/1576
f 1517/1644/1517 1519/1645/1519 1576/1679/1576
f 1575/1678/1575 1517/1644/1517 1576/1679/1576
f 1594/1646/1594 1584/1650/1584 1554/1647/1554
f 1554/1647/1554 1576/1679/1576 1594/1646/1594
f 1594/1646/1594 1501/1588/1501 1584/1650/1584
vt 0.7493135 0.0796056
vt 0.7561408 0.0885911
vt 0.7462859 0.0905332
f 1595/1680/1595 1596/1681/1596 1577/1682/1577
vt 0.7475248 0.1000313
vt 0.7527700 0.1084432
vt 0.7458636 0.1092620
f 1597/1683/1597 1598/1684/1598 1579/1685/1579
vt 0.7459731 0.0988741
f 1579/1685/1579 1578/1686/1578 1597/1683/1597
f 1577/1682/1577 1597/1683/1597 1578/1686/1578
f 1537/1607/1537 1597/1683/1597 1577/1682/1577
f 1596/1681/1596 1537/1607/1537 1577/1682/1577
f 1598/1684/1598 1597/1683/1597 1537/1607/1537
f 1537/1607/1537 1518/1623/1518 1598/1684/1598
vt 0.7460307 0.1180390
f 1598/1684/1598 1520/1624/1520 1580/1687/1580
f 1580/1687/1580 1579/1685/1579 1598/1684/1598
f 1580/1687/1580 1548/1626/1548 1574/1676/1574
f 1520/1624/1520 1548/1626/1548 1580/1687/1580
f 1520/1624/1520 1598/1684/1598 1518/1623/1518
vt 0.7520907 0.0469135
vt 0.7457722 0.0481613
f 1560/1661/1560 1599/1688/1599 1581/1689/1581
f 1521/1629/1521 1599/1688/1599 1560/1661/1560
f 1532/1603/1532 1521/1629/1521 1560/1661/1560
f 1522/1635/1522 1599/1688/1599 1521/1629/1521
vt 0.7474564 0.0534862
f 1581/1689/1581 1599/1688/1599 1582/1690/1582
vt 0.7481769 0.0577267
vt 0.7573524 0.0666263
vt 0.7480468 0.0682813
f 1626/1691/1626 1600/1692/1600 1583/1693/1583
f 1582/1690/1582 1523/1636/1523 1626/1691/1626
f 1599/1688/1599 1523/1636/1523 1582/1690/1582
f 1522/1635/1522 1523/1636/1523 1599/1688/1599
f 1523/1636/1523 1600/1692/1600 1626/1691/1626
f 1524/1637/1524 1600/1692/1600 1523/1636/1523
f 1525/1640/1525 1595/1680/1595 1583/1693/1583
f 1526/1638/1526 1525/1640/1525 1583/1693/1583
f 1600/1692/1600 1526/1638/1526 1583/1693/1583
f 1511/1605/1511 1595/1680/1595 1525/1640/1525
f 1596/1681/1596 1595/1680/1595 1511/1605/1511
f 1526/1638/1526 1600/1692/1600 1524/1637/1524
f 1537/1607/1537 1596/1681/1596 1511/1605/1511
vt 0.7458615 0.1704682
f 1554/1647/1554 1553/1649/1553 1601/1694/1601
vt 0.7435701 0.1615853
f 1601/1694/1601 1602/1695/1602 1554/1647/1554
vt 0.7491261 0.1806225
f 1555/1651/1555 1603/1696/1603 1601/1694/1601
f 1553/1649/1553 1555/1651/1555 1601/1694/1601
f 1556/1654/1556 1603/1696/1603 1555/1651/1555
vt 0.7516979 0.1895150
f 1603/1696/1603 1557/1657/1557 1605/1697/1605
vt 0.7272631 0.0414641
f 1565/1660/1565 1559/1659/1559 1604/1698/1604
f 1556/1654/1556 1557/1657/1557 1603/1696/1603
vt 0.7343110 0.0479337
f 1559/1659/1559 1560/1661/1560 1607/1699/1607
f 1607/1699/1607 1604/1698/1604 1559/1659/1559
vt 0.7551518 0.2000118
f 1605/1697/1605 1558/1658/1558 1606/1700/1606
f 1557/1657/1557 1558/1658/1558 1605/1697/1605
vt 0.7049280 0.0237461
f 1561/1663/1561 1562/1665/1562 1608/1701/1608
vt 0.6973591 0.0202259
f 1608/1701/1608 1631/1702/1631 1561/1663/1561
vt 0.7123674 0.0294807
f 1564/1666/1564 1609/1703/1609 1563/1667/1563
f 1558/1658/1558 1568/1668/1568 1606/1700/1606
f 1563/1667/1563 1609/1703/1609 1608/1701/1608
vt 0.7593970 0.2108144
f 1568/1668/1568 1569/1670/1569 1611/1704/1611
f 1562/1665/1562 1563/1667/1563 1608/1701/1608
f 1611/1704/1611 1606/1700/1606 1568/1668/1568
vt 0.7192999 0.0354749
f 1564/1666/1564 1565/1660/1565 1610/1705/1610
f 1609/1703/1609 1564/1666/1564 1610/1705/1610
vt 0.7665841 0.2190812
vt 0.7620722 0.2198647
f 1611/1704/1611 1625/1706/1625 1613/1707/1613
vt 0.7628515 0.2305996
vt 0.7601298 0.2388597
vt 0.7556856 0.2357008
f 1624/1708/1624 1623/1709/1623 1612/1710/1612
f 1569/1670/1569 1625/1706/1625 1611/1704/1611
vt 0.7605397 0.2290131
f 1612/1710/1612 1614/1711/1614 1624/1708/1624
f 1623/1709/1623 1624/1708/1624 1567/1675/1567
vt 0.7627682 0.2410560
f 1567/1675/1567 1566/1712/1566 1623/1709/1623
f 1610/1705/1610 1565/1660/1565 1604/1698/1604
f 1570/1671/1570 1625/1706/1625 1569/1670/1569
f 1613/1707/1613 1624/1708/1624 1614/1711/1614
f 1625/1706/1625 1624/1708/1624 1613/1707/1613
f 1571/1674/1571 1624/1708/1624 1625/1706/1625
f 1572/1672/1572 1571/1674/1571 1625/1706/1625
vt 0.7375492 0.0749826
vt 0.7331823 0.0917082
f 1616/1713/1616 1577/1682/1577 1654/1714/1654
f 1595/1680/1595 1577/1682/1577 1616/1713/1616
f 1567/1675/1567 1624/1708/1624 1571/1674/1571
f 1572/1672/1572 1625/1706/1625 1570/1671/1570
vt 0.7395570 0.1362191
vt 0.7375836 0.1280451
f 1574/1676/1574 1615/1715/1615 1645/1716/1645
vt 0.7369055 0.1007979
f 1618/1717/1618 1654/1714/1654 1578/1686/1578
f 1573/1677/1573 1615/1715/1615 1574/1676/1574
vt 0.7369931 0.1100342
f 1618/1717/1618 1579/1685/1579 1648/1718/1648
f 1578/1686/1578 1579/1685/1579 1618/1717/1618
f 1575/1678/1575 1615/1715/1615 1573/1677/1573
f 1577/1682/1577 1578/1686/1578 1654/1714/1654
vt 0.7400800 0.1449682
f 1617/1719/1617 1615/1715/1615 1575/1678/1575
vt 0.7353293 0.1189506
f 1648/1718/1648 1580/1687/1580 1619/1720/1619
f 1579/1685/1579 1580/1687/1580 1648/1718/1648
vt 0.7398249 0.1537146
f 1617/1719/1617 1576/1679/1576 1646/1721/1646
f 1575/1678/1575 1576/1679/1576 1617/1719/1617
f 1619/1720/1619 1574/1676/1574 1645/1716/1645
f 1580/1687/1580 1574/1676/1574 1619/1720/1619
f 1576/1679/1576 1554/1647/1554 1602/1695/1602
vt 0.7351985 0.0491849
f 1560/1661/1560 1581/1689/1581 1620/1722/1620
f 1602/1695/1602 1646/1721/1646 1576/1679/1576
f 1620/1722/1620 1607/1699/1607 1560/1661/1560
vt 0.7380277 0.0589074
f 1582/1690/1582 1626/1691/1626 1621/1723/1621
f 1620/1722/1620 1582/1690/1582 1621/1723/1621
f 1581/1689/1581 1582/1690/1582 1620/1722/1620
vt 0.7375777 0.0693422
f 1621/1723/1621 1583/1693/1583 1622/1724/1622
f 1626/1691/1626 1583/1693/1583 1621/1723/1621
f 1583/1693/1583 1595/1680/1595 1616/1713/1616
f 1616/1713/1616 1622/1724/1622 1583/1693/1583
vt 0.7345396 0.1633886
f 1650/1725/1650 1646/1721/1646 1602/1695/1602
vt 0.7365654 0.1719239
f 1602/1695/1602 1601/1694/1601 1627/1726/1627
f 1650/1725/1650 1602/1695/1602 1627/1726/1627
f 1603/1696/1603 1627/1726/1627 1601/1694/1601
vt 0.7334518 0.0489360
f 1604/1698/1604 1607/1699/1607 1649/1727/1649
vt 0.7387862 0.1914442
f 1603/1696/1603 1605/1697/1605 1628/1728/1628
vt 0.6982102 0.0288763
f 1631/1702/1631 1608/1701/1608 1630/1729/1630
vt 0.7455103 0.2021511
f 1605/1697/1605 1606/1700/1606 1629/1730/1629
f 1628/1728/1628 1605/1697/1605 1629/1730/1629
vt 0.7470398 0.2074360
f 1629/1730/1629 1606/1700/1606 1634/1731/1634
vt 0.7494156 0.2205142
vt 0.7525283 0.2229181
vt 0.7493371 0.2242267
f 1637/1732/1637 1651/1733/1651 1636/1734/1636
vt 0.7054001 0.0348057
f 1608/1701/1608 1609/1703/1609 1632/1735/1632
f 1632/1735/1632 1630/1729/1630 1608/1701/1608
vt 0.7092947 0.0388280
vt 0.7121524 0.0417320
f 1633/1736/1633 1610/1705/1610 1635/1737/1635
f 1609/1703/1609 1610/1705/1610 1633/1736/1633
f 1632/1735/1632 1609/1703/1609 1633/1736/1633
vt 0.7476274 0.2307948
f 1651/1733/1651 1612/1710/1612 1639/1738/1639
f 1636/1734/1636 1651/1733/1651 1639/1738/1639
f 1614/1711/1614 1612/1710/1612 1651/1733/1651
vt 0.7189886 0.0496748
f 1610/1705/1610 1604/1698/1604 1638/1739/1638
f 1635/1737/1635 1610/1705/1610 1638/1739/1638
vt 0.7483299 0.2128584
f 1634/1731/1634 1611/1704/1611 1642/1740/1642
vt 0.7273067 0.0596484
vt 0.7242646 0.0598408
f 1638/1739/1638 1652/1741/1652 1640/1742/1640
f 1606/1700/1606 1611/1704/1611 1634/1731/1634
f 1649/1727/1649 1652/1741/1652 1638/1739/1638
f 1604/1698/1604 1649/1727/1649 1638/1739/1638
f 1611/1704/1611 1651/1733/1651 1637/1732/1637
vt 0.7313702 0.0700953
vt 0.7264727 0.0709399
f 1652/1741/1652 1653/1743/1653 1641/1744/1641
f 1642/1740/1642 1611/1704/1611 1637/1732/1637
f 1641/1744/1641 1640/1742/1640 1652/1741/1652
f 1613/1707/1613 1651/1733/1651 1611/1704/1611
f 1614/1711/1614 1651/1733/1651 1613/1707/1613
vt 0.7273073 0.0819579
f 1653/1743/1653 1616/1713/1616 1644/1745/1644
f 1641/1744/1641 1653/1743/1653 1644/1745/1644
vt 0.7274596 0.0885558
f 1616/1713/1616 1654/1714/1654 1643/1746/1643
f 1644/1745/1644 1616/1713/1616 1643/1746/1643
vt 0.7277215 0.1020518
f 1654/1714/1654 1618/1717/1618 1647/1747/1647
f 1618/1717/1618 1648/1718/1648 1647/1747/1647
vt 0.7281402 0.1110595
f 1648/1718/1648 1619/1720/1619 1681/1748/1681
f 1620/1722/1620 1649/1727/1649 1607/1699/1607
f 1621/1723/1621 1649/1727/1649 1620/1722/1620
f 1652/1741/1652 1649/1727/1649 1621/1723/1621
f 1653/1743/1653 1652/1741/1652 1621/1723/1621
f 1621/1723/1621 1622/1724/1622 1653/1743/1653
f 1616/1713/1616 1653/1743/1653 1622/1724/1622
vt 0.7254950 0.1644086
vt 0.7287430 0.1732044
vt 0.7276503 0.1742002
f 1655/1749/1655 1680/1750/1680 1656/1751/1656
f 1650/1725/1650 1680/1750/1680 1655/1749/1655
f 1627/1726/1627 1680/1750/1680 1650/1725/1650
vt 0.7296584 0.1826428
f 1627/1726/1627 1603/1696/1603 1657/1752/1657
f 1680/1750/1680 1627/1726/1627 1657/1752/1657
f 1656/1751/1656 1680/1750/1680 1657/1752/1657
vt 0.7332574 0.1943720
f 1657/1752/1657 1628/1728/1628 1658/1753/1658
f 1603/1696/1603 1628/1728/1628 1657/1752/1657
vt 0.6946176 0.0334269
vt 0.6884406 0.0283550
f 1630/1729/1630 1661/1754/1661 1660/1755/1660
f 1631/1702/1631 1630/1729/1630 1660/1755/1660
vt 0.7356640 0.2037883
f 1628/1728/1628 1629/1730/1629 1659/1756/1659
f 1658/1753/1658 1628/1728/1628 1659/1756/1659
vt 0.6990453 0.0394342
f 1661/1754/1661 1632/1735/1632 1662/1757/1662
f 1630/1729/1630 1632/1735/1632 1661/1754/1661
vt 0.7051875 0.0467665
f 1633/1736/1633 1635/1737/1635 1663/1758/1663
f 1662/1757/1662 1633/1736/1633 1663/1758/1663
f 1632/1735/1632 1633/1736/1633 1662/1757/1662
vt 0.7096569 0.0552176
f 1635/1737/1635 1638/1739/1638 1664/1759/1664
f 1664/1759/1664 1663/1758/1663 1635/1737/1635
vt 0.7376869 0.2115217
f 1659/1756/1659 1634/1731/1634 1665/1760/1665
f 1629/1730/1629 1634/1731/1634 1659/1756/1659
vt 0.7134311 0.0632286
f 1638/1739/1638 1640/1742/1640 1666/1761/1666
f 1666/1761/1666 1664/1759/1664 1638/1739/1638
vt 0.7400562 0.2213561
vt 0.7406309 0.2241958
f 1669/1762/1669 1636/1734/1636 1667/1763/1667
vt 0.7164325 0.0730537
f 1640/1742/1640 1641/1744/1641 1668/1764/1668
f 1637/1732/1637 1636/1734/1636 1669/1762/1669
f 1668/1764/1668 1666/1761/1666 1640/1742/1640
vt 0.7185481 0.0938477
f 1643/1746/1643 1654/1714/1654 1670/1765/1670
vt 0.7182336 0.0856276
f 1670/1765/1670 1671/1766/1671 1643/1746/1643
f 1636/1734/1636 1639/1738/1639 1667/1763/1667
f 1668/1764/1668 1644/1745/1644 1671/1766/1671
f 1641/1744/1641 1644/1745/1644 1668/1764/1668
vt 0.7384116 0.2147355
f 1665/1760/1665 1642/1740/1642 1672/1767/1672
f 1644/1745/1644 1643/1746/1643 1671/1766/1671
f 1634/1731/1634 1642/1740/1642 1665/1760/1665
f 1672/1767/1672 1637/1732/1637 1669/1762/1669
f 1642/1740/1642 1637/1732/1637 1672/1767/1672
vt 0.7187917 0.1033344
vt 0.7191458 0.1120954
f 1679/1768/1679 1681/1748/1681 1673/1769/1673
vt 0.7201942 0.1295496
vt 0.7211196 0.1381775
f 1675/1770/1675 1615/1715/1615 1674/1771/1674
vt 0.7195355 0.1208959
f 1681/1748/1681 1619/1720/1619 1677/1772/1677
f 1645/1716/1645 1615/1715/1615 1675/1770/1675
f 1673/1769/1673 1681/1748/1681 1677/1772/1677
vt 0.7222887 0.1468318
f 1615/1715/1615 1617/1719/1617 1676/1773/1676
f 1676/1773/1676 1674/1771/1674 1615/1715/1615
f 1677/1772/1677 1645/1716/1645 1675/1770/1675
f 1619/1720/1619 1645/1716/1645 1677/1772/1677
vt 0.7237312 0.1555515
f 1617/1719/1617 1646/1721/1646 1678/1774/1678
f 1678/1774/1678 1676/1773/1676 1617/1719/1617
f 1670/1765/1670 1647/1747/1647 1679/1768/1679
f 1654/1714/1654 1647/1747/1647 1670/1765/1670
f 1646/1721/1646 1650/1725/1650 1655/1749/1655
f 1655/1749/1655 1678/1774/1678 1646/1721/1646
f 1647/1747/1647 1681/1748/1681 1679/1768/1679
f 1648/1718/1648 1681/1748/1681 1647/1747/1647
vt 0.7188506 0.1769884
f 1655/1749/1655 1656/1751/1656 1682/1775/1682
vt 0.7165224 0.1658767
f 1682/1775/1682 1683/1776/1683 1655/1749/1655
vt 0.7206799 0.1843197
f 1682/1775/1682 1657/1752/1657 1684/1777/1684
f 1656/1751/1656 1657/1752/1657 1682/1775/1682
vt 0.7231421 0.1939698
f 1657/1752/1657 1658/1753/1658 1686/1778/1686
f 1686/1778/1686 1684/1777/1684 1657/1752/1657
vt 0.7248468 0.2003412
f 1686/1778/1686 1658/1753/1658 1688/1779/1688
vt 0.6905671 0.0401216
vt 0.6932490 0.0435155
f 1691/1780/1691 1662/1757/1662 1685/1781/1685
vt 0.7262272 0.2053360
f 1688/1779/1688 1659/1756/1659 1690/1782/1690
f 1661/1754/1661 1662/1757/1662 1691/1780/1691
f 1658/1753/1658 1659/1756/1659 1688/1779/1688
vt 0.6978710 0.0496532
vt 0.6986440 0.0508951
f 1687/1783/1687 1663/1758/1663 1689/1784/1689
f 1662/1757/1662 1663/1758/1663 1687/1783/1687
f 1687/1783/1687 1685/1781/1685 1662/1757/1662
vt 0.7001065 0.0591550
f 1689/1784/1689 1664/1759/1664 1740/1785/1740
f 1660/1755/1660 1661/1754/1661 1691/1780/1691
f 1663/1758/1663 1664/1759/1664 1689/1784/1689
vt 0.7090356 0.0659751
vt 0.7036618 0.0645687
f 1664/1759/1664 1709/1786/1709 1692/1787/1692
f 1740/1785/1740 1664/1759/1664 1692/1787/1692
f 1666/1761/1666 1709/1786/1709 1664/1759/1664
vt 0.7376997 0.2243306
f 1667/1763/1667 1708/1788/1708 1669/1762/1669
vt 0.7077416 0.0739557
vt 0.7080234 0.0747297
f 1695/1789/1695 1668/1764/1668 1694/1790/1694
f 1709/1786/1709 1668/1764/1668 1695/1789/1695
f 1666/1761/1666 1668/1764/1668 1709/1786/1709
vt 0.7121071 0.0848284
vt 0.7101527 0.0949429
f 1710/1791/1710 1670/1765/1670 1697/1792/1697
vt 0.7281404 0.2127838
f 1659/1756/1659 1665/1760/1665 1698/1793/1698
vt 0.7097982 0.0851020
f 1696/1794/1696 1710/1791/1710 1697/1792/1697
f 1698/1793/1698 1690/1782/1690 1659/1756/1659
vt 0.7291858 0.2176323
f 1698/1793/1698 1672/1767/1672 1703/1795/1703
f 1671/1766/1671 1670/1765/1670 1710/1791/1710
f 1665/1760/1665 1672/1767/1672 1698/1793/1698
f 1694/1790/1694 1710/1791/1710 1696/1794/1696
f 1668/1764/1668 1710/1791/1710 1694/1790/1694
f 1671/1766/1671 1710/1791/1710 1668/1764/1668
vt 0.7315835 0.2261607
f 1703/1795/1703 1708/1788/1708 1704/1796/1704
f 1669/1762/1669 1708/1788/1708 1703/1795/1703
f 1672/1767/1672 1669/1762/1669 1703/1795/1703
vt 0.7162626 0.1034048
vt 0.7105007 0.1127890
f 1711/1797/1711 1673/1769/1673 1700/1798/1700
vt 0.7103128 0.1011035
f 1699/1799/1699 1711/1797/1711 1700/1798/1700
f 1679/1768/1679 1673/1769/1673 1711/1797/1711
vt 0.7108253 0.1216593
f 1700/1798/1700 1677/1772/1677 1701/1800/1701
f 1673/1769/1673 1677/1772/1677 1700/1798/1700
vt 0.7114262 0.1304109
f 1701/1800/1701 1675/1770/1675 1702/1801/1702
f 1677/1772/1677 1675/1770/1675 1701/1800/1701
vt 0.7053182 0.0680417
f 1692/1787/1692 1709/1786/1709 1693/1802/1693
vt 0.7123109 0.1392035
f 1702/1801/1702 1674/1771/1674 1705/1803/1705
f 1675/1770/1675 1674/1771/1674 1702/1801/1702
f 1693/1802/1693 1709/1786/1709 1695/1789/1695
f 1670/1765/1670 1711/1797/1711 1699/1799/1699
f 1697/1792/1697 1670/1765/1670 1699/1799/1699
vt 0.7134442 0.1480218
f 1674/1771/1674 1676/1773/1676 1706/1804/1706
f 1679/1768/1679 1711/1797/1711 1670/1765/1670
f 1706/1804/1706 1705/1803/1705 1674/1771/1674
vt 0.7148178 0.1568909
f 1676/1773/1676 1678/1774/1678 1707/1805/1707
f 1707/1805/1707 1706/1804/1706 1676/1773/1676
f 1678/1774/1678 1655/1749/1655 1683/1776/1683
f 1683/1776/1683 1707/1805/1707 1678/1774/1678
vt 0.7102175 0.1803202
f 1683/1776/1683 1682/1775/1682 1715/1806/1715
vt 0.7075498 0.1674912
f 1715/1806/1715 1713/1807/1713 1683/1776/1683
vt 0.6860352 0.0449341
vt 0.6881057 0.0474647
f 1717/1808/1717 1685/1781/1685 1719/1809/1719
f 1691/1780/1691 1685/1781/1685 1717/1808/1717
vt 0.6921797 0.0528171
vt 0.6932312 0.0544080
f 1721/1810/1721 1689/1784/1689 1722/1811/1722
vt 0.6958562 0.0594163
vt 0.6964861 0.0607756
f 1712/1812/1712 1740/1785/1740 1714/1813/1714
f 1687/1783/1687 1689/1784/1689 1721/1810/1721
vt 0.7000860 0.0645164
vt 0.6980036 0.0648286
f 1714/1813/1714 1741/1814/1741 1716/1815/1716
f 1685/1781/1685 1687/1783/1687 1721/1810/1721
vt 0.7117873 0.1862951
f 1715/1806/1715 1684/1777/1684 1718/1816/1718
f 1740/1785/1740 1741/1814/1741 1714/1813/1714
f 1721/1810/1721 1719/1809/1719 1685/1781/1685
f 1682/1775/1682 1684/1777/1684 1715/1806/1715
vt 0.6834474 0.0417521
f 1724/1817/1724 1691/1780/1691 1717/1808/1717
vt 0.7143214 0.1960932
f 1684/1777/1684 1686/1778/1686 1720/1818/1720
f 1720/1818/1720 1718/1816/1718 1684/1777/1684
vt 0.7163450 0.2036935
f 1720/1818/1720 1688/1779/1688 1723/1819/1723
f 1722/1811/1722 1740/1785/1740 1712/1812/1712
f 1686/1778/1686 1688/1779/1688 1720/1818/1720
f 1689/1784/1689 1740/1785/1740 1722/1811/1722
f 1688/1779/1688 1690/1782/1690 1723/1819/1723
f 1741/1814/1741 1740/1785/1740 1692/1787/1692
vt 0.7053174 0.0751454
f 1694/1790/1694 1742/1820/1742 1695/1789/1695
vt 0.7021836 0.0857115
vt 0.7021776 0.0952897
f 1725/1821/1725 1697/1792/1697 1726/1822/1726
f 1696/1794/1696 1697/1792/1697 1725/1821/1725
f 1742/1820/1742 1696/1794/1696 1725/1821/1725
vt 0.7015055 0.0765136
f 1727/1823/1727 1742/1820/1742 1725/1821/1725
f 1694/1790/1694 1696/1794/1696 1742/1820/1742
vt 0.7022057 0.1002809
vt 0.7018900 0.1131685
f 1728/1824/1728 1700/1798/1700 1731/1825/1731
vt 0.7191725 0.2147605
vt 0.7205222 0.2203601
f 1729/1826/1729 1703/1795/1703 1730/1827/1730
f 1699/1799/1699 1700/1798/1700 1728/1824/1728
f 1698/1793/1698 1703/1795/1703 1729/1826/1729
vt 0.7020857 0.1221658
f 1731/1825/1731 1701/1800/1701 1733/1828/1733
vt 0.7227095 0.2292979
f 1730/1827/1730 1704/1796/1704 1732/1829/1732
f 1700/1798/1700 1701/1800/1701 1731/1825/1731
f 1690/1782/1690 1698/1793/1698 1729/1826/1729
f 1703/1795/1703 1704/1796/1704 1730/1827/1730
f 1729/1826/1729 1723/1819/1723 1690/1782/1690
vt 0.7025690 0.1311110
f 1733/1828/1733 1702/1801/1702 1734/1830/1734
f 1701/1800/1701 1702/1801/1702 1733/1828/1733
vt 0.7036920 0.1445772
f 1734/1830/1734 1705/1803/1705 1737/1831/1737
f 1697/1792/1697 1699/1799/1699 1728/1824/1728
f 1702/1801/1702 1705/1803/1705 1734/1830/1734
f 1728/1824/1728 1726/1822/1726 1697/1792/1697
f 1705/1803/1705 1706/1804/1706 1737/1831/1737
vt 0.6983579 0.0659153
f 1716/1815/1716 1741/1814/1741 1735/1832/1735
vt 0.7058596 0.1583504
f 1706/1804/1706 1707/1805/1707 1739/1833/1739
f 1739/1833/1739 1737/1831/1737 1706/1804/1706
f 1707/1805/1707 1683/1776/1683 1713/1807/1713
f 1713/1807/1713 1739/1833/1739 1707/1805/1707
vt 0.6998395 0.0702228
f 1741/1814/1741 1693/1802/1693 1736/1834/1736
f 1735/1832/1735 1741/1814/1741 1736/1834/1736
f 1692/1787/1692 1693/1802/1693 1741/1814/1741
vt 0.7013975 0.0758199
f 1736/1834/1736 1742/1820/1742 1738/1835/1738
f 1693/1802/1693 1742/1820/1742 1736/1834/1736
f 1695/1789/1695 1742/1820/1742 1693/1802/1693
f 1738/1835/1738 1742/1820/1742 1727/1823/1727
vt 0.6984314 0.1694336
vt 0.7001715 0.1813945
f 1743/1836/1743 1715/1806/1715 1744/1837/1744
f 1713/1807/1713 1715/1806/1715 1743/1836/1743
vt 0.7028236 0.1888489
f 1715/1806/1715 1718/1816/1718 1745/1838/1745
f 1745/1838/1745 1744/1837/1744 1715/1806/1715
vt 0.6835961 0.0520293
f 1717/1808/1717 1719/1809/1719 1752/1839/1752
vt 0.6802767 0.0482044
f 1752/1839/1752 1751/1840/1751 1717/1808/1717
vt 0.6967271 0.2034077
f 1745/1838/1745 1720/1818/1720 1773/1841/1773
f 1718/1816/1718 1720/1818/1720 1745/1838/1745
vt 0.6888819 0.0580730
f 1721/1810/1721 1722/1811/1722 1754/1842/1754
vt 0.6869592 0.0558741
f 1754/1842/1754 1753/1843/1753 1721/1810/1721
vt 0.6926264 0.0627362
f 1712/1812/1712 1714/1813/1714 1748/1844/1748
vt 0.7063804 0.2031897
f 1720/1818/1720 1723/1819/1723 1747/1845/1747
vt 0.6917396 0.0614950
f 1748/1844/1748 1746/1846/1746 1712/1812/1712
f 1747/1845/1747 1773/1841/1773 1720/1818/1720
f 1719/1809/1719 1721/1810/1721 1753/1843/1753
f 1753/1843/1753 1752/1839/1752 1719/1809/1719
vt 0.6943397 0.0659631
f 1748/1844/1748 1716/1815/1716 1750/1847/1750
f 1714/1813/1714 1716/1815/1716 1748/1844/1748
vt 0.7085667 0.2113084
f 1749/1848/1749 1747/1845/1747 1723/1819/1723
f 1724/1817/1724 1717/1808/1717 1751/1840/1751
vt 0.6784795 0.0460895
f 1751/1840/1751 1755/1849/1755 1724/1817/1724
f 1754/1842/1754 1712/1812/1712 1746/1846/1746
f 1722/1811/1722 1712/1812/1712 1754/1842/1754
vt 0.6997948 0.0855678
vt 0.6942262 0.0943203
f 1769/1850/1769 1726/1822/1726 1756/1851/1756
vt 0.6950307 0.0858322
f 1757/1852/1757 1769/1850/1769 1756/1851/1756
f 1725/1821/1725 1726/1822/1726 1769/1850/1769
vt 0.6958479 0.0774354
f 1758/1853/1758 1769/1850/1769 1757/1852/1757
f 1727/1823/1727 1769/1850/1769 1758/1853/1758
f 1725/1821/1725 1769/1850/1769 1727/1823/1727
vt 0.6931018 0.1130069
f 1728/1824/1728 1731/1825/1731 1761/1854/1761
vt 0.6934192 0.1014329
f 1761/1854/1761 1759/1855/1759 1728/1824/1728
vt 0.6930689 0.1223520
f 1731/1825/1731 1733/1828/1733 1762/1856/1762
f 1762/1856/1762 1761/1854/1761 1731/1825/1731
f 1723/1819/1723 1729/1826/1729 1749/1848/1749
vt 0.6933798 0.1317101
f 1733/1828/1733 1734/1830/1734 1763/1857/1763
f 1763/1857/1763 1762/1856/1762 1733/1828/1733
f 1756/1851/1756 1728/1824/1728 1759/1855/1759
f 1726/1822/1726 1728/1824/1728 1756/1851/1756
vt 0.6949430 0.0676286
f 1750/1847/1750 1735/1832/1735 1765/1858/1765
f 1716/1815/1716 1735/1832/1735 1750/1847/1750
vt 0.7119641 0.2225884
f 1729/1826/1729 1730/1827/1730 1760/1859/1760
vt 0.6951587 0.1465648
f 1734/1830/1734 1737/1831/1737 1764/1860/1764
f 1730/1827/1730 1732/1829/1732 1760/1859/1760
f 1764/1860/1764 1763/1857/1763 1734/1830/1734
vt 0.6966594 0.1599660
f 1737/1831/1737 1739/1833/1739 1766/1861/1766
f 1766/1861/1766 1764/1860/1764 1737/1831/1737
f 1766/1861/1766 1713/1807/1713 1743/1836/1743
vt 0.6957426 0.0711381
f 1765/1858/1765 1736/1834/1736 1767/1862/1767
f 1739/1833/1739 1713/1807/1713 1766/1861/1766
f 1735/1832/1735 1736/1834/1736 1765/1858/1765
vt 0.6959282 0.0761092
f 1736/1834/1736 1738/1835/1738 1768/1863/1768
f 1768/1863/1768 1767/1862/1767 1736/1834/1736
f 1768/1863/1768 1727/1823/1727 1758/1853/1758
f 1738/1835/1738 1727/1823/1727 1768/1863/1768
vt 0.6889367 0.1716968
vt 0.6913738 0.1827758
f 1770/1864/1770 1744/1837/1744 1771/1865/1771
f 1743/1836/1743 1744/1837/1744 1770/1864/1770
vt 0.6892983 0.0650920
f 1746/1846/1746 1748/1844/1748 1811/1866/1811
vt 0.6791478 0.0567918
f 1751/1840/1751 1752/1839/1752 1776/1867/1776
vt 0.6742142 0.0516128
f 1776/1867/1776 1775/1868/1775 1751/1840/1751
vt 0.6915083 0.0673968
f 1748/1844/1748 1750/1847/1750 1774/1869/1774
f 1774/1869/1774 1811/1866/1811 1748/1844/1748
vt 0.6936933 0.1918738
f 1744/1837/1744 1745/1838/1745 1772/1870/1772
f 1772/1870/1772 1771/1865/1771 1744/1837/1744
vt 0.6847231 0.0617046
f 1753/1843/1753 1754/1842/1754 1777/1871/1777
f 1777/1871/1777 1776/1867/1776 1753/1843/1753
f 1745/1838/1745 1773/1841/1773 1772/1870/1772
f 1752/1839/1752 1753/1843/1753 1776/1867/1776
f 1755/1849/1755 1751/1840/1751 1775/1868/1775
f 1777/1871/1777 1746/1846/1746 1811/1866/1811
f 1754/1842/1754 1746/1846/1746 1777/1871/1777
vt 0.6874915 0.0858627
vt 0.6860380 0.0922372
f 1779/1872/1779 1756/1851/1756 1778/1873/1778
f 1757/1852/1757 1756/1851/1756 1779/1872/1779
vt 0.6882468 0.0829424
f 1758/1853/1758 1757/1852/1757 1780/1874/1780
vt 0.6904990 0.0755895
f 1780/1874/1780 1790/1875/1790 1758/1853/1758
f 1780/1874/1780 1757/1852/1757 1779/1872/1779
vt 0.6846632 0.1027337
vt 0.6836814 0.1121638
f 1782/1876/1782 1761/1854/1761 1781/1877/1781
f 1759/1855/1759 1761/1854/1761 1782/1876/1782
vt 0.6833984 0.1221733
f 1761/1854/1761 1762/1856/1762 1783/1878/1783
f 1783/1878/1783 1781/1877/1781 1761/1854/1761
vt 0.6836166 0.1321174
f 1762/1856/1762 1763/1857/1763 1784/1879/1784
f 1784/1879/1784 1783/1878/1783 1762/1856/1762
f 1756/1851/1756 1782/1876/1782 1778/1873/1778
f 1759/1855/1759 1782/1876/1782 1756/1851/1756
vt 0.6919578 0.0683331
f 1750/1847/1750 1765/1858/1765 1787/1880/1787
f 1787/1880/1787 1774/1869/1774 1750/1847/1750
vt 0.6923308 0.0713003
f 1765/1858/1765 1767/1862/1767 1789/1881/1789
f 1789/1881/1789 1787/1880/1787 1765/1858/1765
f 1789/1881/1789 1768/1863/1768 1790/1875/1790
f 1767/1862/1767 1768/1863/1768 1789/1881/1789
f 1768/1863/1768 1758/1853/1758 1790/1875/1790
vt 0.6843420 0.1420489
f 1763/1857/1763 1764/1860/1764 1785/1882/1785
f 1785/1882/1785 1784/1879/1784 1763/1857/1763
vt 0.6854929 0.1519815
f 1785/1882/1785 1764/1860/1764 1786/1883/1786
vt 0.6870431 0.1618412
f 1786/1883/1786 1766/1861/1766 1788/1884/1788
f 1764/1860/1764 1766/1861/1766 1786/1883/1786
f 1788/1884/1788 1743/1836/1743 1770/1864/1770
f 1766/1861/1766 1743/1836/1743 1788/1884/1788
vt 0.6813623 0.1835812
f 1770/1864/1770 1771/1865/1771 1791/1885/1791
vt 0.6791505 0.1735700
f 1791/1885/1791 1792/1886/1792 1770/1864/1770
vt 0.6902463 0.0683060
f 1812/1887/1812 1811/1866/1811 1774/1869/1774
vt 0.6700691 0.0577644
vt 0.6733910 0.0614710
f 1793/1888/1793 1776/1867/1776 1794/1889/1794
f 1775/1868/1775 1776/1867/1776 1793/1888/1793
vt 0.6828501 0.0634478
f 1777/1871/1777 1813/1890/1813 1776/1867/1776
vt 0.6790234 0.0669787
f 1794/1889/1794 1813/1890/1813 1795/1891/1795
f 1776/1867/1776 1813/1890/1813 1794/1889/1794
vt 0.6855557 0.0686787
f 1813/1890/1813 1811/1866/1811 1796/1892/1796
vt 0.6852953 0.0689047
f 1824/1893/1824 1813/1890/1813 1796/1892/1796
f 1777/1871/1777 1811/1866/1811 1813/1890/1813
f 1795/1891/1795 1813/1890/1813 1824/1893/1824
vt 0.6892691 0.0692041
f 1796/1892/1796 1812/1887/1812 1797/1894/1797
f 1811/1866/1811 1812/1887/1812 1796/1892/1796
vt 0.6884367 0.0712793
vt 0.6834266 0.0742623
f 1799/1895/1799 1790/1875/1790 1798/1896/1798
vt 0.6824757 0.0761933
vt 0.6826200 0.0818695
vt 0.6799926 0.0814580
f 1801/1897/1801 1814/1898/1814 1800/1899/1800
vt 0.6771365 0.0907797
f 1779/1872/1779 1778/1873/1778 1802/1900/1802
f 1814/1898/1814 1779/1872/1779 1802/1900/1802
f 1800/1899/1800 1814/1898/1814 1802/1900/1802
f 1780/1874/1780 1814/1898/1814 1801/1897/1801
f 1790/1875/1790 1780/1874/1780 1801/1897/1801
f 1798/1896/1798 1790/1875/1790 1801/1897/1801
f 1779/1872/1779 1814/1898/1814 1780/1874/1780
vt 0.6738552 0.1114811
f 1782/1876/1782 1781/1877/1781 1803/1901/1803
vt 0.6747866 0.1011254
f 1803/1901/1803 1806/1902/1806 1782/1876/1782
vt 0.6733035 0.1221296
f 1781/1877/1781 1783/1878/1783 1804/1903/1804
f 1804/1903/1804 1803/1901/1803 1781/1877/1781
vt 0.6734499 0.1326010
f 1804/1903/1804 1784/1879/1784 1805/1904/1805
vt 0.6741709 0.1430207
f 1805/1904/1805 1785/1882/1785 1808/1905/1808
f 1783/1878/1783 1784/1879/1784 1804/1903/1804
f 1784/1879/1784 1785/1882/1785 1805/1904/1805
f 1802/1900/1802 1782/1876/1782 1806/1902/1806
vt 0.6753973 0.1533618
f 1785/1882/1785 1786/1883/1786 1809/1906/1809
f 1778/1873/1778 1782/1876/1782 1802/1900/1802
f 1809/1906/1809 1808/1905/1808 1785/1882/1785
vt 0.6771121 0.1635830
f 1786/1883/1786 1788/1884/1788 1810/1907/1810
f 1810/1907/1810 1809/1906/1809 1786/1883/1786
f 1788/1884/1788 1770/1864/1770 1792/1886/1792
f 1792/1886/1792 1810/1907/1810 1788/1884/1788
f 1787/1880/1787 1812/1887/1812 1774/1869/1774
vt 0.6889696 0.0707823
f 1812/1887/1812 1789/1881/1789 1807/1908/1807
f 1797/1894/1797 1812/1887/1812 1807/1908/1807
f 1787/1880/1787 1789/1881/1789 1812/1887/1812
f 1789/1881/1789 1790/1875/1790 1799/1895/1799
f 1807/1908/1807 1789/1881/1789 1799/1895/1799
vt 0.6655350 0.0662090
f 1794/1889/1794 1821/1909/1821 1793/1888/1793
vt 0.6747656 0.0707767
f 1822/1910/1822 1821/1909/1821 1794/1889/1794
f 1794/1889/1794 1795/1891/1795 1822/1910/1822
vt 0.6695639 0.0751201
f 1821/1909/1821 1822/1910/1822 1815/1911/1815
vt 0.6828483 0.0740290
f 1825/1912/1825 1822/1910/1822 1795/1891/1795
f 1824/1893/1824 1825/1912/1825 1795/1891/1795
vt 0.6885430 0.0706790
f 1826/1913/1826 1824/1893/1824 1796/1892/1796
f 1796/1892/1796 1797/1894/1797 1826/1913/1826
f 1824/1893/1824 1826/1913/1826 1799/1895/1799
f 1798/1896/1798 1824/1893/1824 1799/1895/1799
f 1825/1912/1825 1824/1893/1824 1798/1896/1798
vt 0.6689877 0.0796121
f 1815/1911/1815 1800/1899/1800 1816/1914/1816
f 1822/1910/1822 1800/1899/1800 1815/1911/1815
f 1801/1897/1801 1800/1899/1800 1822/1910/1822
f 1825/1912/1825 1801/1897/1801 1822/1910/1822
vt 0.6665388 0.0893541
f 1816/1914/1816 1802/1900/1802 1823/1915/1823
f 1800/1899/1800 1802/1900/1802 1816/1914/1816
f 1799/1895/1799 1826/1913/1826 1807/1908/1807
f 1801/1897/1801 1825/1912/1825 1798/1896/1798
vt 0.6639416 0.1005095
f 1823/1915/1823 1806/1902/1806 1817/1916/1817
vt 0.6516148 0.1105679
f 1817/1916/1817 1803/1901/1803 1818/1917/1818
f 1806/1902/1806 1803/1901/1803 1817/1916/1817
vt 0.6639659 0.1441032
vt 0.6622173 0.1346683
f 1808/1905/1808 1827/1918/1827 1838/1919/1838
vt 0.6619043 0.1224707
f 1818/1917/1818 1804/1903/1804 1819/1920/1819
f 1805/1904/1805 1808/1905/1808 1838/1919/1838
f 1803/1901/1803 1804/1903/1804 1818/1917/1818
f 1819/1920/1819 1805/1904/1805 1838/1919/1838
vt 0.6649823 0.1547154
f 1828/1921/1828 1827/1918/1827 1808/1905/1808
f 1804/1903/1804 1805/1904/1805 1819/1920/1819
f 1808/1905/1808 1809/1906/1809 1828/1921/1828
f 1806/1902/1806 1823/1915/1823 1802/1900/1802
vt 0.6649591 0.1592849
vt 0.6550446 0.1670243
f 1820/1922/1820 1810/1907/1810 1839/1923/1839
f 1809/1906/1809 1810/1907/1810 1820/1922/1820
f 1828/1921/1828 1809/1906/1809 1820/1922/1820
f 1807/1908/1807 1826/1913/1826 1797/1894/1797
vt 0.6552835 0.0708081
vt 0.6658626 0.0788508
vt 0.6572206 0.0774056
f 1829/1924/1829 1837/1925/1837 1830/1926/1830
f 1821/1909/1821 1837/1925/1837 1829/1924/1829
f 1815/1911/1815 1837/1925/1837 1821/1909/1821
vt 0.6547678 0.0881058
f 1837/1925/1837 1823/1915/1823 1831/1927/1831
f 1830/1926/1830 1837/1925/1837 1831/1927/1831
f 1816/1914/1816 1837/1925/1837 1815/1911/1815
f 1823/1915/1823 1837/1925/1837 1816/1914/1816
vt 0.6520916 0.0999549
f 1831/1927/1831 1817/1916/1817 1832/1928/1832
f 1823/1915/1823 1817/1916/1817 1831/1927/1831
f 1832/1928/1832 1817/1916/1817 1818/1917/1818
vt 0.6522348 0.1228943
vt 0.6503119 0.1344248
f 1834/1929/1834 1838/1919/1838 1835/1930/1835
f 1818/1917/1818 1819/1920/1819 1834/1929/1834
f 1838/1919/1838 1834/1929/1834 1819/1920/1819
vt 0.6511997 0.1455886
f 1838/1919/1838 1827/1918/1827 1833/1931/1833
f 1835/1930/1835 1838/1919/1838 1833/1931/1833
vt 0.6526639 0.1563179
f 1827/1918/1827 1828/1921/1828 1836/1932/1836
f 1836/1932/1836 1833/1931/1833 1827/1918/1827
f 1828/1921/1828 1820/1922/1820 1836/1932/1836
vt 0.6423073 0.0625138
vt 0.6472516 0.0745227
vt 0.6436765 0.0749016
f 1840/1933/1840 1848/1934/1848 1841/1935/1841
f 1830/1926/1830 1848/1934/1848 1829/1924/1829
vt 0.6423302 0.0863273
f 1848/1934/1848 1831/1927/1831 1842/1936/1842
f 1841/1935/1841 1848/1934/1848 1842/1936/1842
f 1830/1926/1830 1831/1927/1831 1848/1934/1848
vt 0.6433505 0.0991749
vt 0.6387106 0.1112735
f 1849/1937/1849 1818/1917/1818 1844/1938/1844
vt 0.6404305 0.0967653
f 1843/1939/1843 1849/1937/1849 1844/1938/1844
f 1842/1936/1842 1849/1937/1849 1843/1939/1843
f 1831/1927/1831 1849/1937/1849 1842/1936/1842
f 1832/1928/1832 1849/1937/1849 1831/1927/1831
f 1818/1917/1818 1849/1937/1849 1832/1928/1832
vt 0.6380742 0.1235049
f 1844/1938/1844 1834/1929/1834 1845/1940/1845
f 1818/1917/1818 1834/1929/1834 1844/1938/1844
vt 0.6383902 0.1354536
f 1845/1940/1845 1835/1930/1835 1846/1941/1846
f 1834/1929/1834 1835/1930/1835 1845/1940/1845
vt 0.6394742 0.1468199
f 1846/1941/1846 1833/1931/1833 1847/1942/1847
f 1835/1930/1835 1833/1931/1833 1846/1941/1846
vt 0.6310209 0.0757891
f 1840/1933/1840 1841/1935/1841 1850/1943/1850
vt 0.6296887 0.0844470
f 1850/1943/1850 1842/1936/1842 1851/1944/1851
f 1841/1935/1841 1842/1936/1842 1850/1943/1850
vt 0.6285875 0.0963215
vt 0.6263310 0.1105979
f 1852/1945/1852 1844/1938/1844 1853/1946/1853
f 1843/1939/1843 1844/1938/1844 1852/1945/1852
f 1842/1936/1842 1843/1939/1843 1852/1945/1852
f 1852/1945/1852 1851/1944/1851 1842/1936/1842
vt 0.6256545 0.1238028
f 1853/1946/1853 1845/1940/1845 1854/1947/1854
f 1844/1938/1844 1845/1940/1845 1853/1946/1853
f 1845/1940/1845 1846/1941/1846 1854/1947/1854
vt 0.6121816 0.0946719
vt 0.5996094 0.1092538
f 1856/1948/1856 1853/1946/1853 1857/1949/1857
f 1852/1945/1852 1853/1946/1853 1856/1948/1856
f 1851/1944/1851 1852/1945/1852 1856/1948/1856
vt 0.6094226 0.0816815
f 1856/1948/1856 1855/1950/1855 1851/1944/1851
f 1853/1946/1853 1854/1947/1854 1857/1949/1857
vt 0.5086293 0.4581414
vt 0.5176710 0.4487479
vt 0.5278003 0.4586883
f 1243/1951/1243 870/1952/870 845/1953/845
vt 0.5028858 0.4440903
f 1243/1951/1243 1859/1954/1859 870/1952/870
vt 0.4999184 0.4666810
f 1244/1955/1244 1859/1954/1859 1243/1951/1243
vt 0.4908119 0.4561140
f 1865/1956/1865 1859/1954/1859 1244/1955/1244
vt 0.4912869 0.4752700
f 1245/1957/1245 1865/1956/1865 1244/1955/1244
vt 0.4817519 0.4648957
f 1866/1958/1866 1865/1956/1865 1245/1957/1245
vt 0.5144249 0.4313962
vt 0.5221426 0.4225131
vt 0.5326615 0.4309095
f 1858/1959/1858 1864/1960/1864 868/1961/868
f 870/1952/870 1858/1959/1858 868/1961/868
vt 0.4783653 0.4683049
f 1866/1958/1866 1245/1957/1245 1260/1962/1260
f 1859/1954/1859 1858/1959/1858 870/1952/870
vt 0.5647991 0.3196865
vt 0.5710142 0.3046553
vt 0.5707240 0.3223857
f 1868/1963/1868 557/1964/557 559/1965/559
vt 0.5649652 0.3099943
f 557/1964/557 1868/1963/1868 1863/1966/1863
vt 0.5713748 0.2972805
f 494/1967/494 557/1964/557 1863/1966/1863
vt 0.5462832 0.3556252
vt 0.5375865 0.3875591
vt 0.5405484 0.3691560
f 1860/1968/1860 935/1969/935 897/1970/897
vt 0.5492577 0.3567733
f 961/1971/961 935/1969/935 1860/1968/1860
vt 0.5552610 0.3421149
vt 0.5575835 0.3554102
f 961/1971/961 1867/1972/1867 947/1973/947
vt 0.5657527 0.3353955
f 958/1974/958 947/1973/947 1867/1972/1867
vt 0.5518360 0.3421529
f 1861/1975/1861 961/1971/961 1860/1968/1860
f 1867/1972/1867 961/1971/961 1861/1975/1861
vt 0.5784268 0.3242821
f 538/1976/538 958/1974/958 559/1965/559
f 559/1965/559 958/1974/958 1867/1972/1867
f 1867/1972/1867 1868/1963/1868 559/1965/559
vt 0.5569223 0.3290245
f 1861/1975/1861 1862/1977/1862 1867/1972/1867
f 1868/1963/1868 1867/1972/1867 1862/1977/1862
f 1863/1966/1863 1868/1963/1868 1862/1977/1862
vt 0.5311759 0.4153061
f 1864/1960/1864 982/1978/982 868/1961/868
vt 0.5289388 0.4136326
f 1864/1960/1864 900/1979/900 982/1978/982
vt 0.5466112 0.3420998
f 1862/1977/1862 1861/1975/1861 1885/1980/1885
vt 0.5545816 0.3242188
f 1885/1980/1885 1886/1981/1886 1862/1977/1862
vt 0.5050948 0.4239605
f 1864/1960/1864 1858/1959/1858 1870/1982/1870
vt 0.5135755 0.4147376
f 1870/1982/1870 1869/1983/1869 1864/1960/1864
vt 0.5604732 0.3102373
f 1886/1981/1886 1887/1984/1887 1863/1966/1863
f 1858/1959/1858 1859/1954/1859 1870/1982/1870
f 1863/1966/1863 1862/1977/1862 1886/1981/1886
vt 0.5308650 0.3860629
vt 0.5373311 0.3650194
f 985/1985/985 1884/1986/1884 897/1970/897
f 1860/1968/1860 897/1970/897 1884/1986/1884
f 1884/1986/1884 1885/1980/1885 1860/1968/1860
f 1861/1975/1861 1860/1968/1860 1885/1980/1885
vt 0.5230219 0.3923318
vt 0.5267685 0.3766633
f 983/1987/983 1871/1988/1871 985/1985/985
f 1884/1986/1884 985/1985/985 1871/1988/1871
vt 0.5292581 0.3689712
f 1871/1988/1871 1872/1989/1872 1884/1986/1884
vt 0.5400156 0.3445546
f 1872/1989/1872 1873/1990/1873 1884/1986/1884
f 1885/1980/1885 1884/1986/1884 1873/1990/1873
vt 0.5442144 0.3347199
f 1873/1990/1873 1879/1991/1879 1885/1980/1885
vt 0.5651380 0.2984596
f 1863/1966/1863 584/1992/584 494/1967/494
f 1887/1984/1887 584/1992/584 1863/1966/1863
f 1886/1981/1886 1885/1980/1885 1879/1991/1879
vt 0.5508315 0.3196497
f 1879/1991/1879 1880/1993/1880 1886/1981/1886
vt 0.5212720 0.4022285
vt 0.5197893 0.4057978
f 1874/1994/1874 900/1979/900 1875/1995/1875
vt 0.5332658 0.4017594
f 899/1996/899 900/1979/900 1874/1994/1874
f 1887/1984/1887 1886/1981/1886 1880/1993/1880
vt 0.5334304 0.4002181
f 898/1997/898 899/1996/899 1874/1994/1874
f 983/1987/983 898/1997/898 1874/1994/1874
vt 0.5579436 0.3029731
f 1880/1993/1880 1882/1998/1882 1887/1984/1887
f 900/1979/900 1864/1960/1864 1869/1983/1869
f 1869/1983/1869 1875/1995/1875 900/1979/900
f 584/1992/584 1887/1984/1887 1882/1998/1882
vt 0.5618029 0.2934584
f 1882/1998/1882 1883/1999/1883 584/1992/584
vt 0.5687079 0.2885759
f 585/2000/585 584/1992/584 1883/1999/1883
vt 0.4893924 0.4409569
f 1876/2001/1876 1870/1982/1870 1859/1954/1859
f 1859/1954/1859 1865/1956/1865 1876/2001/1876
vt 0.4733063 0.4557182
f 1865/1956/1865 1866/1958/1866 1877/2002/1877
f 1877/2002/1877 1876/2001/1876 1865/1956/1865
vt 0.4723299 0.4722558
vt 0.4647273 0.4636837
f 1260/1962/1260 1281/2003/1281 1878/2004/1878
f 1877/2002/1877 1260/1962/1260 1878/2004/1878
f 1866/1958/1866 1260/1962/1260 1877/2002/1877
vt 0.4625087 0.4790159
vt 0.4559819 0.4715421
f 1878/2004/1878 1282/2005/1282 1881/2006/1881
f 1281/2003/1281 1282/2005/1282 1878/2004/1878
vt 0.4469856 0.4790775
f 1273/2007/1273 1881/2006/1881 1282/2005/1282
vt 0.5118724 0.4000009
f 1875/1995/1875 1890/2008/1890 1874/1994/1874
vt 0.5143125 0.3908620
f 1874/1994/1874 1890/2008/1890 1888/2009/1888
f 983/1987/983 1874/1994/1874 1888/2009/1888
vt 0.5055628 0.4076107
f 1890/2008/1890 1869/1983/1869 1891/2010/1891
f 1875/1995/1875 1869/1983/1869 1890/2008/1890
vt 0.4511127 0.4596852
f 1878/2004/1878 1881/2006/1881 1889/2011/1889
vt 0.4389551 0.4697067
f 1889/2011/1889 1273/2007/1273 1284/2012/1284
vt 0.4981330 0.4150449
f 1869/1983/1869 1870/1982/1870 1892/2013/1892
f 1881/2006/1881 1273/2007/1273 1889/2011/1889
f 1892/2013/1892 1891/2010/1891 1869/1983/1869
vt 0.4899693 0.4228959
f 1893/2014/1893 1892/2013/1892 1870/1982/1870
vt 0.5162815 0.3823763
f 1888/2009/1888 1894/2015/1894 983/1987/983
f 1871/1988/1871 983/1987/983 1894/2015/1894
vt 0.5185497 0.3740437
f 1894/2015/1894 1895/2016/1895 1871/1988/1871
f 1872/1989/1872 1871/1988/1871 1895/2016/1895
vt 0.5216757 0.3653936
f 1895/2016/1895 1896/2017/1896 1872/1989/1872
f 1873/1990/1873 1872/1989/1872 1896/2017/1896
vt 0.5291608 0.3489985
f 1896/2017/1896 1897/2018/1897 1873/1990/1873
vt 0.5370215 0.3326395
f 1897/2018/1897 1898/2019/1898 1873/1990/1873
f 1879/1991/1879 1873/1990/1873 1898/2019/1898
f 1880/1993/1880 1879/1991/1879 1898/2019/1898
vt 0.5476378 0.3084904
f 1898/2019/1898 1899/2020/1899 1880/1993/1880
f 1882/1998/1882 1880/1993/1880 1899/2020/1899
vt 0.5555783 0.2895723
f 1901/2021/1901 1882/1998/1882 1899/2020/1899
f 1883/1999/1883 1882/1998/1882 1901/2021/1901
f 1870/1982/1870 1876/2001/1876 1893/2014/1893
vt 0.4717143 0.4404825
f 1900/2022/1900 1893/2014/1893 1876/2001/1876
f 1876/2001/1876 1877/2002/1877 1900/2022/1900
f 1877/2002/1877 1878/2004/1878 1889/2011/1889
f 1889/2011/1889 1900/2022/1900 1877/2002/1877
vt 0.5065426 0.3894953
f 1890/2008/1890 1925/2023/1925 1888/2009/1888
vt 0.5006125 0.4021372
f 1891/2010/1891 1926/2024/1926 1890/2008/1890
vt 0.4979500 0.3988411
f 1925/2023/1925 1926/2024/1926 1903/2025/1903
vt 0.5040022 0.3890879
f 1902/2026/1902 1925/2023/1925 1903/2025/1903
f 1890/2008/1890 1926/2024/1926 1925/2023/1925
f 1892/2013/1892 1926/2024/1926 1891/2010/1891
vt 0.4919142 0.4082748
f 1927/2027/1927 1926/2024/1926 1892/2013/1892
vt 0.4900282 0.4060951
f 1903/2025/1903 1927/2027/1927 1904/2028/1904
f 1926/2024/1926 1927/2027/1927 1903/2025/1903
vt 0.4540336 0.4482827
vt 0.4337350 0.4502166
vt 0.4443242 0.4408251
f 1958/2029/1958 1936/2030/1936 1933/2031/1933
vt 0.4846074 0.4169140
f 1928/2032/1928 1927/2027/1927 1892/2013/1892
f 1892/2013/1892 1893/2014/1893 1928/2032/1928
vt 0.4350700 0.4648584
f 1935/2033/1935 1958/2029/1958 1889/2011/1889
f 1889/2011/1889 1284/2012/1284 1935/2033/1935
vt 0.4805122 0.4125929
f 1904/2028/1904 1928/2032/1928 1905/2034/1905
f 1927/2027/1927 1928/2032/1928 1904/2028/1904
f 1936/2030/1936 1958/2029/1958 1935/2033/1935
vt 0.5072036 0.3800543
f 1925/2023/1925 1929/2035/1929 1894/2015/1894
f 1894/2015/1894 1888/2009/1888 1925/2023/1925
vt 0.4226161 0.4817779
f 1285/2036/1285 1935/2033/1935 1284/2012/1284
vt 0.4184266 0.4778781
f 1290/2037/1290 1935/2033/1935 1285/2036/1285
vt 0.5126434 0.3720556
f 1894/2015/1894 1930/2038/1930 1895/2016/1895
f 1929/2035/1929 1930/2038/1930 1894/2015/1894
vt 0.4182874 0.4621282
f 1937/2039/1937 1935/2033/1935 1290/2037/1290
f 1936/2030/1936 1935/2033/1935 1937/2039/1937
f 1929/2035/1929 1925/2023/1925 1902/2026/1902
vt 0.5085775 0.3704690
f 1930/2038/1930 1929/2035/1929 1906/2040/1906
vt 0.4086592 0.4689090
f 1290/2037/1290 1291/2041/1291 1937/2039/1937
vt 0.5172218 0.3643910
f 1895/2016/1895 1931/2042/1931 1896/2017/1896
f 1930/2038/1930 1931/2042/1931 1895/2016/1895
vt 0.4640697 0.4205724
vt 0.4601703 0.4253011
vt 0.4575211 0.4228192
f 1924/2043/1924 1940/2044/1940 1907/2045/1907
vt 0.5207935 0.3570309
f 1931/2042/1931 1932/2046/1932 1896/2017/1896
vt 0.5331507 0.2943834
vt 0.5314921 0.2997354
vt 0.5299987 0.2991853
f 2002/2047/2002 1938/2048/1938 1919/2049/1919
vt 0.5113451 0.3519285
vt 0.5126913 0.3527531
vt 0.5108223 0.3554912
f 1913/2050/1913 1934/2051/1934 1908/2052/1908
vt 0.4524143 0.4332961
vt 0.4466740 0.4273309
f 1907/2045/1907 1942/2053/1942 1909/2054/1909
f 1931/2042/1931 1930/2038/1930 1906/2040/1906
f 1940/2044/1940 1942/2053/1942 1907/2045/1907
vt 0.5075582 0.3596202
f 1906/2040/1906 1987/2055/1987 1931/2042/1931
vt 0.5257204 0.3465194
f 1932/2046/1932 1939/2056/1939 1897/2018/1897
f 1908/2052/1908 1931/2042/1931 1987/2055/1987
f 1897/2018/1897 1896/2017/1896 1932/2046/1932
f 1932/2046/1932 1931/2042/1931 1908/2052/1908
vt 0.4378160 0.4315753
f 1909/2054/1909 1933/2031/1933 1944/2057/1944
f 1934/2051/1934 1932/2046/1932 1908/2052/1908
f 1942/2053/1942 1933/2031/1933 1909/2054/1909
vt 0.5167978 0.3460926
f 1941/2058/1941 1932/2046/1932 1934/2051/1934
vt 0.4289777 0.4397723
f 1945/2059/1945 1933/2031/1933 1936/2030/1936
f 1939/2056/1939 1932/2046/1932 1941/2058/1941
f 1944/2057/1944 1933/2031/1933 1945/2059/1945
vt 0.5204673 0.3396468
f 1943/2060/1943 1939/2056/1939 1941/2058/1941
vt 0.4264678 0.4366990
f 1944/2057/1944 1945/2059/1945 1910/2061/1910
vt 0.5320854 0.3335291
f 1897/2018/1897 1952/2062/1952 1898/2019/1898
vt 0.4205665 0.4464705
f 1945/2059/1945 1936/2030/1936 1946/2063/1946
f 1939/2056/1939 1952/2062/1952 1897/2018/1897
vt 0.4170352 0.4417206
f 1910/2061/1910 1946/2063/1946 1911/2064/1911
f 1945/2059/1945 1946/2063/1946 1910/2061/1910
f 1946/2063/1946 1936/2030/1936 1937/2039/1937
vt 0.4117875 0.4529122
f 1937/2039/1937 1948/2065/1948 1946/2063/1946
vt 0.5239686 0.3331575
f 1947/2066/1947 1939/2056/1939 1943/2060/1943
f 1952/2062/1952 1939/2056/1939 1947/2066/1947
vt 0.4079084 0.4472149
f 1911/2064/1911 1948/2065/1948 1915/2067/1915
f 1946/2063/1946 1948/2065/1948 1911/2064/1911
f 1948/2065/1948 1937/2039/1937 1291/2041/1291
vt 0.4025427 0.4590299
f 1291/2041/1291 1949/2068/1949 1948/2065/1948
vt 0.3989404 0.4532610
f 1948/2065/1948 1949/2068/1949 1912/2069/1912
f 1941/2058/1941 1934/2051/1934 1913/2050/1913
f 1912/2069/1912 1915/2067/1915 1948/2065/1948
vt 0.5128115 0.3436779
f 1913/2050/1913 1916/2070/1916 1941/2058/1941
f 1943/2060/1943 1941/2058/1941 1916/2070/1916
vt 0.5142620 0.3358687
f 1916/2070/1916 1993/2071/1993 1943/2060/1943
vt 0.3890720 0.4802053
f 1949/2068/1949 1291/2041/1291 1293/2072/1293
vt 0.3907366 0.4660167
f 1293/2072/1293 1954/2073/1954 1949/2068/1949
vt 0.3901007 0.4602257
f 1949/2068/1949 1954/2073/1954 1914/2074/1914
vt 0.5150611 0.3343556
f 1918/2075/1918 1943/2060/1943 1993/2071/1993
f 1914/2074/1914 1912/2069/1912 1949/2068/1949
f 1947/2066/1947 1943/2060/1943 1918/2075/1918
vt 0.5176703 0.3299818
f 1950/2076/1950 1947/2066/1947 1918/2075/1918
vt 0.5208845 0.3240711
f 1951/2077/1951 1947/2066/1947 1950/2076/1950
vt 0.3813626 0.4686063
f 1917/2078/1917 1914/2074/1914 1954/2073/1954
vt 0.5163842 0.3292754
f 1920/2079/1920 1950/2076/1950 1918/2075/1918
vt 0.3781352 0.4721272
f 1954/2073/1954 1293/2072/1293 1289/2080/1289
f 1951/2077/1951 1950/2076/1950 1920/2079/1920
f 1917/2078/1917 1954/2073/1954 1289/2080/1289
vt 0.5183478 0.3227332
f 1920/2079/1920 1921/2081/1921 1951/2077/1951
vt 0.5437782 0.3074602
f 1898/2019/1898 1956/2082/1956 1899/2020/1899
f 1952/2062/1952 1956/2082/1956 1898/2019/1898
vt 0.4770758 0.4258468
f 1955/2083/1955 1928/2032/1928 1893/2014/1893
vt 0.5328082 0.3146195
f 1947/2066/1947 1953/2084/1953 1952/2062/1952
f 1905/2034/1905 1955/2083/1955 1924/2043/1924
f 1928/2032/1928 1955/2083/1955 1905/2034/1905
f 1956/2082/1956 1952/2062/1952 1953/2084/1953
vt 0.4690603 0.4342375
f 1957/2085/1957 1955/2083/1955 1893/2014/1893
f 1893/2014/1893 1900/2022/1900 1957/2085/1957
f 1957/2085/1957 1940/2044/1940 1924/2043/1924
f 1955/2083/1955 1957/2085/1957 1924/2043/1924
f 1958/2029/1958 1957/2085/1957 1900/2022/1900
vt 0.5380198 0.3021348
f 1953/2084/1953 1959/2086/1959 1956/2082/1956
f 1942/2053/1942 1957/2085/1957 1958/2029/1958
f 1940/2044/1940 1957/2085/1957 1942/2053/1942
f 1953/2084/1953 1947/2066/1947 1951/2077/1951
vt 0.5245827 0.3162100
f 1951/2077/1951 1960/2087/1960 1953/2084/1953
f 1960/2087/1960 1951/2077/1951 1921/2081/1921
vt 0.5215424 0.3148310
f 1921/2081/1921 1922/2088/1922 1960/2087/1960
vt 0.5291365 0.3059861
f 1960/2087/1960 1961/2089/1961 1953/2084/1953
f 1900/2022/1900 1889/2011/1889 1958/2029/1958
f 1959/2086/1959 1953/2084/1953 1961/2089/1961
f 1961/2089/1961 1938/2048/1938 1959/2086/1959
vt 0.5265430 0.3049431
f 1923/2090/1923 1960/2087/1960 1922/2088/1922
f 1961/2089/1961 1960/2087/1960 1923/2090/1923
f 1919/2049/1919 1961/2089/1961 1923/2090/1923
f 1942/2053/1942 1958/2029/1958 1933/2031/1933
f 1938/2048/1938 1961/2089/1961 1919/2049/1919
vt 0.5502295 0.2921829
f 1956/2082/1956 1962/2091/1962 1899/2020/1899
f 1899/2020/1899 1962/2091/1962 1901/2021/1901
f 1962/2091/1962 1956/2082/1956 1959/2086/1959
f 1959/2086/1959 1938/2048/1938 2002/2047/2002
vt 0.4928449 0.3866079
vt 0.4907247 0.3895879
f 1963/2092/1963 1903/2025/1903 1964/2093/1964
f 1902/2026/1902 1903/2025/1903 1963/2092/1963
vt 0.4827869 0.3968402
f 1903/2025/1903 1904/2028/1904 1965/2094/1965
f 1965/2094/1965 1964/2093/1964 1903/2025/1903
vt 0.4722348 0.4024498
f 1965/2094/1965 1905/2034/1905 2030/2095/2030
f 1904/2028/1904 1905/2034/1905 1965/2094/1965
vt 0.4970030 0.3771456
f 1967/2096/1967 1902/2026/1902 1963/2092/1963
f 1929/2035/1929 1902/2026/1902 1967/2096/1967
f 1906/2040/1906 1929/2035/1929 1967/2096/1967
vt 0.4986737 0.3673381
f 1967/2096/1967 1968/2097/1968 1906/2040/1906
vt 0.4674122 0.4163066
vt 0.4596013 0.4069885
f 2030/2095/2030 1988/2098/1988 1966/2099/1966
f 1987/2055/1987 1906/2040/1906 1968/2097/1968
vt 0.4512751 0.4160613
vt 0.4523566 0.4099584
f 1966/2099/1966 1989/2100/1989 1969/2101/1969
vt 0.5002614 0.3565186
f 1970/2102/1970 1987/2055/1987 1968/2097/1968
f 1924/2043/1924 1989/2100/1989 1966/2099/1966
f 1988/2098/1988 1924/2043/1924 1966/2099/1966
f 1907/2045/1907 1989/2100/1989 1924/2043/1924
f 1908/2052/1908 1987/2055/1987 1970/2102/1970
f 1913/2050/1913 1908/2052/1908 1970/2102/1970
vt 0.5021994 0.3472082
f 1979/2103/1979 1913/2050/1913 1970/2102/1970
f 1909/2054/1909 1989/2100/1989 1907/2045/1907
vt 0.4447319 0.4252602
f 1990/2104/1990 1989/2100/1989 1909/2054/1909
vt 0.4381206 0.4161686
f 1989/2100/1989 1990/2104/1990 1971/2105/1971
f 1971/2105/1971 1969/2101/1969 1989/2100/1989
vt 0.5098916 0.3419846
f 1992/2106/1992 1913/2050/1913 1979/2103/1979
f 1944/2057/1944 1990/2104/1990 1909/2054/1909
f 1916/2070/1916 1913/2050/1913 1992/2106/1992
f 1993/2071/1993 1916/2070/1916 1992/2106/1992
vt 0.4260265 0.4220678
f 1971/2105/1971 1944/2057/1944 1973/2107/1973
f 1990/2104/1990 1944/2057/1944 1971/2105/1971
vt 0.5041976 0.3394254
f 1981/2108/1981 1992/2106/1992 1979/2103/1979
f 1993/2071/1993 1992/2106/1992 1981/2108/1981
vt 0.5063142 0.3321574
f 1981/2108/1981 1983/2109/1983 1993/2071/1993
vt 0.5109704 0.3192295
vt 0.5137014 0.3204011
vt 0.5088265 0.3250800
f 1975/2110/1975 1991/2111/1991 2033/2112/2033
vt 0.3860288 0.4532465
vt 0.3960858 0.4486559
f 1997/2113/1997 1996/2114/1996 1912/2069/1912
f 1912/2069/1912 1914/2074/1914 1997/2113/1997
vt 0.4213468 0.4298392
f 1944/2057/1944 1994/2115/1994 1973/2107/1973
f 1918/2075/1918 1993/2071/1993 1983/2109/1983
vt 0.3732674 0.4553058
f 1997/2113/1997 1917/2078/1917 2035/2116/2035
f 1920/2079/1920 1918/2075/1918 1983/2109/1983
f 1910/2061/1910 1994/2115/1994 1944/2057/1944
f 1914/2074/1914 1917/2078/1917 1997/2113/1997
f 2033/2112/2033 1920/2079/1920 1983/2109/1983
f 1911/2064/1911 1994/2115/1994 1910/2061/1910
vt 0.3915548 0.4416763
vt 0.3824949 0.4481401
f 1972/2117/1972 1997/2113/1997 1974/2118/1974
vt 0.4136670 0.4369614
f 1995/2119/1995 1994/2115/1994 1911/2064/1911
f 1996/2114/1996 1997/2113/1997 1972/2117/1972
f 1991/2111/1991 1920/2079/1920 2033/2112/2033
vt 0.4188262 0.4255098
f 1973/2107/1973 1994/2115/1994 1976/2120/1976
f 1921/2081/1921 1920/2079/1920 1991/2111/1991
f 1974/2118/1974 1997/2113/1997 2035/2116/2035
vt 0.4096200 0.4304653
f 1994/2115/1994 1995/2119/1995 1977/2121/1977
f 1977/2121/1977 1976/2120/1976 1994/2115/1994
vt 0.5169749 0.3148380
f 1921/2081/1921 1999/2122/1999 1922/2088/1922
f 1915/2067/1915 1995/2119/1995 1911/2064/1911
f 1991/2111/1991 1999/2122/1999 1921/2081/1921
vt 0.4052120 0.4431376
f 1998/2123/1998 1995/2119/1995 1915/2067/1915
vt 0.3636860 0.4632750
f 2035/2116/2035 1289/2080/1289 1561/2124/1561
f 1917/2078/1917 1289/2080/1289 2035/2116/2035
vt 0.5194914 0.3089696
f 1999/2122/1999 2000/2125/2000 1922/2088/1922
f 1912/2069/1912 1998/2123/1998 1915/2067/1915
f 1996/2114/1996 1998/2123/1998 1912/2069/1912
vt 0.5211875 0.3026142
f 2000/2125/2000 2001/2126/2001 1923/2090/1923
vt 0.4005550 0.4358140
f 1995/2119/1995 1998/2123/1998 1978/2127/1978
f 1923/2090/1923 1922/2088/1922 2000/2125/2000
f 1978/2127/1978 1977/2121/1977 1995/2119/1995
vt 0.5211578 0.2983760
f 1923/2090/1923 2001/2126/2001 1984/2128/1984
f 1919/2049/1919 1923/2090/1923 1984/2128/1984
vt 0.5225539 0.2959222
f 1985/2129/1985 1919/2049/1919 1984/2128/1984
f 1978/2127/1978 1996/2114/1996 1972/2117/1972
f 1998/2123/1998 1996/2114/1996 1978/2127/1978
vt 0.5261991 0.2899683
f 1986/2130/1986 1919/2049/1919 1985/2129/1985
f 2002/2047/2002 1919/2049/1919 1986/2130/1986
f 1905/2034/1905 1988/2098/1988 2030/2095/2030
vt 0.5135145 0.3132533
f 1980/2131/1980 1991/2111/1991 1975/2110/1975
f 1999/2122/1999 1991/2111/1991 1980/2131/1980
f 1924/2043/1924 1988/2098/1988 1905/2034/1905
f 2000/2125/2000 1999/2122/1999 1980/2131/1980
vt 0.5162713 0.3074426
f 1980/2131/1980 1982/2132/1982 2000/2125/2000
f 2001/2126/2001 2000/2125/2000 1982/2132/1982
vt 0.4868222 0.3846447
f 1964/2093/1964 2029/2133/2029 1963/2092/1963
vt 0.4804333 0.3844135
vt 0.4760741 0.3872543
f 2003/2134/2003 1965/2094/1965 2059/2135/2059
f 2029/2133/2029 1965/2094/1965 2003/2134/2003
f 1964/2093/1964 1965/2094/1965 2029/2133/2029
vt 0.4657119 0.3921891
vt 0.4531129 0.3961067
f 2008/2136/2008 1966/2099/1966 2061/2137/2061
f 2030/2095/2030 1966/2099/1966 2008/2136/2008
vt 0.4735400 0.3888244
f 1965/2094/1965 2030/2095/2030 2004/2138/2004
f 2059/2135/2059 1965/2094/1965 2004/2138/2004
f 1966/2099/1966 1969/2101/1969 2061/2137/2061
vt 0.4843892 0.3797500
f 1967/2096/1967 2029/2133/2029 2006/2139/2006
vt 0.4432295 0.4022149
f 2012/2140/2012 2061/2137/2061 1969/2101/1969
vt 0.4867232 0.3738410
f 2005/2141/2005 1967/2096/1967 2006/2139/2006
f 1963/2092/1963 2029/2133/2029 1967/2096/1967
vt 0.4307979 0.4035538
f 2012/2140/2012 1971/2105/1971 2013/2142/2013
vt 0.4921112 0.3651803
f 2031/2143/2031 1967/2096/1967 2005/2141/2005
f 1969/2101/1969 1971/2105/1971 2012/2140/2012
vt 0.4885227 0.3662883
f 2007/2144/2007 2031/2143/2031 2005/2141/2005
f 1968/2097/1968 1967/2096/1967 2031/2143/2031
vt 0.4268047 0.4180717
vt 0.4262712 0.4102090
f 1971/2105/1971 2032/2145/2032 2014/2146/2014
f 2013/2142/2013 1971/2105/1971 2014/2146/2014
f 1973/2107/1973 2032/2145/2032 1971/2105/1971
vt 0.3760380 0.4385393
f 1972/2117/1972 1974/2118/1974 2020/2147/2020
vt 0.3855218 0.4322035
f 2020/2147/2020 2019/2148/2019 1972/2117/1972
f 2006/2139/2006 2029/2133/2029 2003/2134/2003
vt 0.3663292 0.4455063
f 1974/2118/1974 2035/2116/2035 2022/2149/2022
vt 0.5022504 0.3228077
vt 0.4996219 0.3290798
f 2017/2150/2017 2033/2112/2033 2015/2151/2015
f 2020/2147/2020 1974/2118/1974 2022/2149/2022
f 2004/2138/2004 2030/2095/2030 2008/2136/2008
f 1975/2110/1975 2033/2112/2033 2017/2150/2017
vt 0.5048283 0.3165146
f 2018/2152/2018 1975/2110/1975 2017/2150/2017
vt 0.4917558 0.3535334
f 1970/2102/1970 2031/2143/2031 2009/2153/2009
f 1968/2097/1968 2031/2143/2031 1970/2102/1970
vt 0.3542618 0.4497438
f 2035/2116/2035 1561/2124/1561 1631/2154/1631
vt 0.4933250 0.3482985
f 2010/2155/2010 1970/2102/1970 2009/2153/2009
vt 0.4136627 0.4162539
f 1973/2107/1973 1976/2120/1976 2021/2156/2021
f 1979/2103/1979 1970/2102/1970 2010/2155/2010
f 2032/2145/2032 1973/2107/1973 2021/2156/2021
f 2014/2146/2014 2032/2145/2032 2021/2156/2021
vt 0.4945253 0.3445822
f 2011/2157/2011 1979/2103/1979 2010/2155/2010
f 2022/2149/2022 2035/2116/2035 1631/2154/1631
vt 0.4042274 0.4211680
f 2021/2156/2021 1977/2121/1977 2023/2158/2023
f 1976/2120/1976 1977/2121/1977 2021/2156/2021
vt 0.3948683 0.4264523
f 2023/2158/2023 1978/2127/1978 2024/2159/2024
f 1981/2108/1981 1979/2103/1979 2011/2157/2011
f 1977/2121/1977 1978/2127/1978 2023/2158/2023
vt 0.4971187 0.3365271
f 2016/2160/2016 1981/2108/1981 2011/2157/2011
f 1978/2127/1978 1972/2117/1972 2019/2148/2019
f 2019/2148/2019 2024/2159/2024 1978/2127/1978
f 1983/2109/1983 1981/2108/1981 2016/2160/2016
f 2016/2160/2016 2015/2151/2015 1983/2109/1983
f 1980/2131/1980 1975/2110/1975 2018/2152/2018
vt 0.5075015 0.3104727
f 2018/2152/2018 2025/2161/2025 1980/2131/1980
f 2033/2112/2033 1983/2109/1983 2015/2151/2015
f 1982/2132/1982 1980/2131/1980 2025/2161/2025
vt 0.5103172 0.3045819
f 2025/2161/2025 2026/2162/2026 1982/2132/1982
vt 0.5133299 0.2987470
f 2027/2163/2027 1982/2132/1982 2026/2162/2026
f 2001/2126/2001 1982/2132/1982 2027/2163/2027
f 1984/2128/1984 2001/2126/2001 2027/2163/2027
vt 0.5198321 0.2944952
f 2034/2164/2034 1984/2128/1984 2027/2163/2027
vt 0.5175211 0.2911289
f 2028/2165/2028 2034/2164/2034 2027/2163/2027
f 1984/2128/1984 2034/2164/2034 1985/2129/1985
f 1986/2130/1986 2034/2164/2034 2028/2165/2028
f 1985/2129/1985 2034/2164/2034 1986/2130/1986
vt 0.4837425 0.3729138
f 2006/2139/2006 2060/2166/2060 2005/2141/2005
f 2005/2141/2005 2060/2166/2060 2007/2144/2007
vt 0.4082850 0.4067469
f 2014/2146/2014 2021/2156/2021 2043/2167/2043
vt 0.4178624 0.4021862
f 2043/2167/2043 2042/2168/2042 2014/2146/2014
vt 0.3988018 0.4115196
f 2043/2167/2043 2023/2158/2023 2045/2169/2045
vt 0.4683559 0.3746175
f 2003/2134/2003 2059/2135/2059 2037/2170/2037
f 2021/2156/2021 2023/2158/2023 2043/2167/2043
vt 0.4726865 0.3698670
f 2036/2171/2036 2003/2134/2003 2037/2170/2037
vt 0.3698452 0.4282328
f 2019/2148/2019 2020/2147/2020 2047/2172/2047
f 2006/2139/2006 2003/2134/2003 2036/2171/2036
vt 0.3796583 0.4221722
f 2047/2172/2047 2046/2173/2046 2019/2148/2019
f 2060/2166/2060 2006/2139/2006 2036/2171/2036
vt 0.3858714 0.4108858
f 2045/2169/2045 2024/2159/2024 2073/2174/2073
f 2023/2158/2023 2024/2159/2024 2045/2169/2045
vt 0.3597992 0.4349466
f 2020/2147/2020 2022/2149/2022 2048/2175/2048
f 2024/2159/2024 2019/2148/2019 2046/2173/2046
f 2048/2175/2048 2047/2172/2047 2020/2147/2020
vt 0.4790305 0.3595549
f 2038/2176/2038 2060/2166/2060 2036/2171/2036
f 2046/2173/2046 2073/2174/2073 2024/2159/2024
f 2007/2144/2007 2060/2166/2060 2038/2176/2038
f 2031/2143/2031 2007/2144/2007 2038/2176/2038
vt 0.4584973 0.3819526
f 2037/2170/2037 2008/2136/2008 2039/2177/2039
f 2004/2138/2004 2008/2136/2008 2037/2170/2037
f 2059/2135/2059 2004/2138/2004 2037/2170/2037
f 2009/2153/2009 2031/2143/2031 2038/2176/2038
vt 0.4824813 0.3489622
f 2038/2176/2038 2040/2178/2040 2009/2153/2009
f 2022/2149/2022 1631/2154/1631 2048/2175/2048
f 2010/2155/2010 2009/2153/2009 2040/2178/2040
vt 0.4871712 0.3407055
f 2041/2179/2041 2010/2155/2010 2040/2178/2040
f 2011/2157/2011 2010/2155/2010 2041/2179/2041
f 2016/2160/2016 2011/2157/2011 2041/2179/2041
vt 0.4900762 0.3329476
f 2041/2179/2041 2044/2180/2044 2016/2160/2016
vt 0.4533631 0.3849380
f 2008/2136/2008 2061/2137/2061 2049/2181/2049
f 2039/2177/2039 2008/2136/2008 2049/2181/2049
f 2015/2151/2015 2016/2160/2016 2044/2180/2044
vt 0.4372501 0.3930318
f 2049/2181/2049 2012/2140/2012 2050/2182/2050
f 2061/2137/2061 2012/2140/2012 2049/2181/2049
vt 0.4312531 0.3961797
f 2012/2140/2012 2013/2142/2013 2051/2183/2051
f 2050/2182/2050 2012/2140/2012 2051/2183/2051
vt 0.5070952 0.2958413
vt 0.5041555 0.3016613
f 2052/2184/2052 2026/2162/2026 2053/2185/2053
f 2027/2163/2027 2026/2162/2026 2052/2184/2052
vt 0.5102143 0.2899684
f 2054/2186/2054 2027/2163/2027 2052/2184/2052
f 2028/2165/2028 2027/2163/2027 2054/2186/2054
f 2013/2142/2013 2014/2146/2014 2042/2168/2042
f 2051/2183/2051 2013/2142/2013 2042/2168/2042
vt 0.4930991 0.3261915
f 2055/2187/2055 2015/2151/2015 2044/2180/2044
f 2017/2150/2017 2015/2151/2015 2055/2187/2055
vt 0.4958229 0.3196692
f 2058/2188/2058 2017/2150/2017 2055/2187/2055
vt 0.4985552 0.3134964
f 2025/2161/2025 2018/2152/2018 2057/2189/2057
vt 0.5013278 0.3075257
f 2057/2189/2057 2056/2190/2056 2025/2161/2025
f 2026/2162/2026 2025/2161/2025 2056/2190/2056
f 2056/2190/2056 2053/2185/2053 2026/2162/2026
f 2018/2152/2018 2017/2150/2017 2058/2188/2058
f 2058/2188/2058 2057/2189/2057 2018/2152/2018
vt 0.4597623 0.3659582
f 2036/2171/2036 2037/2170/2037 2063/2191/2063
vt 0.4637094 0.3617294
f 2063/2191/2063 2062/2192/2062 2036/2171/2036
vt 0.4127950 0.3929044
vt 0.4025805 0.3969596
f 2069/2193/2069 2043/2167/2043 2116/2194/2116
f 2038/2176/2038 2036/2171/2036 2062/2192/2062
f 2042/2168/2042 2043/2167/2043 2069/2193/2069
vt 0.4702995 0.3540049
f 2062/2192/2062 2064/2195/2064 2038/2176/2038
vt 0.3639758 0.4164978
f 2046/2173/2046 2047/2172/2047 2067/2196/2067
vt 0.3748461 0.4137698
f 2084/2197/2084 2046/2173/2046 2067/2196/2067
vt 0.4518437 0.3731384
f 2063/2191/2063 2039/2177/2039 2065/2198/2065
f 2037/2170/2037 2039/2177/2039 2063/2191/2063
vt 0.3949362 0.4037066
f 2043/2167/2043 2072/2199/2072 2116/2194/2116
f 2045/2169/2045 2072/2199/2072 2043/2167/2043
vt 0.3535589 0.4240747
f 2047/2172/2047 2048/2175/2048 2071/2200/2071
vt 0.4752789 0.3467380
f 2066/2201/2066 2038/2176/2038 2064/2195/2064
f 2071/2200/2071 2067/2196/2067 2047/2172/2047
f 2040/2178/2040 2038/2176/2038 2066/2201/2066
f 2073/2174/2073 2072/2199/2072 2045/2169/2045
vt 0.3426571 0.4313536
f 2048/2175/2048 1631/2154/1631 1660/2202/1660
f 1660/2202/1660 2071/2200/2071 2048/2175/2048
vt 0.4762877 0.3450075
f 2068/2203/2068 2040/2178/2040 2066/2201/2066
f 2041/2179/2041 2040/2178/2040 2068/2203/2068
vt 0.4804294 0.3366336
f 2070/2204/2070 2041/2179/2041 2068/2203/2068
f 2084/2197/2084 2073/2174/2073 2046/2173/2046
vt 0.4827470 0.3324473
f 2081/2205/2081 2041/2179/2041 2070/2204/2070
f 2044/2180/2044 2041/2179/2041 2081/2205/2081
vt 0.4500950 0.3744105
f 2039/2177/2039 2049/2181/2049 2074/2206/2074
f 2074/2206/2074 2065/2198/2065 2039/2177/2039
vt 0.4417372 0.3793470
f 2075/2207/2075 2074/2206/2074 2049/2181/2049
vt 0.4332478 0.3867744
vt 0.4330789 0.3838025
f 2075/2207/2075 2085/2208/2085 2076/2209/2076
f 2049/2181/2049 2085/2208/2085 2075/2207/2075
f 2050/2182/2050 2085/2208/2085 2049/2181/2049
vt 0.5010216 0.2929994
vt 0.4979537 0.2987626
f 2078/2210/2078 2053/2185/2053 2079/2211/2079
f 2051/2183/2051 2085/2208/2085 2050/2182/2050
f 2052/2184/2052 2053/2185/2053 2078/2210/2078
vt 0.5040246 0.2871875
f 2080/2212/2080 2052/2184/2052 2078/2210/2078
f 2054/2186/2054 2052/2184/2052 2080/2212/2080
vt 0.4224749 0.3886659
f 2085/2208/2085 2051/2183/2051 2077/2213/2077
f 2076/2209/2076 2085/2208/2085 2077/2213/2077
f 2077/2213/2077 2042/2168/2042 2069/2193/2069
f 2051/2183/2051 2042/2168/2042 2077/2213/2077
vt 0.4919936 0.3101608
f 2056/2190/2056 2057/2189/2057 2114/2214/2114
vt 0.4951937 0.3044063
f 2114/2214/2114 2115/2215/2115 2056/2190/2056
f 2053/2185/2053 2056/2190/2056 2115/2215/2115
f 2115/2215/2115 2079/2211/2079 2053/2185/2053
f 2055/2187/2055 2044/2180/2044 2081/2205/2081
vt 0.4867449 0.3228200
f 2082/2216/2082 2055/2187/2055 2081/2205/2081
f 2058/2188/2058 2055/2187/2055 2082/2216/2082
vt 0.4895957 0.3164580
f 2082/2216/2082 2083/2217/2083 2058/2188/2058
f 2057/2189/2057 2058/2188/2058 2083/2217/2083
f 2083/2217/2083 2114/2214/2114 2057/2189/2057
vt 0.4525065 0.3596865
f 2062/2192/2062 2063/2191/2063 2088/2218/2088
vt 0.4576284 0.3544784
f 2086/2219/2086 2062/2192/2062 2088/2218/2088
vt 0.4590898 0.3542512
f 2112/2220/2112 2062/2192/2062 2086/2219/2086
vt 0.4624539 0.3500328
f 2064/2195/2064 2112/2220/2112 2087/2221/2087
vt 0.4637706 0.3488603
f 2089/2222/2089 2064/2195/2064 2087/2221/2087
f 2062/2192/2062 2112/2220/2112 2064/2195/2064
vt 0.4465400 0.3656846
f 2063/2191/2063 2065/2198/2065 2090/2223/2090
f 2090/2223/2090 2088/2218/2088 2063/2191/2063
vt 0.3889824 0.3920135
vt 0.3710445 0.4002658
f 2091/2224/2091 2073/2174/2073 2093/2225/2093
f 2072/2199/2072 2073/2174/2073 2091/2224/2091
vt 0.4686767 0.3428053
f 2092/2226/2092 2064/2195/2064 2089/2222/2089
f 2066/2201/2066 2064/2195/2064 2092/2226/2092
f 2073/2174/2073 2084/2197/2084 2093/2225/2093
f 2068/2203/2068 2066/2201/2066 2092/2226/2092
vt 0.4701011 0.3405730
f 2092/2226/2092 2094/2227/2094 2068/2203/2068
f 2070/2204/2070 2068/2203/2068 2094/2227/2094
vt 0.4741829 0.3328712
f 2094/2227/2094 2096/2228/2096 2070/2204/2070
f 2081/2205/2081 2070/2204/2070 2096/2228/2096
vt 0.3566576 0.4085674
f 2093/2225/2093 2067/2196/2067 2095/2229/2095
f 2084/2197/2084 2067/2196/2067 2093/2225/2093
vt 0.3475796 0.4131670
f 2095/2229/2095 2071/2200/2071 2097/2230/2097
f 2067/2196/2067 2071/2200/2071 2095/2229/2095
vt 0.4444276 0.3672300
f 2065/2198/2065 2074/2206/2074 2099/2231/2099
f 2099/2231/2099 2090/2223/2090 2065/2198/2065
vt 0.3363189 0.4199639
f 2071/2200/2071 1660/2202/1660 2098/2232/2098
f 2098/2232/2098 2097/2230/2097 2071/2200/2071
vt 0.4366763 0.3715986
f 2099/2231/2099 2075/2207/2075 2101/2233/2101
f 2074/2206/2074 2075/2207/2075 2099/2231/2099
vt 0.3196309 0.4306760
f 1691/2234/1691 2098/2232/2098 1660/2202/1660
vt 0.4312832 0.3744571
f 2075/2207/2075 2076/2209/2076 2103/2235/2103
f 2103/2235/2103 2101/2233/2101 2075/2207/2075
vt 0.4181514 0.3798375
f 2103/2235/2103 2077/2213/2077 2105/2236/2105
f 2076/2209/2076 2077/2213/2077 2103/2235/2103
vt 0.4084324 0.3837193
f 2105/2236/2105 2069/2193/2069 2106/2237/2106
f 2077/2213/2077 2069/2193/2069 2105/2236/2105
vt 0.4775358 0.3262267
f 2108/2238/2108 2081/2205/2081 2096/2228/2096
f 2082/2216/2082 2081/2205/2081 2108/2238/2108
vt 0.4806601 0.3196037
f 2108/2238/2108 2109/2239/2109 2082/2216/2082
vt 0.4837590 0.3136817
f 2113/2240/2113 2082/2216/2082 2109/2239/2109
f 2083/2217/2083 2082/2216/2082 2113/2240/2113
f 2113/2240/2113 2114/2214/2114 2083/2217/2083
vt 0.4865335 0.3074663
f 2114/2214/2114 2113/2240/2113 2102/2241/2102
vt 0.4894355 0.3016751
f 2100/2242/2100 2114/2214/2114 2102/2241/2102
f 2115/2215/2115 2114/2214/2114 2100/2242/2100
f 2079/2211/2079 2115/2215/2115 2100/2242/2100
vt 0.4923281 0.2959201
f 2100/2242/2100 2104/2243/2104 2079/2211/2079
vt 0.4050915 0.3850794
f 2069/2193/2069 2116/2194/2116 2110/2244/2110
vt 0.4958053 0.2899625
f 2079/2211/2079 2107/2245/2107 2078/2210/2078
f 2078/2210/2078 2107/2245/2107 2080/2212/2080
f 2107/2245/2107 2079/2211/2079 2104/2243/2104
f 2106/2237/2106 2069/2193/2069 2110/2244/2110
vt 0.3987240 0.3877332
f 2110/2244/2110 2116/2194/2116 2111/2246/2111
f 2116/2194/2116 2072/2199/2072 2091/2224/2091
f 2111/2246/2111 2116/2194/2116 2091/2224/2091
vt 0.4550207 0.3490130
vt 0.4518501 0.3518487
f 2119/2247/2119 2086/2219/2086 2120/2248/2120
f 2112/2220/2112 2086/2219/2086 2119/2247/2119
f 2087/2221/2087 2112/2220/2112 2119/2247/2119
vt 0.4589225 0.3452168
f 2144/2249/2144 2087/2221/2087 2119/2247/2119
vt 0.3846252 0.3818556
f 2091/2224/2091 2093/2225/2093 2124/2250/2124
vt 0.4483823 0.3554045
vt 0.4510042 0.3526171
f 2088/2218/2088 2118/2251/2118 2117/2252/2117
f 2086/2219/2086 2088/2218/2088 2117/2252/2117
vt 0.4400813 0.3608029
f 2090/2223/2090 2099/2231/2099 2127/2253/2127
f 2120/2248/2120 2086/2219/2086 2117/2252/2117
vt 0.4424475 0.3594784
f 2127/2253/2127 2121/2254/2121 2090/2223/2090
vt 0.3636695 0.3911092
f 2125/2255/2125 2124/2250/2124 2093/2225/2093
f 2087/2221/2087 2144/2249/2144 2089/2222/2089
vt 0.4328939 0.3641493
f 2127/2253/2127 2101/2233/2101 2129/2256/2129
f 2088/2218/2088 2090/2223/2090 2121/2254/2121
f 2099/2231/2099 2101/2233/2101 2127/2253/2127
f 2118/2251/2118 2088/2218/2088 2121/2254/2121
vt 0.4287907 0.3657539
f 2101/2233/2101 2103/2235/2103 2131/2257/2131
vt 0.3528939 0.3963667
f 2093/2225/2093 2095/2229/2095 2126/2258/2126
f 2131/2257/2131 2129/2256/2129 2101/2233/2101
f 2126/2258/2126 2125/2255/2125 2093/2225/2093
vt 0.4633167 0.3386468
f 2092/2226/2092 2144/2249/2144 2122/2259/2122
vt 0.3416063 0.4031519
f 2097/2230/2097 2128/2260/2128 2095/2229/2095
f 2089/2222/2089 2144/2249/2144 2092/2226/2092
f 2094/2227/2094 2092/2226/2092 2122/2259/2122
vt 0.4237999 0.3675959
f 2133/2261/2133 2131/2257/2131 2103/2235/2103
vt 0.4641778 0.3372776
f 2122/2259/2122 2123/2262/2123 2094/2227/2094
f 2095/2229/2095 2128/2260/2128 2126/2258/2126
vt 0.4143687 0.3709201
f 2133/2261/2133 2105/2236/2105 2134/2263/2134
vt 0.4725251 0.3319858
f 2145/2264/2145 2094/2227/2094 2123/2262/2123
f 2103/2235/2103 2105/2236/2105 2133/2261/2133
vt 0.4674928 0.3294755
f 2132/2265/2132 2145/2264/2145 2123/2262/2123
vt 0.3301851 0.4086227
f 2128/2260/2128 2098/2232/2098 2130/2266/2130
f 2096/2228/2096 2094/2227/2094 2145/2264/2145
vt 0.4042014 0.3744937
f 2134/2263/2134 2106/2237/2106 2139/2267/2139
f 2097/2230/2097 2098/2232/2098 2128/2260/2128
f 2105/2236/2105 2106/2237/2106 2134/2263/2134
vt 0.3178734 0.4159218
f 2098/2232/2098 1691/2234/1691 1724/2268/1724
f 1724/2268/1724 2130/2266/2130 2098/2232/2098
vt 0.4715052 0.3229454
f 2135/2269/2135 2145/2264/2145 2132/2265/2132
f 2108/2238/2108 2145/2264/2145 2135/2269/2135
f 2096/2228/2096 2145/2264/2145 2108/2238/2108
f 2109/2239/2109 2108/2238/2108 2135/2269/2135
vt 0.4747019 0.3164582
f 2135/2269/2135 2136/2270/2136 2109/2239/2109
vt 0.4762446 0.3133780
f 2137/2271/2137 2109/2239/2109 2136/2270/2136
f 2113/2240/2113 2109/2239/2109 2137/2271/2137
vt 0.4777580 0.3103755
f 2138/2272/2138 2113/2240/2113 2137/2271/2137
f 2102/2241/2102 2113/2240/2113 2138/2272/2138
vt 0.4807722 0.3044792
f 2138/2272/2138 2140/2273/2140 2102/2241/2102
f 2106/2237/2106 2110/2244/2110 2139/2267/2139
vt 0.3946780 0.3780397
f 2110/2244/2110 2111/2246/2111 2141/2274/2141
f 2141/2274/2141 2139/2267/2139 2110/2244/2110
f 2111/2246/2111 2091/2224/2091 2124/2250/2124
f 2124/2250/2124 2141/2274/2141 2111/2246/2111
f 2100/2242/2100 2102/2241/2102 2140/2273/2140
f 2104/2243/2104 2100/2242/2100 2140/2273/2140
vt 0.4866096 0.2930470
f 2140/2273/2140 2142/2275/2142 2104/2243/2104
f 2107/2245/2107 2104/2243/2104 2142/2275/2142
vt 0.4894971 0.2873573
f 2142/2275/2142 2143/2276/2143 2107/2245/2107
vt 0.4499409 0.3502661
vt 0.4455944 0.3512171
f 2169/2277/2169 2118/2251/2118 2147/2278/2147
vt 0.4489607 0.3490591
f 2146/2279/2146 2169/2277/2169 2147/2278/2147
f 2117/2252/2117 2118/2251/2118 2169/2277/2169
vt 0.4445323 0.3517584
f 2147/2278/2147 2118/2251/2118 2148/2280/2148
vt 0.3589683 0.3803209
vt 0.3805979 0.3715184
f 2152/2281/2152 2150/2282/2150 2124/2250/2124
f 2124/2250/2124 2125/2255/2125 2152/2281/2152
vt 0.4518468 0.3460764
f 2149/2283/2149 2169/2277/2169 2146/2279/2146
f 2120/2248/2120 2169/2277/2169 2149/2283/2149
f 2119/2247/2119 2120/2248/2120 2149/2283/2149
vt 0.4545603 0.3421038
f 2151/2284/2151 2119/2247/2119 2149/2283/2149
f 2144/2249/2144 2119/2247/2119 2151/2284/2151
vt 0.3474321 0.3852884
f 2152/2281/2152 2126/2258/2126 2157/2285/2157
f 2125/2255/2125 2126/2258/2126 2152/2281/2152
f 2117/2252/2117 2169/2277/2169 2120/2248/2120
vt 0.4399302 0.3535767
f 2148/2280/2148 2121/2254/2121 2153/2286/2153
f 2118/2251/2118 2121/2254/2121 2148/2280/2148
vt 0.3361540 0.3915334
vt 0.3359406 0.3909039
f 2157/2285/2157 2171/2287/2171 2158/2288/2158
f 2126/2258/2126 2171/2287/2171 2157/2285/2157
f 2128/2260/2128 2171/2287/2171 2126/2258/2126
vt 0.4599097 0.3358822
f 2170/2289/2170 2144/2249/2144 2151/2284/2151
vt 0.4580742 0.3344711
f 2154/2290/2154 2170/2289/2170 2151/2284/2151
f 2122/2259/2122 2144/2249/2144 2170/2289/2170
vt 0.3237889 0.3972726
f 2128/2260/2128 2130/2266/2130 2160/2291/2160
f 2171/2287/2171 2128/2260/2128 2160/2291/2160
f 2158/2288/2158 2171/2287/2171 2160/2291/2160
f 2122/2259/2122 2170/2289/2170 2123/2262/2123
vt 0.3106824 0.4045537
f 2160/2291/2160 1724/2268/1724 1755/2292/1755
vt 0.4618087 0.3272066
f 2155/2293/2155 2170/2289/2170 2154/2290/2154
f 2130/2266/2130 1724/2268/1724 2160/2291/2160
f 2132/2265/2132 2170/2289/2170 2155/2293/2155
f 2123/2262/2123 2170/2289/2170 2132/2265/2132
vt 0.4626763 0.3254052
f 2156/2294/2156 2132/2265/2132 2155/2293/2155
vt 0.4366208 0.3546580
f 2153/2286/2153 2127/2253/2127 2159/2295/2159
f 2121/2254/2121 2127/2253/2127 2153/2286/2153
vt 0.4309722 0.3563994
f 2127/2253/2127 2129/2256/2129 2161/2296/2161
f 2161/2296/2161 2159/2295/2159 2127/2253/2127
vt 0.4239138 0.3581344
f 2161/2296/2161 2131/2257/2131 2162/2297/2162
f 2129/2256/2129 2131/2257/2131 2161/2296/2161
f 2131/2257/2131 2133/2261/2133 2162/2297/2162
vt 0.4115198 0.3617237
f 2133/2261/2133 2134/2263/2134 2163/2298/2163
f 2163/2298/2163 2162/2297/2162 2133/2261/2133
vt 0.4014470 0.3646987
f 2134/2263/2134 2139/2267/2139 2164/2299/2164
f 2164/2299/2164 2163/2298/2163 2134/2263/2134
f 2135/2269/2135 2132/2265/2132 2156/2294/2156
vt 0.4750664 0.3017910
f 2142/2275/2142 2140/2273/2140 2199/2300/2199
vt 0.4652733 0.3201104
f 2165/2301/2165 2135/2269/2135 2156/2294/2156
vt 0.4833243 0.2844085
f 2199/2300/2199 2200/2302/2200 2142/2275/2142
vt 0.4686273 0.3135083
f 2166/2303/2166 2135/2269/2135 2165/2301/2165
f 2136/2270/2136 2135/2269/2135 2166/2303/2166
f 2143/2276/2143 2142/2275/2142 2200/2302/2200
f 2137/2271/2137 2136/2270/2136 2166/2303/2166
vt 0.4720448 0.3075130
f 2172/2304/2172 2137/2271/2137 2166/2303/2166
f 2137/2271/2137 2172/2304/2172 2138/2272/2138
vt 0.4720683 0.3068768
f 2138/2272/2138 2172/2304/2172 2167/2305/2167
f 2140/2273/2140 2138/2272/2138 2167/2305/2167
f 2199/2300/2199 2140/2273/2140 2167/2305/2167
vt 0.3923837 0.3682998
f 2164/2299/2164 2139/2267/2139 2168/2306/2168
f 2139/2267/2139 2141/2274/2141 2168/2306/2168
f 2141/2274/2141 2124/2250/2124 2150/2282/2150
f 2150/2282/2150 2168/2306/2168 2141/2274/2141
vt 0.3655476 0.3643950
f 2150/2282/2150 2152/2281/2152 2175/2307/2175
vt 0.3769830 0.3605470
f 2175/2307/2175 2173/2308/2173 2150/2282/2150
vt 0.3539054 0.3686609
f 2177/2309/2177 2175/2307/2175 2152/2281/2152
vt 0.4469362 0.3465508
vt 0.4439696 0.3474870
f 2197/2310/2197 2147/2278/2147 2222/2311/2222
f 2146/2279/2146 2147/2278/2147 2197/2310/2197
vt 0.4439295 0.3476310
f 2147/2278/2147 2148/2280/2148 2174/2312/2174
f 2174/2312/2174 2222/2311/2222 2147/2278/2147
vt 0.3409140 0.3739564
f 2152/2281/2152 2157/2285/2157 2181/2313/2181
f 2181/2313/2181 2177/2309/2177 2152/2281/2152
vt 0.4489679 0.3439826
f 2149/2283/2149 2197/2310/2197 2176/2314/2176
f 2146/2279/2146 2197/2310/2197 2149/2283/2149
vt 0.3295918 0.3791454
f 2183/2315/2183 2181/2313/2181 2158/2288/2158
vt 0.4513414 0.3404816
f 2198/2316/2198 2149/2283/2149 2176/2314/2176
vt 0.3015290 0.3937351
vt 0.3164836 0.3856557
f 1775/2317/1775 2185/2318/2185 1755/2292/1755
f 2157/2285/2157 2158/2288/2158 2181/2313/2181
vt 0.4500894 0.3404514
f 2178/2319/2178 2198/2316/2198 2176/2314/2176
f 2151/2284/2151 2149/2283/2149 2198/2316/2198
f 2183/2315/2183 2160/2291/2160 2185/2318/2185
f 2158/2288/2158 2160/2291/2160 2183/2315/2183
f 2160/2291/2160 1755/2292/1755 2185/2318/2185
vt 0.4501371 0.3397965
f 2179/2320/2179 2198/2316/2198 2178/2319/2178
vt 0.4381696 0.3478262
vt 0.4356644 0.3480978
f 2180/2321/2180 2159/2295/2159 2186/2322/2186
f 2148/2280/2148 2153/2286/2153 2180/2321/2180
f 2153/2286/2153 2159/2295/2159 2180/2321/2180
f 2180/2321/2180 2174/2312/2174 2148/2280/2148
vt 0.4519194 0.3333670
f 2182/2323/2182 2198/2316/2198 2179/2320/2179
f 2154/2290/2154 2198/2316/2198 2182/2323/2182
f 2151/2284/2151 2198/2316/2198 2154/2290/2154
vt 0.4299111 0.3485626
f 2159/2295/2159 2161/2296/2161 2187/2324/2187
f 2187/2324/2187 2186/2322/2186 2159/2295/2159
vt 0.4549055 0.3251961
f 2184/2325/2184 2154/2290/2154 2182/2323/2182
vt 0.4201055 0.3500201
f 2187/2324/2187 2162/2297/2162 2188/2326/2188
f 2155/2293/2155 2154/2290/2154 2184/2325/2184
f 2161/2296/2161 2162/2297/2162 2187/2324/2187
f 2156/2294/2156 2155/2293/2155 2184/2325/2184
vt 0.4576877 0.3191512
f 2184/2325/2184 2191/2327/2191 2156/2294/2156
vt 0.4097410 0.3519579
f 2162/2297/2162 2163/2298/2163 2189/2328/2189
f 2189/2328/2189 2188/2326/2188 2162/2297/2162
vt 0.3989739 0.3544065
f 2163/2298/2163 2164/2299/2164 2190/2329/2190
f 2190/2329/2190 2189/2328/2189 2163/2298/2163
f 2165/2301/2165 2156/2294/2156 2191/2327/2191
vt 0.4620607 0.3105917
f 2192/2330/2192 2165/2301/2165 2191/2327/2191
f 2166/2303/2166 2165/2301/2165 2192/2330/2192
vt 0.4655920 0.3042435
f 2193/2331/2193 2166/2303/2166 2192/2330/2192
f 2172/2304/2172 2166/2303/2166 2193/2331/2193
vt 0.4689855 0.2983256
vt 0.4722195 0.2927504
f 2194/2332/2194 2196/2333/2196 2199/2300/2199
f 2200/2302/2200 2199/2300/2199 2196/2333/2196
f 2167/2305/2167 2172/2304/2172 2193/2331/2193
f 2199/2300/2199 2167/2305/2167 2193/2331/2193
f 2194/2332/2194 2199/2300/2199 2193/2331/2193
vt 0.3888832 0.3570334
f 2190/2329/2190 2168/2306/2168 2195/2334/2195
f 2164/2299/2164 2168/2306/2168 2190/2329/2190
f 2168/2306/2168 2150/2282/2150 2173/2308/2173
f 2173/2308/2173 2195/2334/2195 2168/2306/2168
vt 0.4463428 0.3428039
f 2197/2310/2197 2223/2335/2223 2176/2314/2176
f 2176/2314/2176 2223/2335/2223 2178/2319/2178
vt 0.3494289 0.3565316
f 2175/2307/2175 2177/2309/2177 2206/2336/2206
vt 0.3616371 0.3525844
f 2206/2336/2206 2205/2337/2205 2175/2307/2175
f 2222/2311/2222 2223/2335/2223 2197/2310/2197
vt 0.4426923 0.3421490
f 2224/2338/2224 2223/2335/2223 2222/2311/2222
vt 0.3348267 0.3619748
f 2177/2309/2177 2181/2313/2181 2207/2339/2207
f 2207/2339/2207 2206/2336/2206 2177/2309/2177
vt 0.4438578 0.3370345
f 2178/2319/2178 2225/2340/2225 2179/2320/2179
f 2223/2335/2223 2225/2340/2225 2178/2319/2178
f 2224/2338/2224 2225/2340/2225 2223/2335/2223
vt 0.3238850 0.3665804
f 2207/2339/2207 2183/2315/2183 2208/2341/2208
f 2181/2313/2181 2183/2315/2183 2207/2339/2207
f 2180/2321/2180 2222/2311/2222 2174/2312/2174
vt 0.4376127 0.3448235
f 2226/2342/2226 2222/2311/2222 2180/2321/2180
f 2224/2338/2224 2222/2311/2222 2226/2342/2226
vt 0.3105029 0.3728696
f 2183/2315/2183 2185/2318/2185 2210/2343/2210
f 2210/2343/2210 2208/2341/2208 2183/2315/2183
vt 0.2967857 0.3801013
vt 0.2913111 0.3831245
f 2209/2344/2209 1775/2317/1775 1793/2345/1793
vt 0.4366899 0.3395832
f 2224/2338/2224 2226/2342/2226 2202/2346/2202
f 2185/2318/2185 1775/2317/1775 2209/2344/2209
vt 0.4430833 0.3367945
f 2201/2347/2201 2224/2338/2224 2202/2346/2202
f 2209/2344/2209 2210/2343/2210 2185/2318/2185
f 2225/2340/2225 2224/2338/2224 2201/2347/2201
vt 0.4218219 0.3406177
vt 0.4076779 0.3420143
f 2211/2348/2211 2189/2328/2189 2212/2349/2212
f 2188/2326/2188 2189/2328/2189 2211/2348/2211
vt 0.4486154 0.3317458
f 2179/2320/2179 2227/2350/2227 2182/2323/2182
f 2225/2340/2225 2227/2350/2227 2179/2320/2179
vt 0.3965979 0.3438151
f 2212/2349/2212 2190/2329/2190 2213/2351/2213
f 2189/2328/2189 2190/2329/2190 2212/2349/2212
vt 0.4450659 0.3297695
f 2203/2352/2203 2225/2340/2225 2201/2347/2201
f 2227/2350/2227 2225/2340/2225 2203/2352/2203
vt 0.4481354 0.3217411
f 2204/2353/2204 2227/2350/2227 2203/2352/2203
f 2184/2325/2184 2227/2350/2227 2204/2353/2204
f 2182/2323/2182 2227/2350/2227 2184/2325/2184
vt 0.4556278 0.3071104
vt 0.4503649 0.3169615
f 2215/2354/2215 2191/2327/2191 2214/2355/2214
f 2214/2355/2214 2184/2325/2184 2204/2353/2204
f 2192/2330/2192 2191/2327/2191 2215/2354/2215
f 2191/2327/2191 2184/2325/2184 2214/2355/2214
vt 0.4595085 0.3006756
f 2216/2356/2216 2192/2330/2192 2215/2354/2215
f 2193/2331/2193 2192/2330/2192 2216/2356/2216
vt 0.4632918 0.2948062
f 2217/2357/2217 2193/2331/2193 2216/2356/2216
f 2194/2332/2194 2193/2331/2193 2217/2357/2217
vt 0.3874648 0.3457025
f 2190/2329/2190 2195/2334/2195 2219/2358/2219
f 2219/2358/2219 2213/2351/2213 2190/2329/2190
vt 0.3736426 0.3490796
f 2195/2334/2195 2173/2308/2173 2220/2359/2220
f 2220/2359/2220 2219/2358/2219 2195/2334/2195
f 2173/2308/2173 2175/2307/2175 2205/2337/2205
f 2205/2337/2205 2220/2359/2220 2173/2308/2173
f 2186/2322/2186 2226/2342/2226 2180/2321/2180
vt 0.4281783 0.3399000
f 2226/2342/2226 2187/2324/2187 2218/2360/2218
f 2202/2346/2202 2226/2342/2226 2218/2360/2218
f 2186/2322/2186 2187/2324/2187 2226/2342/2226
f 2187/2324/2187 2188/2326/2188 2211/2348/2211
f 2211/2348/2211 2218/2360/2218 2187/2324/2187
f 2196/2333/2196 2194/2332/2194 2217/2357/2217
vt 0.4669409 0.2893811
f 2217/2357/2217 2221/2361/2221 2196/2333/2196
vt 0.4361134 0.3347289
f 2202/2346/2202 2242/2362/2242 2201/2347/2201
vt 0.4362721 0.3243876
f 2242/2362/2242 2243/2363/2243 2203/2352/2203
f 2203/2352/2203 2201/2347/2201 2242/2362/2242
vt 0.4433676 0.3186764
f 2203/2352/2203 2244/2364/2244 2204/2353/2204
vt 0.3453439 0.3428809
f 2205/2337/2205 2206/2336/2206 2229/2365/2229
f 2243/2363/2243 2244/2364/2244 2203/2352/2203
vt 0.3541334 0.3246403
f 2229/2365/2229 2228/2366/2228 2205/2337/2205
f 2204/2353/2204 2244/2364/2244 2214/2355/2214
vt 0.3323056 0.3473753
f 2206/2336/2206 2207/2339/2207 2233/2367/2233
f 2233/2367/2233 2229/2365/2229 2206/2336/2206
vt 0.3213781 0.3598245
f 2208/2341/2208 2245/2368/2245 2207/2339/2207
vt 0.2776477 0.3724686
vt 0.2913959 0.3653104
f 1793/2345/1793 1821/2369/1821 2234/2370/2234
f 2209/2344/2209 1793/2345/1793 2234/2370/2234
vt 0.3189524 0.3525661
f 2233/2367/2233 2245/2368/2245 2235/2371/2235
f 2207/2339/2207 2245/2368/2245 2233/2367/2233
vt 0.3058814 0.3589342
f 2245/2368/2245 2210/2343/2210 2236/2372/2236
f 2208/2341/2208 2210/2343/2210 2245/2368/2245
f 2235/2371/2235 2245/2368/2245 2236/2372/2236
f 2210/2343/2210 2209/2344/2209 2234/2370/2234
f 2234/2370/2234 2236/2372/2236 2210/2343/2210
vt 0.4262122 0.3295696
f 2242/2362/2242 2218/2360/2218 2230/2373/2230
f 2243/2363/2243 2242/2362/2242 2230/2373/2230
f 2218/2360/2218 2242/2362/2242 2202/2346/2202
vt 0.4407973 0.3168278
f 2244/2364/2244 2243/2363/2243 2231/2374/2231
vt 0.4160139 0.3303187
f 2218/2360/2218 2211/2348/2211 2232/2375/2232
f 2230/2373/2230 2218/2360/2218 2232/2375/2232
vt 0.4048001 0.3303665
f 2232/2375/2232 2212/2349/2212 2264/2376/2264
f 2211/2348/2211 2212/2349/2212 2232/2375/2232
vt 0.4644212 0.2873002
f 2217/2357/2217 2248/2377/2248 2221/2361/2221
vt 0.4597660 0.2921711
f 2247/2378/2247 2248/2377/2248 2217/2357/2217
vt 0.3954057 0.3387935
f 2212/2349/2212 2246/2379/2246 2264/2376/2264
f 2213/2351/2213 2246/2379/2246 2212/2349/2212
vt 0.3938874 0.3323427
f 2264/2376/2264 2246/2379/2246 2237/2380/2237
vt 0.4450791 0.3091327
f 2238/2381/2238 2244/2364/2244 2231/2374/2231
f 2214/2355/2214 2244/2364/2244 2238/2381/2238
f 2215/2354/2215 2214/2355/2214 2238/2381/2238
vt 0.4449342 0.2988805
f 2238/2381/2238 2265/2382/2265 2215/2354/2215
vt 0.4528286 0.2976040
f 2239/2383/2239 2215/2354/2215 2265/2382/2265
f 2216/2356/2216 2215/2354/2215 2239/2383/2239
f 2216/2356/2216 2247/2378/2247 2217/2357/2217
f 2239/2383/2239 2247/2378/2247 2216/2356/2216
f 2219/2358/2219 2246/2379/2246 2213/2351/2213
vt 0.3822662 0.3340251
f 2246/2379/2246 2219/2358/2219 2240/2384/2240
f 2237/2380/2237 2246/2379/2246 2240/2384/2240
vt 0.3703468 0.3362682
f 2240/2384/2240 2220/2359/2220 2241/2385/2241
f 2219/2358/2219 2220/2359/2220 2240/2384/2240
f 2241/2385/2241 2205/2337/2205 2228/2366/2228
f 2220/2359/2220 2205/2337/2205 2241/2385/2241
vt 0.3668131 0.3219498
f 2228/2366/2228 2249/2386/2249 2241/2385/2241
vt 0.3417830 0.3268490
f 2228/2366/2228 2229/2365/2229 2284/2387/2284
vt 0.2720655 0.3569264
f 2234/2370/2234 1821/2369/1821 1829/2388/1829
vt 0.2851070 0.3496013
f 1829/2388/1829 2253/2389/2253 2234/2370/2234
vt 0.3281324 0.3327229
f 2229/2365/2229 2233/2367/2233 2250/2390/2250
f 2250/2390/2250 2284/2387/2284 2229/2365/2229
vt 0.3143863 0.3376931
f 2233/2367/2233 2235/2371/2235 2251/2391/2251
f 2251/2391/2251 2250/2390/2250 2233/2367/2233
vt 0.3003212 0.3436224
f 2251/2391/2251 2236/2372/2236 2252/2392/2252
f 2235/2371/2235 2236/2372/2236 2251/2391/2251
f 2236/2372/2236 2234/2370/2234 2253/2389/2253
vt 0.4278004 0.3176792
vt 0.4241948 0.3189494
f 2254/2393/2254 2230/2373/2230 2255/2394/2255
f 2252/2392/2252 2236/2372/2236 2253/2389/2253
f 2243/2363/2243 2230/2373/2230 2254/2393/2254
f 2231/2374/2231 2243/2363/2243 2254/2393/2254
vt 0.4335785 0.3109947
f 2254/2393/2254 2256/2395/2256 2231/2374/2231
vt 0.4144080 0.3192798
f 2255/2394/2255 2232/2375/2232 2283/2396/2283
vt 0.4519030 0.2859523
f 2248/2377/2248 2247/2378/2247 2258/2397/2258
f 2230/2373/2230 2232/2375/2232 2255/2394/2255
vt 0.4560305 0.2806763
f 2258/2397/2258 2257/2398/2257 2248/2377/2248
f 2232/2375/2232 2264/2376/2264 2283/2396/2283
vt 0.4030848 0.3198146
f 2283/2396/2283 2264/2376/2264 2259/2399/2259
vt 0.3915941 0.3203454
f 2259/2399/2259 2237/2380/2237 2260/2400/2260
f 2264/2376/2264 2237/2380/2237 2259/2399/2259
f 2238/2381/2238 2231/2374/2231 2256/2395/2256
vt 0.4383330 0.3033206
f 2256/2395/2256 2261/2401/2261 2238/2381/2238
f 2265/2382/2265 2238/2381/2238 2261/2401/2261
vt 0.4477010 0.2915210
f 2239/2383/2239 2265/2382/2265 2262/2402/2262
f 2247/2378/2247 2239/2383/2239 2262/2402/2262
f 2262/2402/2262 2258/2397/2258 2247/2378/2247
vt 0.3797429 0.3213956
f 2260/2400/2260 2240/2384/2240 2263/2403/2263
f 2237/2380/2237 2240/2384/2240 2260/2400/2260
f 2263/2403/2263 2241/2385/2241 2249/2386/2249
f 2240/2384/2240 2241/2385/2241 2263/2403/2263
vt 0.4236724 0.3144628
f 2255/2394/2255 2282/2404/2282 2254/2393/2254
vt 0.4269587 0.3046169
vt 0.4225261 0.3092318
f 2267/2405/2267 2282/2404/2282 2269/2406/2269
f 2256/2395/2256 2282/2404/2282 2267/2405/2267
f 2254/2393/2254 2282/2404/2282 2256/2395/2256
f 2283/2396/2283 2282/2404/2282 2255/2394/2255
vt 0.3790327 0.3102489
vt 0.3654300 0.3099052
f 2266/2407/2266 2249/2386/2249 2268/2408/2268
vt 0.4133529 0.3088551
f 2282/2404/2282 2283/2396/2283 2271/2409/2271
f 2271/2409/2271 2269/2406/2269 2282/2404/2282
vt 0.3520725 0.3118035
f 2249/2386/2249 2228/2366/2228 2270/2410/2270
f 2270/2410/2270 2268/2408/2268 2249/2386/2249
vt 0.3382379 0.3146045
f 2270/2410/2270 2284/2387/2284 2272/2411/2272
f 2228/2366/2228 2284/2387/2284 2270/2410/2270
vt 0.4019615 0.3085907
f 2271/2409/2271 2259/2399/2259 2273/2412/2273
f 2283/2396/2283 2259/2399/2259 2271/2409/2271
vt 0.2679612 0.3460667
f 1848/2413/1848 2253/2389/2253 1829/2388/1829
vt 0.3899579 0.3073042
f 2273/2412/2273 2260/2400/2260 2274/2414/2274
vt 0.3233125 0.3200389
f 2286/2415/2286 2284/2387/2284 2250/2390/2250
f 2259/2399/2259 2260/2400/2260 2273/2412/2273
vt 0.2803032 0.3357134
f 2253/2389/2253 1848/2413/1848 1840/2416/1840
vt 0.4296467 0.3021795
f 2276/2417/2276 2256/2395/2256 2267/2405/2267
vt 0.4371904 0.3025548
f 2285/2418/2285 2256/2395/2256 2276/2417/2276
f 2261/2401/2261 2256/2395/2256 2285/2418/2285
vt 0.3117262 0.3215461
f 2286/2415/2286 2251/2391/2251 2275/2419/2275
f 2250/2390/2250 2251/2391/2251 2286/2415/2286
vt 0.2953677 0.3287391
f 2251/2391/2251 2252/2392/2252 2277/2420/2277
f 2277/2420/2277 2275/2419/2275 2251/2391/2251
vt 0.4376498 0.2922863
f 2278/2421/2278 2285/2418/2285 2276/2417/2276
f 2261/2401/2261 2285/2418/2285 2278/2421/2278
f 2265/2382/2265 2261/2401/2261 2278/2421/2278
f 2252/2392/2252 2253/2389/2253 1840/2416/1840
f 2277/2420/2277 2252/2392/2252 1840/2416/1840
f 2262/2402/2262 2265/2382/2265 2278/2421/2278
vt 0.4422147 0.2867033
f 2278/2421/2278 2279/2422/2279 2262/2402/2262
f 2284/2387/2284 2286/2415/2286 2272/2411/2272
f 2258/2397/2258 2262/2402/2262 2279/2422/2279
vt 0.4465894 0.2814257
f 2279/2422/2279 2280/2423/2280 2258/2397/2258
f 2260/2400/2260 2266/2407/2266 2274/2414/2274
f 2263/2403/2263 2266/2407/2266 2260/2400/2260
f 2249/2386/2249 2266/2407/2266 2263/2403/2263
f 2257/2398/2257 2258/2397/2258 2280/2423/2280
vt 0.4517267 0.2751954
f 2280/2423/2280 2281/2424/2281 2257/2398/2257
vt 0.2591531 0.3267801
vt 0.2744011 0.3210884
f 1850/2425/1850 2303/2426/2303 1840/2416/1840
vt 0.3063375 0.3119840
vt 0.2899334 0.3140371
f 2300/2427/2300 2277/2420/2277 2287/2428/2287
f 2275/2419/2275 2277/2420/2277 2300/2427/2300
f 2277/2420/2277 1840/2416/1840 2303/2426/2303
f 2303/2426/2303 2287/2428/2287 2277/2420/2277
vt 0.3202687 0.3037833
f 2272/2411/2272 2286/2415/2286 2289/2429/2289
vt 0.3350685 0.3002802
f 2289/2429/2289 2288/2430/2288 2272/2411/2272
f 2275/2419/2275 2300/2427/2300 2289/2429/2289
f 2286/2415/2286 2275/2419/2275 2289/2429/2289
vt 0.4238904 0.3016012
f 2269/2406/2269 2301/2431/2301 2267/2405/2267
vt 0.4126707 0.2987922
f 2301/2431/2301 2271/2409/2271 2295/2432/2295
vt 0.4217355 0.2974150
f 2294/2433/2294 2301/2431/2301 2295/2432/2295
f 2269/2406/2269 2271/2409/2271 2301/2431/2301
vt 0.3776448 0.2961636
f 2274/2414/2274 2266/2407/2266 2291/2434/2291
vt 0.4020092 0.2977483
f 2295/2432/2295 2273/2412/2273 2296/2435/2296
f 2271/2409/2271 2273/2412/2273 2295/2432/2295
vt 0.3908303 0.2968367
f 2290/2436/2290 2274/2414/2274 2291/2434/2291
f 2296/2435/2296 2274/2414/2274 2290/2436/2290
f 2273/2412/2273 2274/2414/2274 2296/2435/2296
vt 0.3642736 0.2964619
f 2291/2434/2291 2268/2408/2268 2292/2437/2292
f 2266/2407/2266 2268/2408/2268 2291/2434/2291
f 2267/2405/2267 2301/2431/2301 2276/2417/2276
vt 0.3500187 0.2976298
f 2268/2408/2268 2270/2410/2270 2293/2438/2293
vt 0.4273366 0.2928642
f 2297/2439/2297 2301/2431/2301 2294/2433/2294
f 2293/2438/2293 2292/2437/2292 2268/2408/2268
f 2276/2417/2276 2301/2431/2301 2297/2439/2297
f 2270/2410/2270 2272/2411/2272 2288/2430/2288
f 2288/2430/2288 2293/2438/2293 2270/2410/2270
f 2278/2421/2278 2276/2417/2276 2297/2439/2297
vt 0.4323856 0.2873895
f 2297/2439/2297 2298/2440/2298 2278/2421/2278
f 2279/2422/2279 2278/2421/2278 2298/2440/2298
vt 0.4370172 0.2820860
f 2298/2440/2298 2299/2441/2299 2279/2422/2279
f 2280/2423/2280 2279/2422/2279 2299/2441/2299
vt 0.2993543 0.2930788
vt 0.2843024 0.2989199
f 2305/2442/2305 2287/2428/2287 2302/2443/2302
f 2300/2427/2300 2287/2428/2287 2305/2442/2305
f 2303/2426/2303 2302/2443/2302 2287/2428/2287
vt 0.3161722 0.2883929
f 2288/2430/2288 2289/2429/2289 2304/2444/2304
vt 0.3308491 0.2802887
f 2304/2444/2304 2309/2445/2309 2288/2430/2288
f 2289/2429/2289 2300/2427/2300 2305/2442/2305
f 2305/2442/2305 2304/2444/2304 2289/2429/2289
f 2293/2438/2293 2288/2430/2288 2309/2445/2309
vt 0.2530013 0.3114842
f 2303/2426/2303 1850/2425/1850 2306/2446/2306
vt 0.2480468 0.3300782
f 1850/2425/1850 1851/2447/1851 2306/2446/2306
vt 0.2793353 0.2744141
f 2305/2442/2305 2302/2443/2302 2310/2448/2310
vt 0.2621544 0.2900624
f 2302/2443/2302 2303/2426/2303 2307/2449/2307
f 2307/2449/2307 2310/2448/2310 2302/2443/2302
vt 0.2949216 0.2772112
f 2304/2444/2304 2305/2442/2305 2308/2450/2308
f 2308/2450/2308 2305/2442/2305 2310/2448/2310
f 2303/2426/2303 2306/2446/2306 2307/2449/2307
vt 0.5437282 0.2666560
vt 0.5525467 0.2547643
vt 0.5543885 0.2620632
f 1883/2451/1883 2311/2452/2311 585/2453/585
vt 0.5624694 0.2497362
f 586/2454/586 585/2453/585 2311/2452/2311
vt 0.5585608 0.2467588
f 2311/2452/2311 2312/2455/2312 586/2454/586
vt 0.5686287 0.2413795
f 587/2456/587 586/2454/586 2312/2455/2312
vt 0.5784461 0.2176467
vt 0.5790846 0.2158866
vt 0.5943328 0.2175373
f 583/2457/583 2313/2458/2313 498/2459/498
vt 0.5814040 0.2027064
f 2314/2460/2314 498/2459/498 2313/2458/2313
vt 0.5962526 0.2036621
f 499/2461/499 498/2459/498 2314/2460/2314
vt 0.5989555 0.1619616
f 180/2462/180 499/2461/499 2314/2460/2314
vt 0.5826032 0.1687595
f 2314/2460/2314 201/2463/201 180/2462/180
vt 0.5496876 0.2403566
vt 0.5437143 0.2487390
f 2315/2464/2315 2311/2452/2311 2316/2465/2316
f 2312/2455/2312 2311/2452/2311 2315/2464/2315
vt 0.5561608 0.2319278
f 2317/2466/2317 2312/2455/2312 2315/2464/2315
f 587/2456/587 2312/2455/2312 2317/2466/2317
vt 0.5717083 0.2300266
f 582/2467/582 587/2456/587 2317/2466/2317
vt 0.5624601 0.2232098
f 2317/2466/2317 2318/2468/2318 582/2467/582
vt 0.5670252 0.1613727
vt 0.5673256 0.1659057
f 2328/2469/2328 201/2463/201 2323/2470/2323
vt 0.5653264 0.1448397
f 2328/2469/2328 2327/2471/2327 201/2463/201
vt 0.5746586 0.2149751
f 2326/2472/2326 582/2467/582 2318/2468/2318
vt 0.5669972 0.2137194
f 2319/2473/2319 2326/2472/2326 2318/2468/2318
vt 0.5764214 0.1208032
f 201/2463/201 2327/2471/2327 202/2474/202
f 583/2457/583 582/2467/582 2326/2472/2326
vt 0.5631037 0.1274710
f 202/2474/202 2327/2471/2327 2321/2475/2321
vt 0.5678112 0.2083268
f 2320/2476/2320 2326/2472/2326 2319/2473/2319
vt 0.5619550 0.1206246
f 2325/2477/2325 202/2474/202 2321/2475/2321
f 583/2457/583 2326/2472/2326 2313/2458/2313
vt 0.5719188 0.1038375
f 203/2478/203 202/2474/202 2325/2477/2325
vt 0.5565647 0.0999475
f 2325/2477/2325 2372/2479/2372 203/2478/203
vt 0.5364361 0.2596289
f 2316/2465/2316 1883/2451/1883 1901/2480/1901
f 2314/2460/2314 2326/2472/2326 2320/2476/2320
f 2311/2452/2311 1883/2451/1883 2316/2465/2316
vt 0.5486737 0.0762508
f 2372/2479/2372 213/2481/213 203/2478/203
vt 0.5683115 0.2016473
f 2322/2482/2322 2314/2460/2314 2320/2476/2320
f 2313/2458/2313 2326/2472/2326 2314/2460/2314
vt 0.5683091 0.1887094
f 2322/2482/2322 2324/2483/2324 2314/2460/2314
f 201/2463/201 2314/2460/2314 2324/2483/2324
f 2324/2483/2324 2323/2470/2323 201/2463/201
vt 0.5096099 0.0761559
vt 0.5239799 0.0882891
vt 0.5131131 0.0861552
f 2330/2484/2330 2373/2485/2373 2329/2486/2329
vt 0.5170422 0.0725017
f 2346/2487/2346 2373/2485/2373 2330/2484/2330
vt 0.5063296 0.0660794
f 2331/2488/2331 2346/2487/2346 2330/2484/2330
vt 0.5116598 0.0629068
f 2347/2489/2347 2346/2487/2346 2331/2488/2331
vt 0.5322467 0.0779299
f 2349/2490/2349 2373/2485/2373 2346/2487/2346
vt 0.5244502 0.0621236
f 2346/2487/2346 2352/2491/2352 2349/2490/2349
vt 0.5408387 0.0600567
f 214/2492/214 2349/2490/2349 2352/2491/2352
f 213/2481/213 2349/2490/2349 214/2492/214
f 2352/2491/2352 2346/2487/2346 2347/2489/2347
vt 0.5308793 0.0435118
f 214/2492/214 2352/2491/2352 226/2493/226
vt 0.5034795 0.0550877
f 2332/2494/2332 2347/2489/2347 2331/2488/2331
vt 0.5054213 0.0536975
f 2354/2495/2354 2347/2489/2347 2332/2494/2332
vt 0.5023685 0.0499945
f 2333/2496/2333 2354/2495/2354 2332/2494/2332
vt 0.5150703 0.0467630
f 227/2497/227 2347/2489/2347 2354/2495/2354
f 2352/2491/2352 2347/2489/2347 227/2497/227
f 226/2493/226 2352/2491/2352 227/2497/227
f 227/2497/227 2354/2495/2354 2333/2496/2333
vt 0.5005810 0.0430716
f 2334/2498/2334 227/2497/227 2333/2496/2333
vt 0.5072476 0.0373101
f 228/2499/228 227/2497/227 2334/2498/2334
vt 0.5240576 0.2493745
vt 0.5210855 0.2582562
vt 0.5164393 0.2565086
f 2350/2500/2350 2348/2501/2348 2335/2502/2335
vt 0.5378454 0.2451870
vt 0.5396834 0.2332480
f 2351/2503/2351 2353/2504/2353 2315/2464/2315
f 2315/2464/2315 2316/2465/2316 2351/2503/2351
vt 0.5415486 0.2310974
f 2315/2464/2315 2353/2504/2353 2339/2505/2339
f 2317/2466/2317 2315/2464/2315 2339/2505/2339
vt 0.5442220 0.2234754
f 2405/2506/2405 2317/2466/2317 2339/2505/2339
vt 0.4964099 0.0312292
f 221/2507/221 228/2499/228 2334/2498/2334
vt 0.5312238 0.2418916
f 2353/2504/2353 2351/2503/2351 2337/2508/2337
vt 0.5511373 0.2172834
f 2343/2509/2343 2317/2466/2317 2405/2506/2405
f 2318/2468/2318 2317/2466/2317 2343/2509/2343
vt 0.5533081 0.2160143
f 2355/2510/2355 2318/2468/2318 2343/2509/2343
f 2318/2468/2318 2355/2510/2355 2319/2473/2319
vt 0.5474356 0.1361199
vt 0.5483229 0.1490013
vt 0.5410258 0.1492211
f 2360/2511/2360 2359/2512/2359 2336/2513/2336
vt 0.5548897 0.2020619
f 2320/2476/2320 2355/2510/2355 2344/2514/2344
vt 0.5346745 0.1356913
f 2336/2513/2336 2413/2515/2413 2360/2511/2360
vt 0.5653318 0.2016209
f 2356/2516/2356 2320/2476/2320 2344/2514/2344
f 2319/2473/2319 2355/2510/2355 2320/2476/2320
f 2359/2512/2359 2360/2511/2360 2327/2471/2327
vt 0.5541750 0.1894354
f 2345/2517/2345 2356/2516/2356 2344/2514/2344
vt 0.5457531 0.1237368
f 2362/2518/2362 2360/2511/2360 2413/2515/2413
vt 0.5654566 0.1887951
f 2357/2519/2357 2356/2516/2356 2345/2517/2345
vt 0.5338898 0.1255862
f 2361/2520/2361 2362/2518/2362 2413/2515/2413
vt 0.5618048 0.1206569
f 2362/2518/2362 2363/2521/2363 2321/2475/2321
vt 0.5667573 0.1751347
f 2358/2522/2358 2357/2519/2357 2345/2517/2345
f 2360/2511/2360 2362/2518/2362 2321/2475/2321
vt 0.5516282 0.1760671
f 2345/2517/2345 2341/2523/2341 2358/2522/2358
f 2327/2471/2327 2360/2511/2360 2321/2475/2321
f 2320/2476/2320 2356/2516/2356 2322/2482/2322
f 2322/2482/2322 2357/2519/2357 2324/2483/2324
f 2321/2475/2321 2363/2521/2363 2325/2477/2325
f 2356/2516/2356 2357/2519/2357 2322/2482/2322
vt 0.5319067 0.1143378
vt 0.5295744 0.1262185
f 2365/2524/2365 2361/2520/2361 2338/2525/2338
vt 0.5247413 0.1158651
f 2338/2525/2338 2340/2526/2340 2365/2524/2365
f 2324/2483/2324 2358/2522/2358 2323/2470/2323
vt 0.5291482 0.1034162
f 2367/2527/2367 2365/2524/2365 2340/2526/2340
f 2357/2519/2357 2358/2522/2358 2324/2483/2324
vt 0.5195430 0.1033190
f 2340/2526/2340 2342/2528/2342 2367/2527/2367
f 2362/2518/2362 2361/2520/2361 2365/2524/2365
vt 0.5433023 0.1118553
f 2365/2524/2365 2368/2529/2368 2362/2518/2362
f 2363/2521/2363 2362/2518/2362 2368/2529/2368
vt 0.5585786 0.1082113
f 2368/2529/2368 2369/2530/2369 2363/2521/2363
f 2368/2529/2368 2365/2524/2365 2367/2527/2367
vt 0.5384825 0.0945186
f 2367/2527/2367 2371/2531/2371 2368/2529/2368
f 2369/2530/2369 2368/2529/2368 2371/2531/2371
f 2371/2531/2371 2372/2479/2372 2369/2530/2369
f 2373/2485/2373 2367/2527/2367 2342/2528/2342
f 2323/2470/2323 2358/2522/2358 2341/2523/2341
vt 0.5474927 0.1633900
f 2370/2532/2370 2323/2470/2323 2341/2523/2341
f 2328/2469/2328 2323/2470/2323 2370/2532/2370
f 2342/2528/2342 2329/2486/2329 2373/2485/2373
f 2371/2531/2371 2367/2527/2367 2373/2485/2373
f 2370/2532/2370 2336/2513/2336 2359/2512/2359
f 2328/2469/2328 2359/2512/2359 2327/2471/2327
f 2371/2531/2371 213/2481/213 2372/2479/2372
f 2370/2532/2370 2359/2512/2359 2328/2469/2328
f 2338/2525/2338 2361/2520/2361 2413/2515/2413
f 2373/2485/2373 2349/2490/2349 2371/2531/2371
f 213/2481/213 2371/2531/2371 2349/2490/2349
f 2325/2477/2325 2369/2530/2369 2372/2479/2372
f 2363/2521/2363 2369/2530/2369 2325/2477/2325
vt 0.5146512 0.2738369
vt 0.5179698 0.2661571
vt 0.5295458 0.2621057
f 1959/2533/1959 2364/2534/2364 1962/2535/1962
f 2364/2534/2364 2348/2501/2348 1962/2535/1962
vt 0.5336100 0.2540743
f 1962/2535/1962 2366/2536/2366 1901/2480/1901
f 2366/2536/2366 2351/2503/2351 2316/2465/2316
f 2316/2465/2316 1901/2480/1901 2366/2536/2366
f 2366/2536/2366 1962/2535/1962 2348/2501/2348
f 2348/2501/2348 2350/2500/2350 2366/2536/2366
f 2337/2508/2337 2366/2536/2366 2350/2500/2350
f 2351/2503/2351 2366/2536/2366 2337/2508/2337
vt 0.5096067 0.2643202
f 2364/2534/2364 1959/2533/1959 2002/2537/2002
f 2335/2502/2335 2364/2534/2364 2002/2537/2002
f 2348/2501/2348 2364/2534/2364 2335/2502/2335
vt 0.5107184 0.2475101
vt 0.5119783 0.2545801
vt 0.5073979 0.2516973
f 2380/2538/2380 2404/2539/2404 2381/2540/2381
vt 0.5070641 0.0774070
vt 0.5115162 0.0868042
vt 0.5010558 0.0908590
f 2399/2541/2399 2398/2542/2398 2374/2543/2374
vt 0.4977621 0.0813235
f 2374/2543/2374 2375/2544/2375 2399/2541/2399
f 2329/2486/2329 2399/2541/2399 2330/2484/2330
f 2398/2542/2398 2399/2541/2399 2329/2486/2329
vt 0.5016432 0.0686919
f 2400/2545/2400 2399/2541/2399 2375/2544/2375
vt 0.4945850 0.0716459
f 2375/2544/2375 2376/2546/2376 2400/2545/2400
vt 0.5292625 0.2271984
vt 0.5253341 0.2390844
vt 0.5232311 0.2332940
f 2385/2547/2385 2406/2548/2406 2390/2549/2390
f 2330/2484/2330 2400/2545/2400 2331/2488/2331
f 2337/2508/2337 2406/2548/2406 2385/2547/2385
f 2399/2541/2399 2400/2545/2400 2330/2484/2330
f 2353/2504/2353 2337/2508/2337 2385/2547/2385
vt 0.4928884 0.0607818
f 2401/2550/2401 2400/2545/2400 2376/2546/2376
f 2339/2505/2339 2353/2504/2353 2385/2547/2385
f 2400/2545/2400 2401/2550/2401 2332/2494/2332
vt 0.5366539 0.2184748
f 2386/2551/2386 2339/2505/2339 2385/2547/2385
f 2332/2494/2332 2331/2488/2331 2400/2545/2400
f 2405/2506/2405 2339/2505/2339 2386/2551/2386
vt 0.4881082 0.0514274
f 2333/2496/2333 2401/2550/2401 2377/2552/2377
vt 0.4982953 0.0451163
f 2402/2553/2402 2333/2496/2333 2377/2552/2377
f 2332/2494/2332 2401/2550/2401 2333/2496/2333
f 2343/2509/2343 2405/2506/2405 2386/2551/2386
f 2333/2496/2333 2402/2553/2402 2334/2498/2334
vt 0.5412326 0.2070766
f 2387/2554/2387 2343/2509/2343 2386/2551/2386
f 2355/2510/2355 2343/2509/2343 2387/2554/2387
vt 0.4887874 0.0380315
f 2403/2555/2403 2402/2553/2402 2377/2552/2377
vt 0.4835891 0.0374863
f 2377/2552/2377 2378/2556/2378 2403/2555/2403
f 2344/2514/2344 2355/2510/2355 2387/2554/2387
f 2350/2500/2350 2406/2548/2406 2337/2508/2337
f 2334/2498/2334 2403/2555/2403 221/2507/221
vt 0.5417842 0.2030238
f 2387/2554/2387 2388/2557/2388 2344/2514/2344
f 2402/2553/2402 2403/2555/2403 2334/2498/2334
f 2002/2537/2002 2404/2539/2404 2335/2502/2335
vt 0.4805183 0.0284611
f 2379/2558/2379 2403/2555/2403 2378/2556/2378
vt 0.4938394 0.0252299
f 222/2559/222 2403/2555/2403 2379/2558/2379
vt 0.4893942 0.0217068
f 236/2560/236 222/2559/222 2379/2558/2379
f 221/2507/221 2403/2555/2403 222/2559/222
vt 0.5407580 0.1910012
f 2392/2561/2392 2344/2514/2344 2388/2557/2388
f 2345/2517/2345 2344/2514/2344 2392/2561/2392
vt 0.4760097 0.0167814
f 1566/2562/1566 236/2560/236 2379/2558/2379
vt 0.4858634 0.0095204
f 224/2563/224 236/2560/236 1566/2562/1566
vt 0.5021477 0.2584893
f 2404/2539/2404 2002/2537/2002 1986/2564/1986
f 1986/2564/1986 2381/2540/2381 2404/2539/2404
vt 0.5428699 0.1766151
f 2410/2565/2410 2345/2517/2345 2392/2561/2392
vt 0.4701415 0.0069550
f 1567/2566/1567 224/2563/224 1566/2562/1566
vt 0.5378925 0.1811803
f 2394/2567/2394 2410/2565/2410 2392/2561/2392
f 2335/2502/2335 2404/2539/2404 2380/2538/2380
vt 0.4801036 0.0000000
f 225/2568/225 224/2563/224 1567/2566/1567
f 2341/2523/2341 2345/2517/2345 2410/2565/2410
vt 0.5203720 0.1169139
vt 0.5200001 0.1283198
vt 0.5120599 0.1195544
f 2408/2569/2408 2407/2570/2407 2382/2571/2382
vt 0.5133623 0.2443222
f 2393/2572/2393 2335/2502/2335 2380/2538/2380
f 2350/2500/2350 2335/2502/2335 2393/2572/2393
f 2338/2525/2338 2408/2569/2408 2340/2526/2340
f 2407/2570/2407 2408/2569/2408 2338/2525/2338
vt 0.5081630 0.1098648
f 2383/2573/2383 2408/2569/2408 2382/2571/2382
vt 0.5182540 0.1065377
f 2409/2574/2409 2408/2569/2408 2383/2573/2383
f 2406/2548/2406 2350/2500/2350 2393/2572/2393
f 2408/2569/2408 2409/2574/2409 2342/2528/2342
f 2390/2549/2390 2406/2548/2406 2393/2572/2393
f 2342/2528/2342 2340/2526/2340 2408/2569/2408
vt 0.5151422 0.0965929
f 2411/2575/2411 2409/2574/2409 2383/2573/2383
vt 0.5045034 0.1003450
f 2383/2573/2383 2384/2576/2384 2411/2575/2411
f 2409/2574/2409 2411/2575/2411 2342/2528/2342
f 2398/2542/2398 2411/2575/2411 2384/2576/2384
f 2384/2576/2384 2374/2543/2374 2398/2542/2398
vt 0.5256627 0.1515329
vt 0.5344342 0.1494573
vt 0.5291883 0.1598316
f 2391/2577/2391 2412/2578/2412 2389/2579/2389
f 2411/2575/2411 2398/2542/2398 2329/2486/2329
f 2329/2486/2329 2342/2528/2342 2411/2575/2411
vt 0.5309004 0.1640948
f 2370/2532/2370 2410/2565/2410 2395/2580/2395
f 2341/2523/2341 2410/2565/2410 2370/2532/2370
f 2389/2579/2389 2370/2532/2370 2395/2580/2395
f 2336/2513/2336 2370/2532/2370 2389/2579/2389
f 2412/2578/2412 2336/2513/2336 2389/2579/2389
vt 0.5207363 0.1400875
f 2396/2581/2396 2412/2578/2412 2391/2577/2391
f 2413/2515/2413 2412/2578/2412 2396/2581/2396
f 2338/2525/2338 2413/2515/2413 2396/2581/2396
vt 0.5179724 0.1335074
f 2397/2582/2397 2338/2525/2338 2396/2581/2396
f 2407/2570/2407 2338/2525/2338 2397/2582/2397
f 2413/2515/2413 2336/2513/2336 2412/2578/2412
vt 0.4914156 0.0943663
f 2375/2544/2375 2374/2543/2374 2414/2583/2414
vt 0.4881836 0.0848904
f 2414/2583/2414 2416/2584/2416 2375/2544/2375
vt 0.4850332 0.0752829
f 2418/2585/2418 2375/2544/2375 2416/2584/2416
f 2376/2546/2376 2375/2544/2375 2418/2585/2418
vt 0.4809846 0.0644020
f 2419/2586/2419 2376/2546/2376 2418/2585/2418
f 2401/2550/2401 2376/2546/2376 2419/2586/2419
f 2377/2552/2377 2401/2550/2401 2419/2586/2419
vt 0.4756002 0.0569423
f 2419/2586/2419 2461/2587/2461 2377/2552/2377
vt 0.4748589 0.0447775
f 2422/2588/2422 2377/2552/2377 2461/2587/2461
f 2378/2556/2378 2377/2552/2377 2422/2588/2422
vt 0.4720674 0.0372004
f 2422/2588/2422 2424/2589/2424 2378/2556/2378
f 2379/2558/2379 2378/2556/2378 2424/2589/2424
vt 0.4707524 0.0336711
f 2424/2589/2424 2426/2590/2426 2379/2558/2379
vt 0.5000415 0.2473496
f 2380/2538/2380 2381/2540/2381 2415/2591/2415
vt 0.4719750 0.0185926
f 1623/2592/1623 2379/2558/2379 2426/2590/2426
vt 0.5059992 0.2393476
f 2433/2593/2433 2380/2538/2380 2415/2591/2415
vt 0.5059502 0.1330228
f 2382/2571/2382 2407/2570/2407 2428/2594/2428
vt 0.4661394 0.0224585
f 1612/2595/1612 1623/2592/1623 2426/2590/2426
vt 0.5019773 0.1230121
f 2428/2594/2428 2429/2596/2429 2382/2571/2382
f 1566/2562/1566 2379/2558/2379 1623/2592/1623
f 2383/2573/2383 2382/2571/2382 2429/2596/2429
vt 0.4982614 0.1133240
f 2429/2596/2429 2430/2597/2430 2383/2573/2383
f 2384/2576/2384 2383/2573/2383 2430/2597/2430
vt 0.5184676 0.2209070
f 2385/2547/2385 2390/2549/2390 2456/2598/2456
vt 0.4947639 0.1038164
f 2430/2597/2430 2431/2599/2431 2384/2576/2384
f 2414/2583/2414 2384/2576/2384 2431/2599/2431
f 2374/2543/2374 2384/2576/2384 2414/2583/2414
vt 0.5262074 0.2118534
f 2421/2600/2421 2385/2547/2385 2456/2598/2456
f 2386/2551/2386 2385/2547/2385 2421/2600/2421
vt 0.5351035 0.2035966
f 2434/2601/2434 2386/2551/2386 2421/2600/2421
vt 0.5293867 0.2051151
f 2423/2602/2423 2434/2601/2434 2421/2600/2421
f 2387/2554/2387 2386/2551/2386 2434/2601/2434
vt 0.5234576 0.1806225
vt 0.5143018 0.1546863
f 2389/2579/2389 2427/2603/2427 2432/2604/2432
f 2387/2554/2387 2434/2601/2434 2388/2557/2388
f 2391/2577/2391 2389/2579/2389 2432/2604/2432
f 2395/2580/2395 2410/2565/2410 2427/2603/2427
vt 0.5118124 0.2304332
f 2420/2605/2420 2456/2598/2456 2390/2549/2390
vt 0.5294069 0.1930016
f 2435/2606/2435 2434/2601/2434 2423/2602/2423
f 2395/2580/2395 2427/2603/2427 2389/2579/2389
vt 0.4933413 0.2535399
vt 0.4925942 0.2592596
f 2417/2607/2417 1986/2564/1986 2028/2608/2028
vt 0.5278797 0.1932868
f 2423/2602/2423 2425/2609/2425 2435/2606/2435
f 2434/2601/2434 2435/2606/2435 2392/2561/2392
f 2396/2581/2396 2391/2577/2391 2432/2604/2432
f 2392/2561/2392 2388/2557/2388 2434/2601/2434
vt 0.5107156 0.1435817
f 2436/2610/2436 2396/2581/2396 2432/2604/2432
f 2427/2603/2427 2435/2606/2435 2425/2609/2425
f 2394/2567/2394 2435/2606/2435 2427/2603/2427
f 2410/2565/2410 2394/2567/2394 2427/2603/2427
f 2397/2582/2397 2436/2610/2436 2428/2594/2428
f 2407/2570/2407 2397/2582/2397 2428/2594/2428
f 2392/2561/2392 2435/2606/2435 2394/2567/2394
f 2396/2581/2396 2436/2610/2436 2397/2582/2397
f 2415/2591/2415 1986/2564/1986 2417/2607/2417
f 2381/2540/2381 1986/2564/1986 2415/2591/2415
f 2380/2538/2380 2433/2593/2433 2393/2572/2393
f 2393/2572/2393 2433/2593/2433 2420/2605/2420
f 2390/2549/2390 2393/2572/2393 2420/2605/2420
vt 0.5112531 0.1966124
f 2427/2603/2427 2425/2609/2425 2442/2611/2442
vt 0.5100846 0.1829555
f 2442/2611/2442 2446/2612/2446 2427/2603/2427
vt 0.4817316 0.0977515
vt 0.4784612 0.0878393
f 2459/2613/2459 2460/2614/2460 2416/2584/2416
f 2416/2584/2416 2414/2583/2414 2459/2613/2459
f 2418/2585/2418 2416/2584/2416 2460/2614/2460
vt 0.4726750 0.0802314
f 2437/2615/2437 2418/2585/2418 2460/2614/2460
vt 0.4898744 0.2491401
f 2415/2591/2415 2417/2607/2417 2453/2616/2453
vt 0.4565492 0.0298004
vt 0.4646696 0.0371363
vt 0.4605711 0.0376301
f 1639/2617/1639 2458/2618/2458 2443/2619/2443
vt 0.4723952 0.0695837
f 2438/2620/2438 2418/2585/2418 2437/2615/2437
vt 0.4897100 0.2431836
f 2439/2621/2439 2415/2591/2415 2453/2616/2453
f 1612/2595/1612 2458/2618/2458 1639/2617/1639
f 2419/2586/2419 2418/2585/2418 2438/2620/2438
f 2426/2590/2426 2458/2618/2458 1612/2595/1612
f 2461/2587/2461 2419/2586/2419 2438/2620/2438
vt 0.4678814 0.0574234
f 2440/2622/2440 2461/2587/2461 2438/2620/2438
vt 0.5000825 0.2293397
f 2420/2605/2420 2433/2593/2433 2445/2623/2445
vt 0.5019512 0.2258636
f 2445/2623/2445 2441/2624/2441 2420/2605/2420
f 2422/2588/2422 2461/2587/2461 2440/2622/2440
vt 0.4656423 0.0495984
f 2444/2625/2444 2422/2588/2422 2440/2622/2440
vt 0.4967703 0.2354966
f 2447/2626/2447 2415/2591/2415 2439/2621/2439
vt 0.5006018 0.1472066
vt 0.4991849 0.1579132
f 2449/2627/2449 2432/2604/2432 2489/2628/2489
f 2433/2593/2433 2415/2591/2415 2447/2626/2447
f 2436/2610/2436 2432/2604/2432 2449/2627/2449
f 2458/2618/2458 2422/2588/2422 2444/2625/2444
f 2443/2619/2443 2458/2618/2458 2444/2625/2444
f 2428/2594/2428 2436/2610/2436 2449/2627/2449
f 2424/2589/2424 2422/2588/2422 2458/2618/2458
f 2447/2626/2447 2445/2623/2445 2433/2593/2433
vt 0.4953847 0.1359663
f 2449/2627/2449 2451/2629/2451 2428/2594/2428
f 2424/2589/2424 2458/2618/2458 2426/2590/2426
f 2429/2596/2429 2428/2594/2428 2451/2629/2451
vt 0.4899629 0.1265149
f 2451/2629/2451 2490/2630/2490 2429/2596/2429
vt 0.5223004 0.2091686
f 2456/2598/2456 2457/2631/2457 2421/2600/2421
vt 0.4898950 0.1210211
f 2452/2632/2452 2429/2596/2429 2490/2630/2490
f 2430/2597/2430 2429/2596/2429 2452/2632/2452
f 2421/2600/2421 2457/2631/2457 2423/2602/2423
vt 0.4884630 0.1165964
f 2462/2633/2462 2430/2597/2430 2452/2632/2452
vt 0.4849801 0.1073117
f 2430/2597/2430 2463/2634/2463 2431/2599/2431
vt 0.5070661 0.2148937
f 2448/2635/2448 2420/2605/2420 2441/2624/2441
f 2462/2633/2462 2463/2634/2463 2430/2597/2430
f 2456/2598/2456 2420/2605/2420 2448/2635/2448
vt 0.4846133 0.2579647
f 2417/2607/2417 2028/2608/2028 2054/2636/2054
f 2463/2634/2463 2459/2613/2459 2414/2583/2414
f 2453/2616/2453 2417/2607/2417 2054/2636/2054
f 2414/2583/2414 2431/2599/2431 2463/2634/2463
f 2457/2631/2457 2456/2598/2456 2448/2635/2448
vt 0.5108488 0.2010614
f 2448/2635/2448 2450/2637/2450 2457/2631/2457
vt 0.5070240 0.1698286
vt 0.5087242 0.1761472
f 2455/2638/2455 2427/2603/2427 2454/2639/2454
f 2432/2604/2432 2427/2603/2427 2455/2638/2455
f 2455/2638/2455 2489/2628/2489 2432/2604/2432
f 2454/2639/2454 2427/2603/2427 2446/2612/2446
f 2425/2609/2425 2457/2631/2457 2450/2637/2450
f 2442/2611/2442 2425/2609/2425 2450/2637/2450
f 2423/2602/2423 2457/2631/2457 2425/2609/2425
vt 0.4655594 0.0810897
f 2438/2620/2438 2437/2615/2437 2465/2640/2465
vt 0.4979732 0.1840593
vt 0.4976977 0.1956311
f 2471/2641/2471 2442/2611/2442 2469/2642/2469
vt 0.4632754 0.0732722
f 2464/2643/2464 2438/2620/2438 2465/2640/2465
f 2446/2612/2446 2442/2611/2442 2471/2641/2471
vt 0.4602572 0.0637953
f 2466/2644/2466 2438/2620/2438 2464/2643/2464
f 2440/2622/2440 2438/2620/2438 2466/2644/2466
vt 0.4889202 0.1487974
vt 0.4937609 0.1615278
f 2474/2645/2474 2489/2628/2489 2472/2646/2472
f 2449/2627/2449 2489/2628/2489 2474/2645/2474
vt 0.4568673 0.0543538
f 2466/2644/2466 2467/2647/2467 2440/2622/2440
vt 0.4528829 0.0434618
vt 0.4512982 0.0401202
f 2468/2648/2468 2470/2649/2470 2443/2619/2443
f 2444/2625/2444 2440/2622/2440 2467/2647/2467
f 2451/2629/2451 2449/2627/2449 2474/2645/2474
vt 0.4850335 0.1376353
f 2474/2645/2474 2476/2650/2476 2451/2629/2451
f 2468/2648/2468 2444/2625/2444 2467/2647/2467
f 2443/2619/2443 2444/2625/2444 2468/2648/2468
f 1639/2617/1639 2443/2619/2443 2470/2649/2470
f 2490/2630/2490 2451/2629/2451 2476/2650/2476
vt 0.4482189 0.0344930
f 2470/2649/2470 2477/2651/2477 1639/2617/1639
vt 0.4450728 0.0284495
f 1667/2652/1667 1639/2617/1639 2477/2651/2477
vt 0.4924912 0.2228457
f 2441/2624/2441 2445/2623/2445 2473/2653/2473
vt 0.4691424 0.0919195
vt 0.4722057 0.1011591
f 2481/2654/2481 2459/2613/2459 2479/2655/2479
vt 0.4881136 0.2326543
vt 0.4854408 0.2382182
f 2475/2656/2475 2439/2621/2439 2483/2657/2483
f 2460/2614/2460 2459/2613/2459 2481/2654/2481
f 2447/2626/2447 2439/2621/2439 2475/2656/2475
f 2437/2615/2437 2460/2614/2460 2481/2654/2481
f 2465/2640/2465 2437/2615/2437 2481/2654/2481
f 2445/2623/2445 2447/2626/2447 2475/2656/2475
f 2475/2656/2475 2473/2653/2473 2445/2623/2445
vt 0.4955647 0.2116402
f 2478/2658/2478 2441/2624/2441 2473/2653/2473
f 2448/2635/2448 2441/2624/2441 2478/2658/2478
vt 0.4973170 0.2000087
f 2480/2659/2480 2448/2635/2448 2478/2658/2478
f 2450/2637/2450 2448/2635/2448 2480/2659/2480
vt 0.4808773 0.2481729
vt 0.4776164 0.2551860
f 2482/2660/2482 2054/2636/2054 2080/2661/2080
f 2453/2616/2453 2054/2636/2054 2482/2660/2482
f 2469/2642/2469 2450/2637/2450 2480/2659/2480
f 2442/2611/2442 2450/2637/2450 2469/2642/2469
f 2439/2621/2439 2453/2616/2453 2482/2660/2482
f 2483/2657/2483 2439/2621/2439 2482/2660/2482
vt 0.4819551 0.1292503
f 2484/2662/2484 2490/2630/2490 2476/2650/2476
vt 0.4786202 0.1198074
f 2485/2663/2485 2490/2630/2490 2484/2662/2484
f 2452/2632/2452 2490/2630/2490 2485/2663/2485
f 2462/2633/2462 2452/2632/2452 2485/2663/2485
f 2463/2634/2463 2462/2633/2462 2485/2663/2485
vt 0.4753746 0.1104490
f 2485/2663/2485 2486/2664/2486 2463/2634/2463
f 2479/2655/2479 2463/2634/2463 2486/2664/2486
f 2459/2613/2459 2463/2634/2463 2479/2655/2479
vt 0.4957962 0.1710536
vt 0.4976250 0.1802279
f 2488/2665/2488 2454/2639/2454 2487/2666/2487
f 2455/2638/2455 2454/2639/2454 2488/2665/2488
f 2489/2628/2489 2455/2638/2455 2488/2665/2488
f 2472/2646/2472 2489/2628/2489 2488/2665/2488
f 2487/2666/2487 2446/2612/2446 2471/2641/2471
f 2454/2639/2454 2446/2612/2446 2487/2666/2487
vt 0.4541295 0.0765560
f 2464/2643/2464 2465/2640/2465 2491/2667/2491
vt 0.4516493 0.0671079
f 2492/2668/2492 2464/2643/2464 2491/2667/2491
f 2466/2644/2466 2464/2643/2464 2492/2668/2492
vt 0.4793160 0.2331645
f 2475/2656/2475 2483/2657/2483 2497/2669/2497
vt 0.4801978 0.2301898
f 2497/2669/2497 2496/2670/2496 2475/2656/2475
f 2467/2647/2467 2466/2644/2466 2492/2668/2492
vt 0.4904223 0.2221423
f 2517/2671/2517 2475/2656/2475 2496/2670/2496
vt 0.4844078 0.2199388
f 2498/2672/2498 2517/2671/2517 2496/2670/2496
vt 0.4481252 0.0566987
f 2493/2673/2493 2467/2647/2467 2492/2668/2492
f 2473/2653/2473 2475/2656/2475 2517/2671/2517
f 2478/2658/2478 2517/2671/2517 2498/2672/2498
vt 0.4862155 0.2097701
f 2500/2674/2500 2478/2658/2478 2498/2672/2498
f 2473/2653/2473 2517/2671/2517 2478/2658/2478
f 2468/2648/2468 2467/2647/2467 2493/2673/2493
vt 0.4439569 0.0448125
f 2477/2651/2477 2470/2649/2470 2495/2675/2495
vt 0.4862582 0.2022051
f 2548/2676/2548 2478/2658/2478 2500/2674/2500
vt 0.4449466 0.0469934
f 2494/2677/2494 2468/2648/2468 2493/2673/2493
vt 0.4401550 0.0382003
f 2495/2675/2495 2499/2678/2499 2477/2651/2477
f 2480/2659/2480 2478/2658/2478 2548/2676/2548
vt 0.4414688 0.0280679
f 1708/2679/1708 2477/2651/2477 2499/2678/2499
f 2495/2675/2495 2468/2648/2468 2494/2677/2494
vt 0.4872672 0.1936639
f 2504/2680/2504 2480/2659/2480 2548/2676/2548
vt 0.4367622 0.0317328
f 2501/2681/2501 1708/2679/1708 2499/2678/2499
f 2470/2649/2470 2468/2648/2468 2495/2675/2495
f 2469/2642/2469 2480/2659/2480 2504/2680/2504
f 1667/2652/1667 2477/2651/2477 1708/2679/1708
vt 0.4880394 0.1847715
f 2506/2682/2506 2469/2642/2469 2504/2680/2504
f 2471/2641/2471 2469/2642/2469 2506/2682/2506
vt 0.4353550 0.0279869
f 1704/2683/1704 1708/2679/1708 2501/2681/2501
vt 0.4598700 0.0950982
vt 0.4628381 0.1042837
f 2503/2684/2503 2479/2655/2479 2502/2685/2502
f 2481/2654/2481 2479/2655/2479 2503/2684/2503
vt 0.4570963 0.0857596
f 2505/2686/2505 2481/2654/2481 2503/2684/2503
f 2465/2640/2465 2481/2654/2481 2505/2686/2505
f 2505/2686/2505 2491/2667/2491 2465/2640/2465
vt 0.4697466 0.2531502
f 2482/2660/2482 2080/2661/2080 2549/2687/2549
vt 0.4736522 0.2454781
f 2549/2687/2549 2507/2688/2507 2482/2660/2482
f 2497/2669/2497 2482/2660/2482 2507/2688/2507
f 2483/2657/2483 2482/2660/2482 2497/2669/2497
vt 0.4779834 0.1415321
vt 0.4724053 0.1323138
f 2476/2650/2476 2516/2689/2516 2508/2690/2508
f 2484/2662/2484 2476/2650/2476 2508/2690/2508
f 2485/2663/2485 2484/2662/2484 2508/2690/2508
vt 0.4691264 0.1229377
f 2508/2690/2508 2509/2691/2509 2485/2663/2485
f 2486/2664/2486 2485/2663/2485 2509/2691/2509
vt 0.4659524 0.1135838
f 2509/2691/2509 2510/2692/2510 2486/2664/2486
vt 0.4687169 0.2591972
f 2080/2661/2080 2107/2693/2107 2549/2687/2549
f 2479/2655/2479 2486/2664/2486 2510/2692/2510
f 2510/2692/2510 2502/2685/2502 2479/2655/2479
vt 0.4877618 0.1813188
f 2488/2665/2488 2487/2666/2487 2511/2694/2511
vt 0.4858135 0.1720783
f 2511/2694/2511 2512/2695/2512 2488/2665/2488
vt 0.4826188 0.1613253
vt 0.4847422 0.1682313
f 2514/2696/2514 2472/2646/2472 2513/2697/2513
f 2513/2697/2513 2488/2665/2488 2512/2695/2512
f 2472/2646/2472 2488/2665/2488 2513/2697/2513
f 2511/2694/2511 2471/2641/2471 2506/2682/2506
f 2487/2666/2487 2471/2641/2471 2511/2694/2511
f 2474/2645/2474 2472/2646/2472 2514/2696/2514
vt 0.4793200 0.1515225
f 2514/2696/2514 2515/2698/2515 2474/2645/2474
f 2516/2689/2516 2474/2645/2474 2515/2698/2515
f 2476/2650/2476 2474/2645/2474 2516/2689/2516
vt 0.4725604 0.2283789
f 2496/2670/2496 2497/2669/2497 2519/2699/2519
vt 0.4729263 0.2275117
f 2519/2699/2519 2518/2700/2518 2496/2670/2496
vt 0.4765595 0.2182430
f 2529/2701/2529 2496/2670/2496 2518/2700/2518
f 2498/2672/2498 2496/2670/2496 2529/2701/2529
vt 0.4792263 0.2082909
vt 0.4823004 0.2089132
vt 0.4791123 0.2088808
f 2521/2702/2521 2547/2703/2547 2522/2704/2522
vt 0.4798125 0.2025292
f 2523/2705/2523 2547/2703/2547 2521/2702/2521
f 2548/2676/2548 2547/2703/2547 2523/2705/2523
vt 0.4799565 0.1986909
f 2526/2706/2526 2548/2676/2548 2523/2705/2523
f 2547/2703/2547 2498/2672/2498 2529/2701/2529
f 2522/2704/2522 2547/2703/2547 2529/2701/2529
f 2500/2674/2500 2498/2672/2498 2547/2703/2547
vt 0.4450513 0.0774717
vt 0.4431307 0.0697358
f 2492/2668/2492 2535/2707/2535 2520/2708/2520
f 2491/2667/2491 2535/2707/2535 2492/2668/2492
vt 0.4405126 0.0590322
f 2525/2709/2525 2492/2668/2492 2520/2708/2520
f 2547/2703/2547 2548/2676/2548 2500/2674/2500
vt 0.4373729 0.0478628
f 2499/2678/2499 2495/2675/2495 2527/2710/2527
f 2493/2673/2493 2492/2668/2492 2525/2709/2525
vt 0.4339066 0.0408959
f 2527/2710/2527 2524/2711/2524 2499/2678/2499
vt 0.4507057 0.0979420
vt 0.4535231 0.1072380
f 2533/2712/2533 2502/2685/2502 2532/2713/2532
f 2503/2684/2503 2502/2685/2502 2533/2712/2533
vt 0.4311983 0.0358314
f 2528/2714/2528 2499/2678/2499 2524/2711/2524
f 2505/2686/2505 2503/2684/2503 2533/2712/2533
f 2501/2681/2501 2499/2678/2499 2528/2714/2528
f 2494/2677/2494 2493/2673/2493 2525/2709/2525
f 2504/2680/2504 2548/2676/2548 2526/2706/2526
vt 0.4480063 0.0885260
f 2533/2712/2533 2534/2715/2534 2505/2686/2505
f 2525/2709/2525 2527/2710/2527 2494/2677/2494
vt 0.4804001 0.1931952
f 2530/2716/2530 2504/2680/2504 2526/2706/2526
f 2535/2707/2535 2505/2686/2505 2534/2715/2534
f 2495/2675/2495 2494/2677/2494 2527/2710/2527
vt 0.4799929 0.1854870
f 2531/2717/2531 2504/2680/2504 2530/2716/2530
f 2491/2667/2491 2505/2686/2505 2535/2707/2535
f 2506/2682/2506 2504/2680/2504 2531/2717/2531
vt 0.4279573 0.0296771
f 1732/2718/1732 2501/2681/2501 2528/2714/2528
f 1704/2683/1704 2501/2681/2501 1732/2718/1732
vt 0.4665025 0.2428301
vt 0.4638337 0.2497412
f 2536/2719/2536 2549/2687/2549 2538/2720/2538
f 2507/2688/2507 2549/2687/2549 2536/2719/2536
vt 0.4696379 0.2352216
f 2537/2721/2537 2507/2688/2507 2536/2719/2536
f 2497/2669/2497 2507/2688/2507 2537/2721/2537
f 2537/2721/2537 2519/2699/2519 2497/2669/2497
vt 0.4665661 0.1455679
f 2508/2690/2508 2516/2689/2516 2539/2722/2539
vt 0.4630694 0.1355010
f 2539/2722/2539 2540/2723/2540 2508/2690/2508
f 2509/2691/2509 2508/2690/2508 2540/2723/2540
vt 0.4597458 0.1261106
f 2540/2723/2540 2541/2724/2541 2509/2691/2509
f 2510/2692/2510 2509/2691/2509 2541/2724/2541
vt 0.4565472 0.1166748
f 2541/2724/2541 2542/2725/2542 2510/2692/2510
f 2502/2685/2502 2510/2692/2510 2542/2725/2542
f 2542/2725/2542 2532/2713/2532 2502/2685/2502
vt 0.4794285 0.1824583
f 2512/2695/2512 2511/2694/2511 2543/2726/2543
vt 0.4768023 0.1723478
f 2543/2726/2543 2544/2727/2544 2512/2695/2512
vt 0.4737383 0.1640486
f 2545/2728/2545 2513/2697/2513 2544/2727/2544
f 2514/2696/2514 2513/2697/2513 2545/2728/2545
f 2513/2697/2513 2512/2695/2512 2544/2727/2544
f 2543/2726/2543 2506/2682/2506 2531/2717/2531
f 2511/2694/2511 2506/2682/2506 2543/2726/2543
f 2515/2698/2515 2514/2696/2514 2545/2728/2545
vt 0.4701287 0.1545004
f 2545/2728/2545 2546/2729/2546 2515/2698/2515
f 2539/2722/2539 2515/2698/2515 2546/2729/2546
f 2516/2689/2516 2515/2698/2515 2539/2722/2539
vt 0.4612382 0.2570954
f 2549/2687/2549 2107/2693/2107 2143/2730/2143
f 2538/2720/2538 2549/2687/2549 2143/2730/2143
vt 0.4343098 0.0712530
vt 0.4360450 0.0809019
f 2550/2731/2550 2535/2707/2535 2624/2732/2624
f 2520/2708/2520 2535/2707/2535 2550/2731/2550
f 2525/2709/2525 2520/2708/2520 2550/2731/2550
vt 0.4333672 0.0610970
f 2583/2733/2583 2525/2709/2525 2550/2731/2550
vt 0.4329709 0.0500545
vt 0.4302779 0.0510976
f 2584/2734/2584 2583/2733/2583 2551/2735/2551
f 2525/2709/2525 2583/2733/2583 2584/2734/2584
f 2527/2710/2527 2525/2709/2525 2584/2734/2584
vt 0.4110850 0.0262350
vt 0.4176162 0.0217062
vt 0.4146724 0.0276000
f 1749/2736/1749 1729/2737/1729 2555/2738/2555
vt 0.4287499 0.0425437
f 2556/2739/2556 2584/2734/2584 2551/2735/2551
f 2524/2711/2524 2584/2734/2584 2556/2739/2556
f 2527/2710/2527 2584/2734/2584 2524/2711/2524
vt 0.4661336 0.2237312
vt 0.4646703 0.2270206
f 2553/2740/2553 2519/2699/2519 2554/2741/2554
f 2518/2700/2518 2519/2699/2519 2553/2740/2553
vt 0.4439688 0.1101257
f 2533/2712/2533 2532/2713/2532 2560/2742/2560
vt 0.4412228 0.1004861
f 2560/2742/2560 2562/2743/2562 2533/2712/2533
vt 0.4748278 0.2172264
f 2585/2744/2585 2518/2700/2518 2553/2740/2553
vt 0.4295797 0.0368768
f 2586/2745/2586 2524/2711/2524 2556/2739/2556
vt 0.4593128 0.2399178
vt 0.4594260 0.2485391
vt 0.4565840 0.2474796
f 2570/2746/2570 2588/2747/2588 2571/2748/2571
vt 0.4692531 0.2161585
f 2552/2749/2552 2585/2744/2585 2553/2740/2553
f 2528/2714/2528 2524/2711/2524 2586/2745/2586
f 2534/2715/2534 2533/2712/2533 2562/2743/2562
f 2536/2719/2536 2588/2747/2588 2570/2746/2570
f 2529/2701/2529 2518/2700/2518 2585/2744/2585
vt 0.4386267 0.0907992
f 2562/2743/2562 2564/2750/2564 2534/2715/2534
f 2538/2720/2538 2588/2747/2588 2536/2719/2536
vt 0.4269775 0.0383968
f 2558/2751/2558 2586/2745/2586 2556/2739/2556
f 2535/2707/2535 2534/2715/2534 2564/2750/2564
f 2564/2750/2564 2624/2732/2624 2535/2707/2535
vt 0.4736104 0.2067781
vt 0.4732089 0.2078222
f 2557/2752/2557 2522/2704/2522 2559/2753/2559
f 2537/2721/2537 2536/2719/2536 2570/2746/2570
f 2521/2702/2521 2522/2704/2522 2557/2752/2557
vt 0.4625093 0.2319436
f 2570/2746/2570 2572/2754/2572 2537/2721/2537
vt 0.4191960 0.0294899
f 1760/2755/1760 2555/2738/2555 1729/2737/1729
f 2523/2705/2523 2521/2702/2521 2557/2752/2557
vt 0.4749768 0.2019748
f 2557/2752/2557 2561/2756/2561 2523/2705/2523
vt 0.4235413 0.0331759
f 1760/2755/1760 1732/2718/1732 2565/2757/2565
f 2554/2741/2554 2537/2721/2537 2572/2754/2572
f 2519/2699/2519 2537/2721/2537 2554/2741/2554
f 2526/2706/2526 2523/2705/2523 2561/2756/2561
vt 0.4266600 0.0378030
f 2565/2757/2565 2586/2745/2586 2567/2758/2567
vt 0.4753778 0.1980052
f 2561/2756/2561 2563/2759/2563 2526/2706/2526
f 1732/2718/1732 2586/2745/2586 2565/2757/2565
f 2559/2753/2559 2585/2744/2585 2552/2749/2552
f 2528/2714/2528 2586/2745/2586 1732/2718/1732
f 2522/2704/2522 2585/2744/2585 2559/2753/2559
vt 0.4537235 0.1390692
vt 0.4577479 0.1502287
f 2574/2760/2574 2539/2722/2539 2573/2761/2573
f 2529/2701/2529 2585/2744/2585 2522/2704/2522
f 2567/2758/2567 2586/2745/2586 2558/2751/2558
f 2540/2723/2540 2539/2722/2539 2574/2760/2574
vt 0.4502406 0.1294802
f 2575/2762/2575 2540/2723/2540 2574/2760/2574
vt 0.4753511 0.1966699
f 2566/2763/2566 2526/2706/2526 2563/2759/2563
f 2541/2724/2541 2540/2723/2540 2575/2762/2575
vt 0.4769976 0.1933604
f 2587/2764/2587 2526/2706/2526 2566/2763/2566
f 2542/2725/2542 2541/2724/2541 2575/2762/2575
f 2530/2716/2530 2526/2706/2526 2587/2764/2587
vt 0.4469611 0.1198260
f 2575/2762/2575 2576/2765/2576 2542/2725/2542
vt 0.4750039 0.1935776
f 2568/2766/2568 2587/2764/2587 2566/2763/2566
f 2560/2742/2560 2542/2725/2542 2576/2765/2576
f 2532/2713/2532 2542/2725/2542 2560/2742/2560
vt 0.4695936 0.1779865
vt 0.4718805 0.1837034
f 2578/2767/2578 2543/2726/2543 2577/2768/2577
f 2544/2727/2544 2543/2726/2543 2578/2767/2578
vt 0.4732553 0.1873032
f 2569/2769/2569 2587/2764/2587 2568/2766/2568
f 2531/2717/2531 2587/2764/2587 2569/2769/2569
f 2530/2716/2530 2587/2764/2587 2531/2717/2531
vt 0.4672428 0.1724063
f 2545/2728/2545 2544/2727/2544 2580/2770/2580
vt 0.4653969 0.1680013
f 2580/2770/2580 2581/2771/2581 2545/2728/2545
f 2578/2767/2578 2580/2770/2580 2544/2727/2544
f 2543/2726/2543 2531/2717/2531 2569/2769/2569
f 2569/2769/2569 2577/2768/2577 2543/2726/2543
vt 0.4557228 0.2501568
f 2571/2748/2571 2588/2747/2588 2579/2772/2579
vt 0.4612395 0.1582055
f 2582/2773/2582 2545/2728/2545 2581/2771/2581
f 2546/2729/2546 2545/2728/2545 2582/2773/2582
f 2539/2722/2539 2546/2729/2546 2582/2773/2582
f 2582/2773/2582 2573/2761/2573 2539/2722/2539
vt 0.4537178 0.2548823
f 2579/2772/2579 2143/2730/2143 2200/2774/2200
f 2588/2747/2588 2143/2730/2143 2579/2772/2579
f 2538/2720/2538 2143/2730/2143 2588/2747/2588
vt 0.4052343 0.0240890
vt 0.4088846 0.0327504
f 1747/2775/1747 1749/2736/1749 2589/2776/2589
vt 0.4014377 0.0302032
f 2589/2776/2589 1773/2777/1773 1747/2775/1747
vt 0.4264117 0.0823998
vt 0.4278156 0.0893514
f 2590/2778/2590 2624/2732/2624 2591/2779/2591
f 2550/2731/2550 2624/2732/2624 2590/2778/2590
vt 0.4246863 0.0716284
f 2592/2780/2592 2550/2731/2550 2590/2778/2590
vt 0.4239921 0.0651360
f 2593/2781/2593 2550/2731/2550 2592/2780/2592
vt 0.4240790 0.0439446
vt 0.4234342 0.0511646
f 2597/2782/2597 2551/2735/2551 2595/2783/2595
f 2583/2733/2583 2550/2731/2550 2593/2781/2593
f 2556/2739/2556 2551/2735/2551 2597/2782/2597
vt 0.4236942 0.0608461
f 2594/2784/2594 2583/2733/2583 2593/2781/2593
vt 0.4240898 0.0429054
f 2597/2782/2597 2600/2785/2600 2556/2739/2556
f 2551/2735/2551 2583/2733/2583 2594/2784/2594
f 2594/2784/2594 2595/2783/2595 2551/2735/2551
f 2558/2751/2558 2556/2739/2556 2600/2785/2600
vt 0.4232821 0.0398867
f 2600/2785/2600 2609/2786/2609 2558/2751/2558
vt 0.4133500 0.0336882
vt 0.4162000 0.0344793
f 2596/2787/2596 1760/2755/1760 2604/2788/2604
f 2555/2738/2555 1760/2755/1760 2596/2787/2596
f 2589/2776/2589 2555/2738/2555 2596/2787/2596
f 1749/2736/1749 2555/2738/2555 2589/2776/2589
vt 0.4206115 0.0363589
f 1760/2755/1760 2565/2757/2565 2606/2789/2606
f 2606/2789/2606 2604/2788/2604 1760/2755/1760
f 2606/2789/2606 2567/2758/2567 2609/2786/2609
f 2565/2757/2565 2567/2758/2567 2606/2789/2606
vt 0.4640984 0.2108398
vt 0.4624783 0.2135140
f 2599/2790/2599 2552/2749/2552 2601/2791/2601
f 2567/2758/2567 2558/2751/2558 2609/2786/2609
vt 0.4593498 0.2189432
vt 0.4554175 0.2270259
f 2602/2792/2602 2554/2741/2554 2615/2793/2615
vt 0.4339108 0.1130428
f 2562/2743/2562 2560/2742/2560 2603/2794/2603
f 2553/2740/2553 2554/2741/2554 2602/2792/2602
vt 0.4310826 0.1029466
f 2603/2794/2603 2605/2795/2605 2562/2743/2562
f 2552/2749/2552 2553/2740/2553 2602/2792/2602
f 2564/2750/2564 2562/2743/2562 2605/2795/2605
f 2602/2792/2602 2601/2791/2601 2552/2749/2552
vt 0.4285679 0.0927639
f 2605/2795/2605 2608/2796/2608 2564/2750/2564
vt 0.4488712 0.2447155
f 2570/2746/2570 2571/2748/2571 2614/2797/2614
vt 0.4516663 0.2364171
f 2614/2797/2614 2613/2798/2613 2570/2746/2570
f 2572/2754/2572 2570/2746/2570 2613/2798/2613
f 2591/2779/2591 2564/2750/2564 2608/2796/2608
vt 0.4688053 0.2048370
f 2559/2753/2559 2611/2799/2611 2557/2752/2557
f 2613/2798/2613 2615/2793/2615 2572/2754/2572
f 2624/2732/2624 2564/2750/2564 2591/2779/2591
f 2554/2741/2554 2572/2754/2572 2615/2793/2615
vt 0.4710740 0.2009532
f 2557/2752/2557 2611/2799/2611 2607/2800/2607
f 2561/2756/2561 2557/2752/2557 2607/2800/2607
vt 0.4716585 0.1981452
f 2610/2801/2610 2561/2756/2561 2607/2800/2607
f 2563/2759/2563 2561/2756/2561 2610/2801/2610
vt 0.4440413 0.1429667
vt 0.4516425 0.1512296
vt 0.4475802 0.1518708
f 2616/2802/2616 2625/2803/2625 2598/2804/2598
f 2559/2753/2559 2552/2749/2552 2599/2790/2599
f 2574/2760/2574 2625/2803/2625 2616/2802/2616
f 2611/2799/2611 2559/2753/2559 2599/2790/2599
f 2573/2761/2573 2625/2803/2625 2574/2760/2574
vt 0.4404005 0.1330489
f 2617/2805/2617 2574/2760/2574 2616/2802/2616
vt 0.4430142 0.2683637
vt 0.4464641 0.2534522
f 2196/2806/2196 2619/2807/2619 2200/2774/2200
f 2575/2762/2575 2574/2760/2574 2617/2805/2617
f 2566/2763/2566 2563/2759/2563 2610/2801/2610
vt 0.4370230 0.1230761
f 2618/2808/2618 2575/2762/2575 2617/2805/2617
vt 0.4706205 0.1946490
f 2612/2809/2612 2566/2763/2566 2610/2801/2610
f 2576/2765/2576 2575/2762/2575 2618/2808/2618
f 2568/2766/2568 2566/2763/2566 2612/2809/2612
f 2603/2794/2603 2576/2765/2576 2618/2808/2618
f 2560/2742/2560 2576/2765/2576 2603/2794/2603
vt 0.4624003 0.1822615
vt 0.4673059 0.1896662
f 2621/2810/2621 2577/2768/2577 2620/2811/2620
f 2578/2767/2578 2577/2768/2577 2621/2810/2621
f 2569/2769/2569 2568/2766/2568 2612/2809/2612
vt 0.4577126 0.1740167
f 2581/2771/2581 2580/2770/2580 2622/2812/2622
f 2620/2811/2620 2569/2769/2569 2612/2809/2612
f 2614/2797/2614 2200/2774/2200 2619/2807/2619
f 2579/2772/2579 2200/2774/2200 2614/2797/2614
f 2571/2748/2571 2579/2772/2579 2614/2797/2614
f 2580/2770/2580 2578/2767/2578 2621/2810/2621
f 2621/2810/2621 2622/2812/2622 2580/2770/2580
f 2577/2768/2577 2569/2769/2569 2620/2811/2620
f 2582/2773/2582 2581/2771/2581 2622/2812/2622
vt 0.4523772 0.1629270
f 2622/2812/2622 2623/2813/2623 2582/2773/2582
f 2573/2761/2573 2582/2773/2582 2623/2813/2623
f 2625/2803/2625 2573/2761/2573 2623/2813/2623
f 2598/2804/2598 2625/2803/2625 2623/2813/2623
vt 0.3804966 0.0269633
vt 0.3862054 0.0210968
vt 0.3838333 0.0295859
f 1791/2814/1791 1771/2815/1771 2626/2816/2626
vt 0.3926390 0.0254770
vt 0.3877669 0.0323496
f 2626/2816/2626 1772/2817/1772 2627/2818/2627
f 1771/2815/1771 1772/2817/1772 2626/2816/2626
vt 0.3963522 0.0369825
f 1772/2817/1772 1773/2777/1773 2628/2819/2628
f 2628/2819/2628 2627/2818/2627 1772/2817/1772
vt 0.4028464 0.0395267
f 2628/2819/2628 1773/2777/1773 2629/2820/2629
vt 0.4048961 0.0403676
f 2629/2820/2629 2589/2776/2589 2630/2821/2630
f 1773/2777/1773 2589/2776/2589 2629/2820/2629
vt 0.4162053 0.0841488
vt 0.4175811 0.0916028
f 2631/2822/2631 2591/2779/2591 2632/2823/2632
f 2590/2778/2590 2591/2779/2591 2631/2822/2631
vt 0.4148008 0.0730067
f 2634/2824/2634 2590/2778/2590 2631/2822/2631
f 2592/2780/2592 2590/2778/2590 2634/2824/2634
f 2593/2781/2593 2592/2780/2592 2634/2824/2634
vt 0.4141383 0.0622900
f 2634/2824/2634 2638/2825/2638 2593/2781/2593
f 2594/2784/2594 2593/2781/2593 2638/2825/2638
vt 0.4148093 0.0523761
f 2633/2826/2633 2594/2784/2594 2638/2825/2638
f 2595/2783/2595 2594/2784/2594 2633/2826/2633
vt 0.4177983 0.0449891
f 2635/2827/2635 2595/2783/2595 2633/2826/2633
vt 0.4593356 0.2085212
f 2601/2791/2601 2663/2828/2663 2599/2790/2599
vt 0.4181244 0.0448910
f 2662/2829/2662 2595/2783/2595 2635/2827/2635
vt 0.4478256 0.2224339
f 2602/2792/2602 2615/2793/2615 2643/2830/2643
vt 0.4513435 0.2154007
f 2643/2830/2643 2642/2831/2642 2602/2792/2602
vt 0.4148012 0.0375615
vt 0.4126901 0.0416672
f 2589/2776/2589 2664/2832/2664 2636/2833/2636
f 2601/2791/2601 2602/2792/2602 2642/2831/2642
f 2630/2821/2630 2589/2776/2589 2636/2833/2636
f 2663/2828/2663 2601/2791/2601 2642/2831/2642
f 2596/2787/2596 2664/2832/2664 2589/2776/2589
vt 0.4563200 0.2072044
f 2644/2834/2644 2663/2828/2663 2642/2831/2642
vt 0.4180791 0.0447573
f 2637/2835/2637 2662/2829/2662 2635/2827/2635
vt 0.4685076 0.1997134
f 2611/2799/2611 2665/2836/2665 2607/2800/2607
vt 0.4171505 0.0400848
f 2636/2833/2636 2664/2832/2664 2639/2837/2639
f 2607/2800/2607 2665/2836/2665 2610/2801/2610
f 2595/2783/2595 2662/2829/2662 2597/2782/2597
vt 0.4616317 0.2012613
f 2599/2790/2599 2667/2838/2667 2611/2799/2611
f 2663/2828/2663 2667/2838/2667 2599/2790/2599
f 2597/2782/2597 2662/2829/2662 2637/2835/2637
f 2667/2838/2667 2665/2836/2665 2611/2799/2611
f 2600/2785/2600 2597/2782/2597 2637/2835/2637
vt 0.4208365 0.1055904
vt 0.4238677 0.1161885
f 2649/2839/2649 2603/2794/2603 2648/2840/2648
vt 0.4199533 0.0409100
f 2640/2841/2640 2600/2785/2600 2637/2835/2637
f 2605/2795/2605 2603/2794/2603 2649/2839/2649
vt 0.4654602 0.1969847
f 2668/2842/2668 2665/2836/2665 2667/2838/2667
vt 0.4225928 0.0404130
f 2666/2843/2666 2600/2785/2600 2640/2841/2640
f 2608/2796/2608 2605/2795/2605 2649/2839/2649
f 2667/2838/2667 2663/2828/2663 2644/2834/2644
f 2600/2785/2600 2666/2843/2666 2609/2786/2609
vt 0.4182949 0.0950101
f 2649/2839/2649 2651/2844/2651 2608/2796/2608
vt 0.4612971 0.2010128
f 2644/2834/2644 2645/2845/2645 2667/2838/2667
f 2604/2788/2604 2664/2832/2664 2596/2787/2596
f 2591/2779/2591 2608/2796/2608 2651/2844/2651
f 2668/2842/2668 2667/2838/2667 2645/2845/2645
f 2651/2844/2651 2632/2823/2632 2591/2779/2591
vt 0.4185292 0.0399774
f 2639/2837/2639 2606/2789/2606 2641/2846/2641
vt 0.4588935 0.1935233
f 2646/2847/2646 2668/2842/2668 2645/2845/2645
f 2604/2788/2604 2606/2789/2606 2639/2837/2639
vt 0.4645405 0.1908791
f 2669/2848/2669 2668/2842/2668 2646/2847/2646
f 2664/2832/2664 2604/2788/2604 2639/2837/2639
f 2665/2836/2665 2668/2842/2668 2612/2809/2612
f 2606/2789/2606 2666/2843/2666 2640/2841/2640
f 2612/2809/2612 2610/2801/2610 2665/2836/2665
f 2641/2846/2641 2606/2789/2606 2640/2841/2640
f 2609/2786/2609 2666/2843/2666 2606/2789/2606
f 2612/2809/2612 2669/2848/2669 2620/2811/2620
f 2668/2842/2668 2669/2848/2669 2612/2809/2612
vt 0.4352260 0.2667168
f 2619/2807/2619 2196/2806/2196 2221/2849/2221
vt 0.4368396 0.2588169
f 2221/2849/2221 2653/2850/2653 2619/2807/2619
vt 0.4385475 0.2506460
f 2653/2850/2653 2655/2851/2655 2619/2807/2619
f 2614/2797/2614 2619/2807/2619 2655/2851/2655
vt 0.4406872 0.2422222
f 2655/2851/2655 2656/2852/2656 2614/2797/2614
f 2613/2798/2613 2614/2797/2614 2656/2852/2656
vt 0.4434591 0.2333595
f 2656/2852/2656 2658/2853/2658 2613/2798/2613
vt 0.4469560 0.2244144
f 2660/2854/2660 2613/2798/2613 2658/2853/2658
f 2615/2793/2615 2613/2798/2613 2660/2854/2660
f 2660/2854/2660 2643/2830/2643 2615/2793/2615
vt 0.4340894 0.1467071
vt 0.4379356 0.1564622
f 2650/2855/2650 2598/2804/2598 2647/2856/2647
f 2616/2802/2616 2598/2804/2598 2650/2855/2650
f 2617/2805/2617 2616/2802/2616 2650/2855/2650
vt 0.4303508 0.1365264
f 2650/2855/2650 2652/2857/2652 2617/2805/2617
f 2618/2808/2618 2617/2805/2617 2652/2857/2652
vt 0.4269589 0.1261788
f 2652/2857/2652 2654/2858/2654 2618/2808/2618
f 2603/2794/2603 2618/2808/2618 2654/2858/2654
f 2654/2858/2654 2648/2840/2648 2603/2794/2603
f 2621/2810/2621 2669/2848/2669 2646/2847/2646
vt 0.4537251 0.1859503
f 2695/2859/2695 2621/2810/2621 2646/2847/2646
f 2620/2811/2620 2669/2848/2669 2621/2810/2621
vt 0.4481915 0.1769625
vt 0.4511665 0.1818531
f 2659/2860/2659 2622/2812/2622 2657/2861/2657
f 2657/2861/2657 2621/2810/2621 2695/2859/2695
f 2622/2812/2622 2621/2810/2621 2657/2861/2657
f 2623/2813/2623 2622/2812/2622 2659/2860/2659
vt 0.4428279 0.1670091
f 2659/2860/2659 2661/2862/2661 2623/2813/2623
f 2598/2804/2598 2623/2813/2623 2661/2862/2661
f 2661/2862/2661 2647/2856/2647 2598/2804/2598
vt 0.3740720 0.0205170
vt 0.3730870 0.0334555
f 1792/2863/1792 1791/2814/1791 2670/2864/2670
vt 0.3606888 0.0320466
f 2670/2864/2670 2699/2865/2699 1792/2863/1792
vt 0.3849421 0.0359345
f 2626/2816/2626 2686/2866/2686 2670/2864/2670
f 1791/2814/1791 2626/2816/2626 2670/2864/2670
f 2627/2818/2627 2686/2866/2686 2626/2816/2626
vt 0.3892965 0.0459129
f 2686/2866/2686 2628/2819/2628 2671/2867/2671
f 2627/2818/2627 2628/2819/2628 2686/2866/2686
vt 0.4044814 0.0412073
vt 0.3983457 0.0509420
f 2629/2820/2629 2689/2868/2689 2672/2869/2672
f 2628/2819/2628 2629/2820/2629 2672/2869/2672
f 2671/2867/2671 2628/2819/2628 2672/2869/2672
f 2630/2821/2630 2689/2868/2689 2629/2820/2629
vt 0.4100569 0.0855704
f 2632/2823/2632 2690/2870/2690 2631/2822/2631
vt 0.4038756 0.0797121
f 2634/2824/2634 2690/2870/2690 2674/2871/2674
vt 0.4034132 0.0756838
f 2673/2872/2673 2634/2824/2634 2674/2871/2674
f 2631/2822/2631 2690/2870/2690 2634/2824/2634
vt 0.4426682 0.2125920
f 2643/2830/2643 2683/2873/2683 2642/2831/2642
vt 0.4453186 0.2027677
f 2642/2831/2642 2687/2874/2687 2644/2834/2644
vt 0.4027462 0.0640797
f 2675/2875/2675 2634/2824/2634 2673/2872/2673
f 2683/2873/2683 2687/2874/2687 2642/2831/2642
f 2638/2825/2638 2634/2824/2634 2675/2875/2675
vt 0.4118682 0.0444513
f 2633/2826/2633 2692/2876/2692 2635/2827/2635
vt 0.4549238 0.1958692
f 2644/2834/2644 2688/2877/2688 2645/2845/2645
vt 0.4100006 0.0528199
f 2691/2878/2691 2692/2876/2692 2633/2826/2633
f 2687/2874/2687 2688/2877/2688 2644/2834/2644
f 2645/2845/2645 2688/2877/2688 2646/2847/2646
f 2691/2878/2691 2638/2825/2638 2675/2875/2675
f 2692/2876/2692 2689/2868/2689 2630/2821/2630
vt 0.4006511 0.0535607
f 2675/2875/2675 2676/2879/2676 2691/2878/2691
f 2630/2821/2630 2636/2833/2636 2692/2876/2692
f 2638/2825/2638 2691/2878/2691 2633/2826/2633
vt 0.3991235 0.1116803
f 2649/2839/2649 2648/2840/2648 2684/2880/2684
vt 0.4160549 0.0427001
vt 0.4182318 0.0406488
f 2637/2835/2637 2697/2881/2697 2693/2882/2693
f 2689/2868/2689 2691/2878/2691 2676/2879/2676
f 2693/2882/2693 2697/2881/2697 2639/2837/2639
vt 0.4071117 0.0982826
f 2685/2883/2685 2649/2839/2649 2684/2880/2684
f 2672/2869/2672 2689/2868/2689 2676/2879/2676
f 2639/2837/2639 2697/2881/2697 2636/2833/2636
f 2651/2844/2651 2649/2839/2649 2685/2883/2685
f 2692/2876/2692 2691/2878/2691 2689/2868/2689
f 2636/2833/2636 2697/2881/2697 2692/2876/2692
f 2632/2823/2632 2651/2844/2651 2685/2883/2685
f 2692/2876/2692 2697/2881/2697 2635/2827/2635
f 2690/2870/2690 2632/2823/2632 2685/2883/2685
f 2635/2827/2635 2697/2881/2697 2637/2835/2637
f 2637/2835/2637 2693/2882/2693 2640/2841/2640
vt 0.4274266 0.1611123
f 2650/2855/2650 2647/2856/2647 2678/2884/2678
vt 0.4121163 0.1540056
f 2709/2885/2709 2650/2855/2650 2678/2884/2678
vt 0.4312779 0.2658606
vt 0.4322197 0.2579591
f 2248/2886/2248 2694/2887/2694 2653/2850/2653
f 2653/2850/2653 2221/2849/2221 2248/2886/2248
f 2641/2846/2641 2693/2882/2693 2639/2837/2639
f 2652/2857/2652 2650/2855/2650 2709/2885/2709
vt 0.4101743 0.1424821
f 2709/2885/2709 2722/2888/2722 2652/2857/2652
f 2640/2841/2640 2693/2882/2693 2641/2846/2641
f 2654/2858/2654 2652/2857/2652 2722/2888/2722
vt 0.4326834 0.2496742
f 2694/2887/2694 2679/2889/2679 2655/2851/2655
f 2655/2851/2655 2653/2850/2653 2694/2887/2694
vt 0.4318098 0.2390732
f 2679/2889/2679 2696/2890/2696 2656/2852/2656
f 2656/2852/2656 2655/2851/2655 2679/2889/2679
vt 0.4429356 0.1908491
f 2688/2877/2688 2687/2874/2687 2680/2891/2680
f 2695/2859/2695 2688/2877/2688 2680/2891/2680
vt 0.3679842 0.0136877
f 1810/2892/1810 1792/2863/1792 2699/2865/2699
vt 0.3529099 0.0257200
f 2699/2865/2699 1839/2893/1839 1810/2892/1810
f 2695/2859/2695 2646/2847/2646 2688/2877/2688
vt 0.4221632 0.2389229
f 2679/2889/2679 2712/2894/2712 2696/2890/2696
f 2657/2861/2657 2695/2859/2695 2680/2891/2680
vt 0.4372988 0.1810198
f 2682/2895/2682 2657/2861/2657 2680/2891/2680
f 2659/2860/2659 2657/2861/2657 2682/2895/2682
f 2658/2853/2658 2656/2852/2656 2696/2890/2696
f 2661/2862/2661 2659/2860/2659 2682/2895/2682
vt 0.4333927 0.1738361
f 2677/2896/2677 2661/2862/2661 2682/2895/2682
f 2678/2884/2678 2661/2862/2661 2677/2896/2677
vt 0.4370125 0.2219361
f 2660/2854/2660 2658/2853/2658 2681/2897/2681
f 2678/2884/2678 2647/2856/2647 2661/2862/2661
f 2643/2830/2643 2660/2854/2660 2681/2897/2681
f 2683/2873/2683 2643/2830/2643 2681/2897/2681
vt 0.3648387 0.0397985
vt 0.3652119 0.0401929
f 2698/2898/2698 2670/2864/2670 2700/2899/2700
f 2699/2865/2699 2670/2864/2670 2698/2898/2698
vt 0.3730057 0.0475393
f 2670/2864/2670 2686/2866/2686 2701/2900/2701
f 2701/2900/2701 2700/2899/2700 2670/2864/2670
vt 0.3908308 0.0660717
vt 0.4000156 0.0764367
vt 0.3915076 0.0784093
f 2719/2901/2719 2718/2902/2718 2702/2903/2702
vt 0.3823272 0.0546236
f 2701/2900/2701 2671/2867/2671 2703/2904/2703
f 2686/2866/2686 2671/2867/2671 2701/2900/2701
vt 0.3966960 0.0535833
f 2676/2879/2676 2720/2905/2720 2672/2869/2672
f 2720/2905/2720 2719/2901/2719 2703/2904/2703
f 2671/2867/2671 2720/2905/2720 2703/2904/2703
f 2671/2867/2671 2672/2869/2672 2720/2905/2720
f 2674/2871/2674 2718/2902/2718 2673/2872/2673
f 2718/2902/2718 2719/2901/2719 2675/2875/2675
f 2675/2875/2675 2673/2872/2673 2718/2902/2718
f 2675/2875/2675 2720/2905/2720 2676/2879/2676
f 2719/2901/2719 2720/2905/2720 2675/2875/2675
vt 0.4031411 0.1224035
f 2684/2880/2684 2648/2840/2648 2704/2906/2704
vt 0.4293119 0.1843448
vt 0.4206095 0.1746491
f 2677/2896/2677 2721/2907/2721 2707/2908/2707
f 2678/2884/2678 2677/2896/2677 2707/2908/2707
vt 0.3944827 0.1021101
f 2705/2909/2705 2685/2883/2685 2684/2880/2684
vt 0.4159477 0.1641048
f 2707/2908/2707 2708/2910/2708 2678/2884/2678
vt 0.4182199 0.2642398
f 2694/2887/2694 2248/2886/2248 2257/2911/2257
vt 0.4192871 0.2560622
f 2257/2911/2257 2710/2912/2710 2694/2887/2694
f 2709/2885/2709 2678/2884/2678 2708/2910/2708
vt 0.4205721 0.2476873
f 2711/2913/2711 2694/2887/2694 2710/2912/2710
f 2679/2889/2679 2694/2887/2694 2711/2913/2711
f 2712/2894/2712 2679/2889/2679 2711/2913/2711
vt 0.4266044 0.2295401
f 2696/2890/2696 2715/2914/2715 2658/2853/2658
vt 0.4255675 0.2207007
f 2681/2897/2681 2715/2914/2715 2746/2915/2746
f 2658/2853/2658 2715/2914/2715 2681/2897/2681
vt 0.4060199 0.1325756
f 2722/2888/2722 2713/2916/2713 2654/2858/2654
f 2715/2914/2715 2696/2890/2696 2712/2894/2712
f 2713/2916/2713 2704/2906/2704 2648/2840/2648
f 2648/2840/2648 2654/2858/2654 2713/2916/2713
vt 0.4322466 0.1980046
f 2680/2891/2680 2687/2874/2687 2714/2917/2714
vt 0.4298651 0.1966856
f 2714/2917/2714 2747/2918/2747 2680/2891/2680
vt 0.4302204 0.2090373
f 2717/2919/2717 2681/2897/2681 2746/2915/2746
f 2683/2873/2683 2681/2897/2681 2717/2919/2717
vt 0.4277719 0.1881992
f 2716/2920/2716 2680/2891/2680 2747/2918/2747
f 2721/2907/2721 2680/2891/2680 2716/2920/2716
f 2682/2895/2682 2680/2891/2680 2721/2907/2721
f 2687/2874/2687 2683/2873/2683 2717/2919/2717
f 2717/2919/2717 2714/2917/2714 2687/2874/2687
f 2682/2895/2682 2721/2907/2721 2677/2896/2677
vt 0.3932881 0.0905411
f 2706/2921/2706 2685/2883/2685 2705/2909/2705
f 2690/2870/2690 2685/2883/2685 2706/2921/2706
f 2674/2871/2674 2690/2870/2690 2706/2921/2706
f 2702/2903/2702 2674/2871/2674 2706/2921/2706
f 2718/2902/2718 2674/2871/2674 2702/2903/2702
vt 0.3475921 0.0182800
vt 0.3578569 0.0161730
f 1836/2922/1836 1820/2923/1820 1839/2893/1839
vt 0.3649208 0.0404293
vt 0.3570027 0.0466917
f 2698/2898/2698 2745/2924/2745 2723/2925/2723
f 2699/2865/2699 2698/2898/2698 2723/2925/2723
vt 0.3505369 0.0386960
f 2724/2926/2724 2699/2865/2699 2723/2925/2723
vt 0.3642029 0.0552776
f 2723/2925/2723 2745/2924/2745 2772/2927/2772
f 2700/2899/2700 2745/2924/2745 2698/2898/2698
f 2745/2924/2745 2701/2900/2701 2772/2927/2772
f 2700/2899/2700 2701/2900/2701 2745/2924/2745
vt 0.3770190 0.0693165
vt 0.3791895 0.0815271
f 2726/2928/2726 2702/2903/2702 2725/2929/2725
f 2719/2901/2719 2702/2903/2702 2726/2928/2726
vt 0.3728465 0.0637181
f 2701/2900/2701 2703/2904/2703 2727/2930/2727
f 2727/2930/2727 2772/2927/2772 2701/2900/2701
f 2703/2904/2703 2719/2901/2719 2726/2928/2726
f 2726/2928/2726 2727/2930/2727 2703/2904/2703
vt 0.3876491 0.1159309
vt 0.3909246 0.1264683
f 2740/2931/2740 2704/2906/2704 2736/2932/2736
f 2684/2880/2684 2704/2906/2704 2740/2931/2740
f 2705/2909/2705 2684/2880/2684 2740/2931/2740
vt 0.3846662 0.1051284
f 2741/2933/2741 2705/2909/2705 2740/2931/2740
vt 0.3818649 0.0943098
f 2742/2934/2742 2705/2909/2705 2741/2933/2741
f 2706/2921/2706 2705/2909/2705 2742/2934/2742
f 2725/2929/2725 2706/2921/2706 2742/2934/2742
f 2702/2903/2702 2706/2921/2706 2725/2929/2725
vt 0.3427402 0.0107739
vt 0.3397796 0.0233641
f 1833/2935/1833 1836/2922/1836 2743/2936/2743
vt 0.3349719 0.0157681
f 2743/2936/2743 1847/2937/1847 1833/2935/1833
vt 0.3448547 0.0309860
f 1836/2922/1836 1839/2893/1839 2744/2938/2744
f 2744/2938/2744 2743/2936/2743 1836/2922/1836
f 1839/2893/1839 2699/2865/2699 2724/2926/2724
f 2724/2926/2724 2744/2938/2744 1839/2893/1839
vt 0.4147016 0.1901756
f 2707/2908/2707 2721/2907/2721 2728/2939/2728
vt 0.4095035 0.1785455
f 2728/2939/2728 2729/2940/2729 2707/2908/2707
vt 0.4061559 0.1675445
f 2730/2941/2730 2707/2908/2707 2729/2940/2729
f 2708/2910/2708 2707/2908/2707 2730/2941/2730
vt 0.4011133 0.1572477
f 2709/2885/2709 2730/2941/2730 2732/2942/2732
f 2730/2941/2730 2709/2885/2709 2708/2910/2708
vt 0.4100640 0.2615652
f 2710/2912/2710 2257/2911/2257 2281/2943/2281
vt 0.4116865 0.2467020
f 2731/2944/2731 2710/2912/2710 2281/2943/2281
vt 0.3975245 0.1469867
f 2734/2945/2734 2709/2885/2709 2732/2942/2732
f 2711/2913/2711 2710/2912/2710 2731/2944/2731
f 2722/2888/2722 2709/2885/2709 2734/2945/2734
vt 0.4127609 0.2379537
f 2733/2946/2733 2711/2913/2711 2731/2944/2731
f 2712/2894/2712 2711/2913/2711 2733/2946/2733
f 2713/2916/2713 2722/2888/2722 2734/2945/2734
f 2734/2945/2734 2736/2932/2736 2713/2916/2713
f 2704/2906/2704 2713/2916/2713 2736/2932/2736
vt 0.4141567 0.2285131
f 2735/2947/2735 2712/2894/2712 2733/2946/2733
f 2715/2914/2715 2712/2894/2712 2735/2947/2735
f 2746/2915/2746 2715/2914/2715 2735/2947/2735
vt 0.4177669 0.2122970
f 2738/2948/2738 2746/2915/2746 2735/2947/2735
f 2717/2919/2717 2746/2915/2746 2738/2948/2738
vt 0.4182550 0.2066014
f 2737/2949/2737 2717/2919/2717 2738/2948/2738
vt 0.4200494 0.2002685
f 2739/2950/2739 2717/2919/2717 2737/2949/2737
f 2747/2918/2747 2717/2919/2717 2739/2950/2739
f 2714/2917/2714 2717/2919/2717 2747/2918/2747
f 2716/2920/2716 2747/2918/2747 2739/2950/2739
f 2728/2939/2728 2716/2920/2716 2739/2950/2739
f 2721/2907/2721 2716/2920/2716 2728/2939/2728
vt 0.3738406 0.1084357
vt 0.3771230 0.1191872
f 2749/2951/2749 2740/2931/2740 2748/2952/2748
f 2741/2933/2741 2740/2931/2740 2749/2951/2749
f 2742/2934/2742 2741/2933/2741 2749/2951/2749
vt 0.3740127 0.0959959
f 2771/2953/2771 2742/2934/2742 2749/2951/2749
vt 0.3704207 0.0966973
f 2750/2954/2750 2771/2953/2771 2749/2951/2749
vt 0.3634874 0.0719696
f 2726/2928/2726 2773/2955/2773 2727/2930/2727
vt 0.3670254 0.0849603
f 2751/2956/2751 2771/2953/2771 2750/2954/2750
f 2725/2929/2725 2771/2953/2771 2751/2956/2751
f 2742/2934/2742 2771/2953/2771 2725/2929/2725
vt 0.3227372 0.0127108
vt 0.3273037 0.0204517
f 2753/2957/2753 1847/2937/1847 2752/2958/2752
vt 0.3304011 0.0081264
f 1846/2959/1846 1847/2937/1847 2753/2957/2753
vt 0.3320563 0.0282537
f 1847/2937/1847 2743/2936/2743 2754/2960/2754
f 2754/2960/2754 2752/2958/2752 1847/2937/1847
vt 0.3370323 0.0361454
f 2743/2936/2743 2744/2938/2744 2755/2961/2755
f 2755/2961/2755 2754/2960/2754 2743/2936/2743
vt 0.3182316 0.0050023
f 1854/2962/1854 1846/2959/1846 2753/2957/2753
vt 0.3423805 0.0442752
f 2744/2938/2744 2724/2926/2724 2756/2963/2756
f 2756/2963/2756 2755/2961/2755 2744/2938/2744
vt 0.3804650 0.1296129
f 2740/2931/2740 2736/2932/2736 2758/2964/2758
f 2758/2964/2758 2748/2952/2748 2740/2931/2740
vt 0.3484865 0.0529341
f 2724/2926/2724 2723/2925/2723 2757/2965/2757
f 2757/2965/2757 2756/2963/2756 2724/2926/2724
vt 0.3552543 0.0622669
f 2723/2925/2723 2772/2927/2772 2760/2966/2760
f 2757/2965/2757 2723/2925/2723 2760/2966/2760
vt 0.4027688 0.1938963
f 2729/2940/2729 2728/2939/2728 2759/2967/2759
vt 0.3986549 0.1802413
f 2759/2967/2759 2787/2968/2787 2729/2940/2729
f 2772/2927/2772 2773/2955/2773 2760/2966/2760
vt 0.3933912 0.1711554
f 2761/2969/2761 2730/2941/2730 2787/2968/2787
f 2773/2955/2773 2725/2929/2725 2751/2956/2751
vt 0.4024800 0.2542871
f 2731/2944/2731 2281/2943/2281 2763/2970/2763
f 2726/2928/2726 2725/2929/2725 2773/2955/2773
f 2730/2941/2730 2729/2940/2729 2787/2968/2787
vt 0.4031404 0.2459103
f 2763/2970/2763 2765/2971/2765 2731/2944/2731
f 2732/2942/2732 2730/2941/2730 2761/2969/2761
f 2773/2955/2773 2772/2927/2772 2727/2930/2727
vt 0.3906661 0.1606672
f 2761/2969/2761 2762/2972/2762 2732/2942/2732
vt 0.4037577 0.2372499
f 2767/2973/2767 2731/2944/2731 2765/2971/2765
f 2733/2946/2733 2731/2944/2731 2767/2973/2767
f 2734/2945/2734 2732/2942/2732 2762/2972/2762
vt 0.3872226 0.1503845
f 2762/2972/2762 2764/2974/2764 2734/2945/2734
vt 0.4043204 0.2277676
f 2768/2975/2768 2733/2946/2733 2767/2973/2767
f 2735/2947/2735 2733/2946/2733 2768/2975/2768
vt 0.3838274 0.1400055
f 2766/2976/2766 2734/2945/2734 2764/2974/2764
f 2736/2932/2736 2734/2945/2734 2766/2976/2766
f 2738/2948/2738 2735/2947/2735 2768/2975/2768
vt 0.4051802 0.2170848
f 2768/2975/2768 2769/2977/2769 2738/2948/2738
f 2766/2976/2766 2758/2964/2758 2736/2932/2736
vt 0.4136578 0.2053561
f 2738/2948/2738 2774/2978/2774 2737/2949/2737
f 2737/2949/2737 2774/2978/2774 2739/2950/2739
f 2774/2978/2774 2738/2948/2738 2769/2977/2769
vt 0.4052419 0.2055165
f 2770/2979/2770 2774/2978/2774 2769/2977/2769
f 2759/2967/2759 2774/2978/2774 2770/2979/2770
f 2728/2939/2728 2774/2978/2774 2759/2967/2759
f 2739/2950/2739 2774/2978/2774 2728/2939/2728
vt 0.3666266 0.1225033
f 2749/2951/2749 2748/2952/2748 2775/2980/2775
vt 0.3631049 0.1118744
f 2775/2980/2775 2776/2981/2776 2749/2951/2749
f 2750/2954/2750 2749/2951/2749 2776/2981/2776
vt 0.3587204 0.0983381
f 2776/2981/2776 2777/2982/2777 2750/2954/2750
f 2751/2956/2751 2750/2954/2750 2777/2982/2777
vt 0.3554730 0.0891343
f 2777/2982/2777 2778/2983/2778 2751/2956/2751
vt 0.3149970 0.0171903
vt 0.3194320 0.0251190
f 2780/2984/2780 2752/2958/2752 2779/2985/2779
f 2753/2957/2753 2752/2958/2752 2780/2984/2780
vt 0.3240128 0.0330731
f 2779/2985/2779 2754/2960/2754 2782/2986/2782
f 2752/2958/2752 2754/2960/2754 2779/2985/2779
vt 0.3288974 0.0411983
f 2754/2960/2754 2755/2961/2755 2784/2987/2784
f 2784/2987/2784 2782/2986/2782 2754/2960/2754
vt 0.3339230 0.0496245
f 2784/2987/2784 2756/2963/2756 2785/2988/2785
f 2755/2961/2755 2756/2963/2756 2784/2987/2784
vt 0.3394374 0.0586728
f 2756/2963/2756 2757/2965/2757 2788/2989/2788
f 2788/2989/2788 2785/2988/2785 2756/2963/2756
vt 0.3434949 0.0693432
f 2757/2965/2757 2760/2966/2760 2811/2990/2811
f 2811/2990/2811 2788/2989/2788 2757/2965/2757
vt 0.3512575 0.0785060
f 2760/2966/2760 2773/2955/2773 2789/2991/2789
f 2789/2991/2789 2811/2990/2811 2760/2966/2760
f 2789/2991/2789 2751/2956/2751 2778/2983/2778
f 2773/2955/2773 2751/2956/2751 2789/2991/2789
vt 0.2984013 0.0062464
vt 0.3105645 0.0094639
f 1857/2992/1857 1854/2962/1854 2781/2993/2781
vt 0.3700310 0.1329975
f 2775/2980/2775 2758/2964/2758 2783/2994/2783
vt 0.3914795 0.1969669
f 2787/2968/2787 2759/2967/2759 2786/2995/2786
f 2748/2952/2748 2758/2964/2758 2775/2980/2775
f 1854/2962/1854 2753/2957/2753 2780/2984/2780
f 2780/2984/2780 2781/2993/2781 1854/2962/1854
vt 0.3803397 0.1640916
f 2761/2969/2761 2790/2996/2790 2762/2972/2762
vt 0.3946737 0.2454252
f 2765/2971/2765 2763/2970/2763 2792/2997/2792
vt 0.3950337 0.2369907
f 2794/2998/2794 2765/2971/2765 2792/2997/2792
f 2767/2973/2767 2765/2971/2765 2794/2998/2794
vt 0.3769197 0.1537624
f 2791/2999/2791 2762/2972/2762 2790/2996/2790
f 2764/2974/2764 2762/2972/2762 2791/2999/2791
f 2766/2976/2766 2764/2974/2764 2791/2999/2791
vt 0.3948372 0.2277272
f 2795/3000/2795 2767/2973/2767 2794/2998/2794
vt 0.3734327 0.1433491
f 2791/2999/2791 2793/3001/2793 2766/2976/2766
f 2768/2975/2768 2767/2973/2767 2795/3000/2795
f 2783/2994/2783 2766/2976/2766 2793/3001/2793
f 2758/2964/2758 2766/2976/2766 2783/2994/2783
vt 0.3945559 0.2173702
f 2796/3002/2796 2768/2975/2768 2795/3000/2795
f 2769/2977/2769 2768/2975/2768 2796/3002/2796
vt 0.3937109 0.2066696
f 2797/3003/2797 2769/2977/2769 2796/3002/2796
f 2770/2979/2770 2769/2977/2769 2797/3003/2797
f 2759/2967/2759 2770/2979/2770 2797/3003/2797
f 2797/3003/2797 2786/2995/2786 2759/2967/2759
vt 0.3561380 0.1260210
vt 0.3596713 0.1364459
f 2799/3004/2799 2783/2994/2783 2798/3005/2798
f 2775/2980/2775 2783/2994/2783 2799/3004/2799
f 2776/2981/2776 2775/2980/2775 2799/3004/2799
vt 0.3524264 0.1155657
f 2799/3004/2799 2800/3006/2800 2776/2981/2776
vt 0.3427490 0.1022035
f 2801/3007/2801 2776/2981/2776 2800/3006/2800
f 2777/2982/2777 2776/2981/2776 2801/3007/2801
f 2778/2983/2778 2777/2982/2777 2801/3007/2801
vt 0.3444122 0.0932858
f 2801/3007/2801 2802/3008/2802 2778/2983/2778
vt 0.3071958 0.0216271
vt 0.3114812 0.0296811
f 2804/3009/2804 2779/2985/2779 2803/3010/2803
vt 0.3406454 0.0838597
f 2811/2990/2811 2789/2991/2789 2809/3011/2809
f 2780/2984/2780 2779/2985/2779 2804/3009/2804
vt 0.3158039 0.0376549
f 2803/3010/2803 2782/2986/2782 2805/3012/2805
f 2779/2985/2779 2782/2986/2782 2803/3010/2803
f 2809/3011/2809 2778/2983/2778 2802/3008/2802
vt 0.3204393 0.0459260
f 2782/2986/2782 2784/2987/2784 2806/3013/2806
f 2789/2991/2789 2778/2983/2778 2809/3011/2809
f 2806/3013/2806 2805/3012/2805 2782/2986/2782
vt 0.3251601 0.0545853
f 2784/2987/2784 2785/2988/2785 2807/3014/2807
f 2807/3014/2807 2806/3013/2806 2784/2987/2784
vt 0.3300933 0.0637655
f 2785/2988/2785 2788/2989/2788 2810/3015/2810
f 2810/3015/2810 2807/3014/2807 2785/2988/2785
f 2811/2990/2811 2810/3015/2810 2788/2989/2788
vt 0.3791478 0.1886763
vt 0.3806679 0.2000663
f 2820/3016/2820 2786/2995/2786 2812/3017/2812
vt 0.3028675 0.0138488
f 1857/2992/1857 2781/2993/2781 2808/3018/2808
f 2787/2968/2787 2786/2995/2786 2820/3016/2820
f 2808/3018/2808 2780/2984/2780 2804/3009/2804
f 2781/2993/2781 2780/2984/2780 2808/3018/2808
vt 0.3733824 0.1781200
f 2813/3019/2813 2761/2969/2761 2820/3016/2820
f 2787/2968/2787 2820/3016/2820 2761/2969/2761
f 2790/2996/2790 2761/2969/2761 2813/3019/2813
vt 0.3699349 0.1675093
f 2813/3019/2813 2814/3020/2814 2790/2996/2790
vt 0.3854885 0.2284831
vt 0.3843913 0.2377385
f 2817/3021/2817 2794/2998/2794 2839/3022/2839
f 2795/3000/2795 2794/2998/2794 2817/3021/2817
f 2791/2999/2791 2790/2996/2790 2814/3020/2814
vt 0.3665232 0.1570774
f 2814/3020/2814 2815/3023/2815 2791/2999/2791
vt 0.3844369 0.2184085
f 2818/3024/2818 2795/3000/2795 2817/3021/2817
f 2796/3002/2796 2795/3000/2795 2818/3024/2818
vt 0.3829282 0.2082034
f 2819/3025/2819 2796/3002/2796 2818/3024/2818
f 2797/3003/2797 2796/3002/2796 2819/3025/2819
f 2786/2995/2786 2797/3003/2797 2819/3025/2819
f 2819/3025/2819 2812/3017/2812 2786/2995/2786
f 2793/3001/2793 2791/2999/2791 2815/3023/2815
vt 0.3630932 0.1466887
f 2815/3023/2815 2816/3026/2816 2793/3001/2793
f 2783/2994/2783 2793/3001/2793 2816/3026/2816
f 2816/3026/2816 2798/3005/2798 2783/2994/2783
vt 0.3457981 0.1296705
vt 0.3494962 0.1399096
f 2822/3027/2822 2798/3005/2798 2821/3028/2821
f 2799/3004/2799 2798/3005/2798 2822/3027/2822
f 2800/3006/2800 2799/3004/2799 2822/3027/2822
vt 0.3419260 0.1194002
f 2822/3027/2822 2823/3029/2823 2800/3006/2800
vt 0.3334687 0.1052883
f 2824/3030/2824 2800/3006/2800 2823/3029/2823
f 2801/3007/2801 2800/3006/2800 2824/3030/2824
f 2802/3008/2802 2801/3007/2801 2824/3030/2824
vt 0.3219880 0.1018171
f 2824/3030/2824 2825/3031/2825 2802/3008/2802
vt 0.2993948 0.0260483
vt 0.3036144 0.0339938
f 2828/3032/2828 2803/3010/2803 2827/3033/2827
f 2804/3009/2804 2803/3010/2803 2828/3032/2828
vt 0.3077335 0.0418920
f 2827/3033/2827 2805/3012/2805 2830/3034/2830
f 2803/3010/2803 2805/3012/2805 2827/3033/2827
vt 0.3119458 0.0502930
f 2805/3012/2805 2806/3013/2806 2832/3035/2832
f 2832/3035/2832 2830/3034/2830 2805/3012/2805
vt 0.3162284 0.0591451
f 2806/3013/2806 2807/3014/2807 2834/3036/2834
f 2834/3036/2834 2832/3035/2832 2806/3013/2806
vt 0.3205876 0.0684523
f 2807/3014/2807 2810/3015/2810 2836/3037/2836
f 2836/3037/2836 2834/3036/2834 2807/3014/2807
vt 0.3252788 0.0787829
f 2810/3015/2810 2811/2990/2811 2831/3038/2831
f 2831/3038/2831 2836/3037/2836 2810/3015/2810
vt 0.2951514 0.0181655
f 1857/2992/1857 2808/3018/2808 2826/3039/2826
f 2826/3039/2826 2804/3009/2804 2828/3032/2828
f 2808/3018/2808 2804/3009/2804 2826/3039/2826
vt 0.3665091 0.1943042
vt 0.3699749 0.2035259
f 2833/3040/2833 2812/3017/2812 2835/3041/2835
f 2820/3016/2820 2812/3017/2812 2833/3040/2833
f 2813/3019/2813 2820/3016/2820 2833/3040/2833
vt 0.3627931 0.1813932
f 2833/3040/2833 2837/3042/2837 2813/3019/2813
f 2814/3020/2814 2813/3019/2813 2837/3042/2837
vt 0.3594600 0.1707980
f 2837/3042/2837 2838/3043/2838 2814/3020/2814
f 2815/3023/2815 2814/3020/2814 2838/3043/2838
vt 0.3531069 0.1499708
f 2838/3043/2838 2841/3044/2841 2815/3023/2815
f 2816/3026/2816 2815/3023/2815 2841/3044/2841
vt 0.3764534 0.2297089
f 2817/3021/2817 2839/3022/2839 2840/3045/2840
f 2798/3005/2798 2816/3026/2816 2841/3044/2841
f 2841/3044/2841 2821/3028/2821 2798/3005/2798
vt 0.3747171 0.2200969
f 2842/3046/2842 2817/3021/2817 2840/3045/2840
f 2818/3024/2818 2817/3021/2817 2842/3046/2842
vt 0.3721920 0.2101805
f 2843/3047/2843 2818/3024/2818 2842/3046/2842
f 2819/3025/2819 2818/3024/2818 2843/3047/2843
f 2812/3017/2812 2819/3025/2819 2843/3047/2843
f 2843/3047/2843 2835/3041/2835 2812/3017/2812
vt 0.3300588 0.0893189
f 2831/3038/2831 2809/3011/2809 2829/3048/2829
f 2811/2990/2811 2809/3011/2809 2831/3038/2831
f 2829/3048/2829 2802/3008/2802 2825/3031/2825
f 2809/3011/2809 2802/3008/2802 2829/3048/2829
vt 0.3317815 0.1233495
f 2824/3030/2824 2823/3029/2823 2844/3049/2844
vt 0.3242576 0.1066846
f 2844/3049/2844 2845/3050/2845 2824/3030/2824
f 2825/3031/2825 2824/3030/2824 2845/3050/2845
vt 0.2956901 0.0380232
f 2828/3032/2828 2827/3033/2827 2846/3051/2846
vt 0.2915517 0.0301421
f 2846/3051/2846 2848/3052/2848 2828/3032/2828
vt 0.2996103 0.0460508
f 2846/3051/2846 2830/3034/2830 2849/3053/2849
f 2827/3033/2827 2830/3034/2830 2846/3051/2846
vt 0.3034558 0.0544863
f 2849/3053/2849 2832/3035/2832 2850/3054/2850
f 2830/3034/2830 2832/3035/2832 2849/3053/2849
vt 0.3072720 0.0632050
f 2850/3054/2850 2834/3036/2834 2851/3055/2851
f 2832/3035/2832 2834/3036/2834 2850/3054/2850
vt 0.3109911 0.0725134
f 2834/3036/2834 2836/3037/2836 2852/3056/2852
f 2852/3056/2852 2851/3055/2851 2834/3036/2834
f 2826/3039/2826 2828/3032/2828 2848/3052/2848
vt 0.2874054 0.0222987
f 2848/3052/2848 2847/3057/2847 2826/3039/2826
vt 0.3146541 0.0830967
f 2836/3037/2836 2831/3038/2831 2853/3058/2853
f 2853/3058/2853 2852/3056/2852 2836/3037/2836
vt 0.3186960 0.0947658
f 2853/3058/2853 2829/3048/2829 2856/3059/2856
f 2831/3038/2831 2829/3048/2829 2853/3058/2853
f 2829/3048/2829 2825/3031/2825 2856/3059/2856
vt 0.3392965 0.1433486
f 2822/3027/2822 2821/3028/2821 2854/3060/2854
vt 0.3356291 0.1333358
f 2854/3060/2854 2855/3061/2855 2822/3027/2822
f 2823/3029/2823 2822/3027/2822 2855/3061/2855
f 2855/3061/2855 2844/3049/2844 2823/3029/2823
vt 0.3562811 0.1996174
vt 0.3589611 0.2073939
f 2857/3062/2857 2835/3041/2835 2858/3063/2858
f 2833/3040/2833 2835/3041/2835 2857/3062/2857
f 2837/3042/2837 2833/3040/2833 2857/3062/2857
vt 0.3521959 0.1845782
f 2857/3062/2857 2859/3064/2859 2837/3042/2837
f 2838/3043/2838 2837/3042/2837 2859/3064/2859
vt 0.3489947 0.1740160
f 2859/3064/2859 2860/3065/2860 2838/3043/2838
vt 0.3458021 0.1637335
f 2861/3066/2861 2838/3043/2838 2860/3065/2860
f 2841/3044/2841 2838/3043/2838 2861/3066/2861
vt 0.3426220 0.1534464
f 2862/3067/2862 2841/3044/2841 2861/3066/2861
f 2854/3060/2854 2841/3044/2841 2862/3067/2862
f 2821/3028/2821 2841/3044/2841 2854/3060/2854
vt 0.3657443 0.2224918
vt 0.3677063 0.2316399
f 2864/3068/2864 2840/3045/2840 2863/3069/2863
f 2842/3046/2842 2840/3045/2840 2864/3068/2864
vt 0.3612157 0.2135000
f 2865/3070/2865 2842/3046/2842 2864/3068/2864
f 2843/3047/2843 2842/3046/2842 2865/3070/2865
f 2835/3041/2835 2843/3047/2843 2865/3070/2865
f 2865/3070/2865 2858/3063/2858 2835/3041/2835
vt 0.3219702 0.1273012
f 2845/3050/2845 2844/3049/2844 2866/3071/2866
vt 0.3158122 0.1146404
f 2866/3071/2866 2867/3072/2867 2845/3050/2845
vt 0.3114396 0.1076750
f 2868/3073/2868 2845/3050/2845 2867/3072/2867
f 2825/3031/2825 2845/3050/2845 2868/3073/2868
vt 0.2874899 0.0420330
f 2848/3052/2848 2846/3051/2846 2869/3074/2869
vt 0.2835792 0.0341026
f 2869/3074/2869 2870/3075/2870 2848/3052/2848
vt 0.2913176 0.0500927
f 2869/3074/2869 2849/3053/2849 2871/3076/2871
f 2846/3051/2846 2849/3053/2849 2869/3074/2869
vt 0.2950422 0.0582973
f 2871/3076/2871 2850/3054/2850 2872/3077/2872
f 2849/3053/2849 2850/3054/2850 2871/3076/2871
vt 0.2985232 0.0668076
f 2872/3077/2872 2851/3055/2851 2873/3078/2873
f 2850/3054/2850 2851/3055/2851 2872/3077/2872
vt 0.3015477 0.0758336
f 2873/3078/2873 2852/3056/2852 2874/3079/2874
f 2851/3055/2851 2852/3056/2852 2873/3078/2873
vt 0.3040020 0.0859533
f 2874/3079/2874 2853/3058/2853 2875/3080/2875
f 2852/3056/2852 2853/3058/2853 2874/3079/2874
vt 0.3058803 0.0971779
vt 0.3046340 0.0915533
f 2856/3059/2856 2888/3081/2888 2877/3082/2877
f 2853/3058/2853 2856/3059/2856 2877/3082/2877
f 2875/3080/2875 2853/3058/2853 2877/3082/2877
f 2856/3059/2856 2825/3031/2825 2868/3073/2868
f 2888/3081/2888 2856/3059/2856 2868/3073/2868
f 2847/3057/2847 2848/3052/2848 2870/3075/2870
vt 0.3050315 0.0987224
f 2878/3083/2878 2888/3081/2888 2868/3073/2868
vt 0.2796361 0.0262852
f 2870/3075/2870 2876/3084/2876 2847/3057/2847
vt 0.3291702 0.1467772
f 2855/3061/2855 2854/3060/2854 2879/3085/2879
vt 0.3257640 0.1369446
f 2879/3085/2879 2880/3086/2880 2855/3061/2855
f 2844/3049/2844 2855/3061/2855 2880/3086/2880
vt 0.3471841 0.2111861
f 2857/3062/2857 2858/3063/2858 2881/3087/2881
f 2880/3086/2880 2866/3071/2866 2844/3049/2844
vt 0.3447468 0.1989148
f 2889/3088/2889 2857/3062/2857 2881/3087/2881
vt 0.3415864 0.1878595
f 2857/3062/2857 2889/3088/2889 2882/3089/2882
f 2859/3064/2859 2857/3062/2857 2882/3089/2882
vt 0.3386626 0.1771543
f 2883/3090/2883 2859/3064/2859 2882/3089/2882
f 2860/3065/2860 2859/3064/2859 2883/3090/2883
vt 0.3355969 0.1668682
f 2884/3091/2884 2860/3065/2860 2883/3090/2883
f 2861/3066/2861 2860/3065/2860 2884/3091/2884
vt 0.3324226 0.1567702
f 2885/3092/2885 2861/3066/2861 2884/3091/2884
f 2862/3067/2862 2861/3066/2861 2885/3092/2885
f 2879/3085/2879 2862/3067/2862 2885/3092/2885
f 2854/3060/2854 2862/3067/2862 2879/3085/2879
vt 0.3585159 0.2274802
f 2865/3070/2865 2864/3068/2864 2886/3093/2886
vt 0.3524848 0.2206219
f 2886/3093/2886 2887/3094/2887 2865/3070/2865
f 2881/3087/2881 2865/3070/2865 2887/3094/2887
f 2858/3063/2858 2865/3070/2865 2881/3087/2881
vt 0.2832634 0.0537784
vt 0.2868118 0.0618383
f 2891/3095/2891 2872/3077/2872 2890/3096/2890
f 2871/3076/2871 2872/3077/2872 2891/3095/2891
vt 0.2818766 0.0727371
f 2890/3096/2890 2873/3078/2873 2892/3097/2892
f 2872/3077/2872 2873/3078/2873 2890/3096/2890
vt 0.2853091 0.0813168
f 2892/3097/2892 2874/3079/2874 2924/3098/2924
f 2873/3078/2873 2874/3079/2874 2892/3097/2892
vt 0.2992385 0.0869445
f 2874/3079/2874 2914/3099/2914 2924/3098/2924
f 2875/3080/2875 2914/3099/2914 2874/3079/2874
vt 0.2945397 0.0879259
f 2924/3098/2924 2914/3099/2914 2893/3100/2893
f 2877/3082/2877 2914/3099/2914 2875/3080/2875
vt 0.2989901 0.1104135
vt 0.3023827 0.1134910
f 2895/3101/2895 2868/3073/2868 2894/3102/2894
vt 0.2981941 0.1055679
f 2915/3103/2915 2868/3073/2868 2895/3101/2895
f 2878/3083/2878 2868/3073/2868 2915/3103/2915
vt 0.2959551 0.1077415
f 2896/3104/2896 2915/3103/2915 2895/3101/2895
vt 0.2936228 0.0972884
f 2877/3082/2877 2888/3081/2888 2897/3105/2897
f 2914/3099/2914 2877/3082/2877 2897/3105/2897
vt 0.2926542 0.1030786
f 2916/3106/2916 2915/3103/2915 2896/3104/2896
f 2893/3100/2893 2914/3099/2914 2897/3105/2897
vt 0.2917821 0.1046588
f 2896/3104/2896 2898/3107/2898 2916/3106/2916
vt 0.2915743 0.1027936
f 2902/3108/2902 2916/3106/2916 2898/3107/2898
vt 0.2927989 0.0985700
f 2915/3103/2915 2916/3106/2916 2899/3109/2899
f 2897/3105/2897 2915/3103/2915 2899/3109/2899
f 2878/3083/2878 2915/3103/2915 2897/3105/2897
f 2888/3081/2888 2878/3083/2878 2897/3105/2897
vt 0.3190544 0.1499392
f 2880/3086/2880 2879/3085/2879 2904/3110/2904
f 2899/3109/2899 2916/3106/2916 2902/3108/2902
vt 0.3157765 0.1402057
f 2904/3110/2904 2905/3111/2905 2880/3086/2880
f 2866/3071/2866 2880/3086/2880 2905/3111/2905
vt 0.3231406 0.1816228
vt 0.3307004 0.1910758
f 2908/3112/2908 2882/3089/2882 2909/3113/2909
vt 0.3105059 0.1288272
f 2905/3111/2905 2906/3114/2906 2866/3071/2866
f 2883/3090/2883 2882/3089/2882 2908/3112/2908
vt 0.2756956 0.0379854
f 2876/3084/2876 2870/3075/2870 2903/3115/2903
vt 0.2716760 0.0301946
f 2903/3115/2903 2901/3116/2901 2876/3084/2876
vt 0.3134309 0.1194549
f 2918/3117/2918 2866/3071/2866 2906/3114/2906
vt 0.3249960 0.1701388
f 2910/3118/2910 2883/3090/2883 2908/3112/2908
f 2867/3072/2867 2866/3071/2866 2918/3117/2918
f 2884/3091/2884 2883/3090/2883 2910/3118/2910
vt 0.3220826 0.1599196
f 2911/3119/2911 2884/3091/2884 2910/3118/2910
f 2885/3092/2885 2884/3091/2884 2911/3119/2911
f 2879/3085/2879 2885/3092/2885 2911/3119/2911
f 2911/3119/2911 2904/3110/2904 2879/3085/2879
vt 0.3360003 0.2273272
vt 0.3447347 0.2350188
vt 0.3405425 0.2362786
f 2912/3120/2912 2917/3121/2917 2900/3122/2900
f 2868/3073/2868 2918/3117/2918 2894/3102/2894
vt 0.3427846 0.2238365
f 2919/3123/2919 2917/3121/2917 2912/3120/2912
f 2867/3072/2867 2918/3117/2918 2868/3073/2868
vt 0.3344600 0.2166531
f 2948/3124/2948 2919/3123/2919 2912/3120/2912
vt 0.2795417 0.0458396
f 2870/3075/2870 2869/3074/2869 2907/3125/2907
f 2907/3125/2907 2903/3115/2903 2870/3075/2870
f 2869/3074/2869 2871/3076/2871 2891/3095/2891
f 2891/3095/2891 2907/3125/2907 2869/3074/2869
vt 0.3522826 0.2210040
f 2886/3093/2886 2920/3126/2920 2887/3094/2887
f 2881/3087/2881 2919/3123/2919 2948/3124/2948
f 2887/3094/2887 2919/3123/2919 2881/3087/2881
f 2920/3126/2920 2919/3123/2919 2887/3094/2887
vt 0.3333226 0.2026019
f 2913/3127/2913 2881/3087/2881 2948/3124/2948
f 2889/3088/2889 2881/3087/2881 2913/3127/2913
f 2889/3088/2889 2909/3113/2909 2882/3089/2882
f 2909/3113/2909 2889/3088/2889 2913/3127/2913
vt 0.2751700 0.0574717
vt 0.2786290 0.0653781
f 2922/3128/2922 2890/3096/2890 2921/3129/2921
f 2891/3095/2891 2890/3096/2890 2922/3128/2922
f 2890/3096/2890 2892/3097/2892 2921/3129/2921
vt 0.2863945 0.0897421
f 2924/3098/2924 2893/3100/2893 2926/3130/2926
vt 0.2957888 0.1170802
f 2894/3102/2894 2943/3131/2943 2895/3101/2895
vt 0.2907711 0.1111944
f 2895/3101/2895 2943/3131/2943 2934/3132/2934
vt 0.2919256 0.0974852
vt 0.2867359 0.0952676
f 2926/3130/2926 2944/3133/2944 2928/3134/2928
f 2896/3104/2896 2895/3101/2895 2934/3132/2934
f 2893/3100/2893 2944/3133/2944 2926/3130/2926
f 2897/3105/2897 2944/3133/2944 2893/3100/2893
vt 0.2896989 0.1099488
f 2936/3135/2936 2896/3104/2896 2934/3132/2934
vt 0.2894372 0.1068209
f 2946/3136/2946 2896/3104/2896 2936/3135/2936
f 2898/3107/2898 2896/3104/2896 2946/3136/2946
f 2899/3109/2899 2944/3133/2944 2897/3105/2897
vt 0.2881928 0.1077781
f 2938/3137/2938 2946/3136/2946 2936/3135/2936
vt 0.2868588 0.0978048
f 2928/3134/2928 2944/3133/2944 2929/3138/2929
vt 0.2867355 0.1028808
vt 0.2871622 0.1060881
f 2931/3139/2931 2946/3136/2946 2939/3140/2939
f 2929/3138/2929 2902/3108/2902 2931/3139/2931
f 2898/3107/2898 2946/3136/2946 2931/3139/2931
f 2944/3133/2944 2902/3108/2902 2929/3138/2929
f 2902/3108/2902 2898/3107/2898 2931/3139/2931
f 2899/3109/2899 2902/3108/2902 2944/3133/2944
f 2939/3140/2939 2946/3136/2946 2938/3137/2938
vt 0.3069073 0.1463249
vt 0.3084810 0.1532843
f 2923/3141/2923 2904/3110/2904 2975/3142/2975
f 2905/3111/2905 2904/3110/2904 2923/3141/2923
vt 0.3199006 0.1944511
f 2908/3112/2908 2909/3113/2909 2935/3143/2935
vt 0.3072695 0.1432752
f 2947/3144/2947 2905/3111/2905 2923/3141/2923
vt 0.3170302 0.1800683
f 2937/3145/2937 2908/3112/2908 2935/3143/2935
vt 0.2677194 0.0418228
f 2901/3116/2901 2903/3115/2903 2932/3146/2932
f 2910/3118/2910 2908/3112/2908 2937/3145/2937
vt 0.3141092 0.1732363
f 2974/3147/2974 2910/3118/2910 2937/3145/2937
f 2947/3144/2947 2906/3114/2906 2905/3111/2905
vt 0.3028210 0.1339144
f 2906/3114/2906 2947/3144/2947 2925/3148/2925
vt 0.3110110 0.1628990
f 2976/3149/2976 2910/3118/2910 2974/3147/2974
f 2911/3119/2911 2910/3118/2910 2976/3149/2976
vt 0.2993070 0.1252926
f 2927/3150/2927 2906/3114/2906 2925/3148/2925
f 2904/3110/2904 2911/3119/2911 2976/3149/2976
f 2918/3117/2918 2906/3114/2906 2927/3150/2927
f 2976/3149/2976 2975/3142/2975 2904/3110/2904
f 2894/3102/2894 2918/3117/2918 2927/3150/2927
f 2943/3131/2943 2894/3102/2894 2927/3150/2927
vt 0.3331162 0.2391509
vt 0.3260310 0.2311555
f 2912/3120/2912 2945/3151/2945 2941/3152/2941
f 2900/3122/2900 2945/3151/2945 2912/3120/2912
vt 0.2715178 0.0496186
f 2903/3115/2903 2907/3125/2907 2930/3153/2930
f 2930/3153/2930 2932/3146/2932 2903/3115/2903
vt 0.3282584 0.2406836
f 2941/3152/2941 2945/3151/2945 2933/3154/2933
f 2907/3125/2907 2891/3095/2891 2922/3128/2922
f 2922/3128/2922 2930/3153/2930 2907/3125/2907
vt 0.3240284 0.2154933
f 2942/3155/2942 2912/3120/2912 2941/3152/2941
f 2948/3124/2948 2912/3120/2912 2942/3155/2942
f 2913/3127/2913 2948/3124/2948 2942/3155/2942
vt 0.3223475 0.2057949
f 2940/3156/2940 2913/3127/2913 2942/3155/2942
f 2935/3143/2935 2913/3127/2913 2940/3156/2940
f 2909/3113/2909 2913/3127/2913 2935/3143/2935
vt 0.2672987 0.0610903
vt 0.2708319 0.0687690
f 2950/3157/2950 2921/3129/2921 2949/3158/2949
f 2922/3128/2922 2921/3129/2921 2950/3157/2950
vt 0.2740824 0.0764244
f 2949/3158/2949 2892/3097/2892 2951/3159/2951
f 2921/3129/2921 2892/3097/2892 2949/3158/2949
vt 0.2777728 0.0833006
f 2892/3097/2892 2924/3098/2924 2952/3160/2952
f 2952/3160/2952 2951/3159/2951 2892/3097/2892
vt 0.2795759 0.0916195
f 2952/3160/2952 2926/3130/2926 2953/3161/2953
f 2924/3098/2924 2926/3130/2926 2952/3160/2952
vt 0.2807638 0.0958858
f 2953/3161/2953 2928/3134/2928 2954/3162/2954
f 2926/3130/2926 2928/3134/2928 2953/3161/2953
vt 0.2815693 0.0986551
f 2928/3134/2928 2929/3138/2929 2955/3163/2955
f 2955/3163/2955 2954/3162/2954 2928/3134/2928
vt 0.2830238 0.1036213
f 2955/3163/2955 2931/3139/2931 2956/3164/2956
f 2929/3138/2929 2931/3139/2931 2955/3163/2955
vt 0.2888987 0.1206200
f 2934/3132/2934 2943/3131/2943 2957/3165/2957
vt 0.2862354 0.1134785
f 2957/3165/2957 2958/3166/2958 2934/3132/2934
vt 0.2965181 0.1457901
vt 0.2988744 0.1554695
f 2961/3167/2961 2975/3142/2975 2959/3168/2959
f 2936/3135/2936 2934/3132/2934 2958/3166/2958
f 2923/3141/2923 2975/3142/2975 2961/3167/2961
vt 0.2857497 0.1120628
f 2958/3166/2958 2960/3169/2960 2936/3135/2936
f 2947/3144/2947 2923/3141/2923 2961/3167/2961
f 2938/3137/2938 2936/3135/2936 2960/3169/2960
vt 0.2847909 0.1092098
f 2960/3169/2960 2962/3170/2962 2938/3137/2938
f 2925/3148/2925 2947/3144/2947 2961/3167/2961
vt 0.2940690 0.1366189
f 2961/3167/2961 2963/3171/2963 2925/3148/2925
vt 0.2842564 0.1070338
f 2931/3139/2931 2939/3140/2939 2964/3172/2964
f 2927/3150/2927 2925/3148/2925 2963/3171/2963
f 2964/3172/2964 2956/3164/2956 2931/3139/2931
vt 0.2914971 0.1280132
f 2963/3171/2963 2965/3173/2965 2927/3150/2927
f 2964/3172/2964 2938/3137/2938 2962/3170/2962
f 2939/3140/2939 2938/3137/2938 2964/3172/2964
f 2957/3165/2957 2927/3150/2927 2965/3173/2965
f 2943/3131/2943 2927/3150/2927 2957/3165/2957
vt 0.3093291 0.1970246
vt 0.3014684 0.2108567
f 2968/3174/2968 2940/3156/2940 2966/3175/2966
vt 0.2636504 0.0533376
f 2932/3146/2932 2930/3153/2930 2967/3176/2967
f 2935/3143/2935 2940/3156/2940 2968/3174/2968
f 2930/3153/2930 2922/3128/2922 2950/3157/2950
f 2950/3157/2950 2967/3176/2967 2930/3153/2930
vt 0.3066872 0.1863661
f 2969/3177/2969 2935/3143/2935 2968/3174/2968
f 2937/3145/2937 2935/3143/2935 2969/3177/2969
vt 0.3039910 0.1758986
f 2970/3178/2970 2937/3145/2937 2969/3177/2969
f 2974/3147/2974 2937/3145/2937 2970/3178/2970
f 2976/3149/2976 2974/3147/2974 2970/3178/2970
vt 0.3013337 0.1655668
f 2970/3178/2970 2971/3179/2971 2976/3149/2976
f 2959/3168/2959 2976/3149/2976 2971/3179/2971
f 2975/3142/2975 2976/3149/2976 2959/3168/2959
vt 0.3136193 0.2170580
f 2940/3156/2940 2942/3155/2942 2973/3180/2973
f 2973/3180/2973 2966/3175/2966 2940/3156/2940
vt 0.3162459 0.2332481
f 2941/3152/2941 2933/3154/2933 2972/3181/2972
f 2942/3155/2942 2941/3152/2941 2972/3181/2972
f 2972/3181/2972 2973/3180/2973 2942/3155/2942
vt 0.2631213 0.0721210
f 2950/3157/2950 2949/3158/2949 2977/3182/2977
vt 0.2597355 0.0652470
f 2977/3182/2977 3012/3183/3012 2950/3157/2950
vt 0.2661228 0.0798665
f 2977/3182/2977 2951/3159/2951 3013/3184/3013
f 2949/3158/2949 2951/3159/2951 2977/3182/2977
vt 0.2676759 0.0818581
f 2951/3159/2951 2952/3160/2952 2978/3185/2978
f 2978/3185/2978 3013/3184/3013 2951/3159/2951
vt 0.2700635 0.0870625
f 2979/3186/2979 2978/3185/2978 2952/3160/2952
vt 0.2733311 0.0941490
f 2979/3186/2979 2953/3161/2953 2980/3187/2980
f 2952/3160/2952 2953/3161/2953 2979/3186/2979
vt 0.2760552 0.1007391
f 2980/3187/2980 2954/3162/2954 2982/3188/2982
f 2953/3161/2953 2954/3162/2954 2980/3187/2980
f 2954/3162/2954 2955/3163/2955 2982/3188/2982
vt 0.2788256 0.1052795
f 2955/3163/2955 2956/3164/2956 2983/3189/2983
f 2983/3189/2983 2982/3188/2982 2955/3163/2955
vt 0.2869402 0.1477614
vt 0.2886648 0.1576658
f 2987/3190/2987 2959/3168/2959 2986/3191/2986
f 2961/3167/2961 2959/3168/2959 2987/3190/2987
vt 0.2988540 0.1997439
f 2968/3174/2968 2966/3175/2966 2988/3192/2988
f 2963/3171/2963 2961/3167/2961 2987/3190/2987
vt 0.2961430 0.1891377
f 2990/3193/2990 2968/3174/2968 2988/3192/2988
vt 0.2852248 0.1384398
f 2987/3190/2987 2989/3194/2989 2963/3171/2963
vt 0.2811364 0.1149573
vt 0.2818291 0.1223278
f 2984/3195/2984 2957/3165/2957 2981/3196/2981
f 2969/3177/2969 2968/3174/2968 2990/3193/2990
f 2958/3166/2958 2957/3165/2957 2984/3195/2984
f 2965/3173/2965 2963/3171/2963 2989/3194/2989
vt 0.2933147 0.1785512
f 2992/3197/2992 2969/3177/2969 2990/3193/2990
vt 0.2836646 0.1296419
f 2989/3194/2989 2991/3198/2991 2965/3173/2965
f 2970/3178/2970 2969/3177/2969 2992/3197/2992
f 2981/3196/2981 2965/3173/2965 2991/3198/2991
f 2957/3165/2957 2965/3173/2965 2981/3196/2981
f 2971/3179/2971 2970/3178/2970 2992/3197/2992
f 2960/3169/2960 2958/3166/2958 2984/3195/2984
vt 0.2907485 0.1679945
f 2992/3197/2992 2993/3199/2993 2971/3179/2971
vt 0.2822649 0.1096548
f 2994/3200/2994 2960/3169/2960 2984/3195/2984
f 2986/3191/2986 2971/3179/2971 2993/3199/2993
vt 0.2803594 0.1099906
f 2985/3201/2985 2994/3200/2994 2984/3195/2984
f 2959/3168/2959 2971/3179/2971 2986/3191/2986
f 2967/3176/2967 2950/3157/2950 3012/3183/3012
f 2960/3169/2960 2994/3200/2994 2962/3170/2962
f 2983/3189/2983 2994/3200/2994 2985/3201/2985
f 2964/3172/2964 2994/3200/2994 2983/3189/2983
f 2956/3164/2956 2964/3172/2964 2983/3189/2983
f 2962/3170/2962 2994/3200/2994 2964/3172/2964
vt 0.2515086 0.0688172
vt 0.2554601 0.0763358
f 2995/3202/2995 2977/3182/2977 2996/3203/2996
f 3012/3183/3012 2977/3182/2977 2995/3202/2995
vt 0.2593435 0.0837523
f 2977/3182/2977 3013/3184/3013 2997/3204/2997
f 2997/3204/2997 2996/3203/2996 2977/3182/2977
vt 0.2755663 0.1220016
vt 0.2754190 0.1256203
f 3000/3205/3000 2981/3196/2981 3001/3206/3001
f 2984/3195/2984 2981/3196/2981 3000/3205/3000
vt 0.2632912 0.0909850
f 2978/3185/2978 2979/3186/2979 2998/3207/2998
vt 0.2759100 0.1154171
f 3000/3205/3000 3003/3208/3003 2984/3195/2984
f 3013/3184/3013 2978/3185/2978 2998/3207/2998
f 2997/3204/2997 3013/3184/3013 2998/3207/2998
vt 0.2756913 0.1107326
f 3005/3209/3005 2984/3195/2984 3003/3208/3003
f 2985/3201/2985 2984/3195/2984 3005/3209/3005
vt 0.2674525 0.0976825
f 2998/3207/2998 2980/3187/2980 2999/3210/2999
f 2979/3186/2979 2980/3187/2980 2998/3207/2998
f 2983/3189/2983 2985/3201/2985 3005/3209/3005
vt 0.2744549 0.1072773
f 3005/3209/3005 3006/3211/3006 2983/3189/2983
vt 0.2698680 0.1009657
f 2980/3187/2980 2982/3188/2982 3002/3212/3002
f 3002/3212/3002 2999/3210/2999 2980/3187/2980
vt 0.2715461 0.1031886
f 3004/3213/3004 3002/3212/3002 2982/3188/2982
vt 0.2767225 0.1491048
vt 0.2778502 0.1594896
f 3008/3214/3008 2986/3191/2986 3007/3215/3007
f 2987/3190/2987 2986/3191/2986 3008/3214/3008
f 2982/3188/2982 2983/3189/2983 3006/3211/3006
f 3006/3211/3006 3004/3213/3004 2982/3188/2982
f 2989/3194/2989 2987/3190/2987 3008/3214/3008
vt 0.2757944 0.1392445
f 3008/3214/3008 3009/3216/3009 2989/3194/2989
f 2991/3198/2991 2989/3194/2989 3009/3216/3009
vt 0.2753713 0.1300636
f 3009/3216/3009 3010/3217/3010 2991/3198/2991
f 3001/3206/3001 2991/3198/2991 3010/3217/3010
f 2981/3196/2981 2991/3198/2991 3001/3206/3001
vt 0.2796562 0.1697499
f 2993/3199/2993 2992/3197/2992 3011/3218/3011
f 3007/3215/3007 2993/3199/2993 3011/3218/3011
f 2986/3191/2986 2993/3199/2993 3007/3215/3007
vt 0.2480469 0.0802944
vt 0.2519966 0.0877309
f 3014/3219/3014 2997/3204/2997 3015/3220/3015
f 2996/3203/2996 2997/3204/2997 3014/3219/3014
vt 0.2560573 0.0950877
f 2997/3204/2997 2998/3207/2998 3016/3221/3016
f 3016/3221/3016 3015/3220/3015 2997/3204/2997
vt 0.2611277 0.1019133
f 2998/3207/2998 2999/3210/2999 3017/3222/3017
f 3017/3222/3017 3016/3221/3016 2998/3207/2998
vt 0.2669005 0.1066500
f 3017/3222/3017 3002/3212/3002 3032/3223/3032
f 2999/3210/2999 3002/3212/3002 3017/3222/3017
f 3002/3212/3002 3004/3213/3004 3032/3223/3032
vt 0.2706002 0.1097662
f 3004/3213/3004 3006/3211/3006 3018/3224/3018
f 3018/3224/3018 3032/3223/3032 3004/3213/3004
vt 0.2674306 0.1603659
f 3008/3214/3008 3007/3215/3007 3021/3225/3021
vt 0.2665220 0.1498972
f 3021/3225/3021 3022/3226/3022 3008/3214/3008
vt 0.2659391 0.1396428
f 3023/3227/3023 3008/3214/3008 3022/3226/3022
f 3009/3216/3009 3008/3214/3008 3023/3227/3023
vt 0.2663754 0.1299235
f 3024/3228/3024 3009/3216/3009 3023/3227/3023
f 3010/3217/3010 3009/3216/3009 3024/3228/3024
f 3001/3206/3001 3010/3217/3010 3024/3228/3024
vt 0.2685893 0.1209582
f 3025/3229/3025 3001/3206/3001 3024/3228/3024
f 3001/3206/3001 3025/3229/3025 3000/3205/3000
vt 0.2706804 0.1150939
f 3019/3230/3019 3000/3205/3000 3025/3229/3025
f 3003/3208/3003 3000/3205/3000 3019/3230/3019
f 3005/3209/3005 3003/3208/3003 3019/3230/3019
vt 0.2710613 0.1107142
f 3019/3230/3019 3020/3231/3020 3005/3209/3005
f 3006/3211/3006 3005/3209/3005 3020/3231/3020
f 3020/3231/3020 3018/3224/3018 3006/3211/3006
vt 0.2594311 0.1300963
f 3023/3227/3023 3026/3232/3026 3024/3228/3024
vt 0.2594744 0.1206848
f 3024/3228/3024 3027/3233/3027 3025/3229/3025
f 3026/3232/3026 3027/3233/3027 3024/3228/3024
vt 0.2544780 0.0958623
f 3015/3220/3015 3016/3221/3016 3028/3234/3028
vt 0.2571193 0.1040170
f 3029/3235/3029 3028/3234/3028 3016/3221/3016
f 3016/3221/3016 3017/3222/3017 3029/3235/3029
vt 0.2675745 0.1144486
f 3027/3233/3027 3031/3236/3031 3025/3229/3025
vt 0.2608959 0.1118153
f 3030/3237/3030 3031/3236/3031 3027/3233/3027
f 3030/3237/3030 3029/3235/3029 3017/3222/3017
f 3032/3223/3032 3030/3237/3030 3017/3222/3017
f 3031/3236/3031 3030/3237/3030 3032/3223/3032
vt 0.2700983 0.1102920
f 3032/3223/3032 3033/3238/3033 3031/3236/3031
f 3025/3229/3025 3031/3236/3031 3019/3230/3019
f 3031/3236/3031 3033/3238/3033 3020/3231/3020
f 3020/3231/3020 3019/3230/3019 3031/3236/3031
f 3033/3238/3033 3032/3223/3032 3018/3224/3018
f 3020/3231/3020 3033/3238/3033 3018/3224/3018
vt 0.8757461 0.4302154
vt 0.8761516 0.4651868
vt 0.8590981 0.4463778
f 3034/3239/3034 2280/3240/2280 3035/3241/3035
vt 0.8969458 0.4427696
f 2281/3242/2281 2280/3240/2280 3034/3239/3034
vt 0.8907339 0.4126190
f 2763/3243/2763 2281/3242/2281 3034/3239/3034
vt 0.8396960 0.4604801
f 2299/3244/2299 3035/3241/3035 2280/3240/2280
vt 0.7248089 0.4696127
vt 0.7080227 0.4839842
vt 0.7094519 0.4691007
f 3036/3245/3036 2291/3246/2291 3037/3247/3037
vt 0.7246887 0.4856911
f 2290/3248/2290 2291/3246/2291 3036/3245/3036
vt 0.6931956 0.4817101
vt 0.6953267 0.4675550
f 3037/3247/3037 2292/3249/2292 3038/3250/3038
f 2291/3246/2291 2292/3249/2292 3037/3247/3037
vt 0.6792102 0.4787652
vt 0.6838037 0.4533738
f 3038/3250/3038 2293/3251/2293 3049/3252/3049
f 2292/3249/2292 2293/3251/2293 3038/3250/3038
vt 0.6693100 0.4581206
f 2309/3253/2309 3049/3252/3049 2293/3251/2293
vt 0.6179858 0.4357617
vt 0.6083874 0.4402699
vt 0.6160313 0.4286456
f 2306/3254/2306 1851/3255/1851 1855/3256/1855
vt 0.7741404 0.4660270
vt 0.7591122 0.4860249
vt 0.7568801 0.4610717
f 3039/3257/3039 2295/3258/2295 3040/3259/3040
vt 0.7786996 0.4838797
f 2294/3260/2294 2295/3258/2295 3039/3257/3039
vt 0.7411241 0.4861795
vt 0.7416365 0.4579582
f 3040/3259/3040 2296/3261/2296 3041/3262/3041
f 2295/3258/2295 2296/3261/2296 3040/3259/3040
vt 0.8447706 0.4296421
f 3034/3239/3034 3035/3241/3035 3043/3263/3043
vt 0.8596951 0.4150464
f 3043/3263/3043 3042/3264/3042 3034/3239/3034
vt 0.8731465 0.3991361
f 3044/3265/3044 3034/3239/3034 3042/3264/3042
f 2763/3243/2763 3034/3239/3034 3044/3265/3044
vt 0.8853006 0.3816696
f 2792/3266/2792 2763/3243/2763 3044/3265/3044
f 2296/3261/2296 2290/3248/2290 3036/3245/3036
f 3036/3245/3036 3041/3262/3041 2296/3261/2296
vt 0.7982450 0.4785328
f 2297/3267/2297 2294/3260/2294 3039/3257/3039
vt 0.7917965 0.4600384
f 3039/3257/3039 3045/3268/3045 2297/3267/2297
vt 0.8189730 0.4707978
f 2298/3269/2298 2297/3267/2297 3045/3268/3045
vt 0.8102588 0.4519933
f 3045/3268/3045 3046/3270/3046 2298/3269/2298
f 2299/3244/2299 2298/3269/2298 3046/3270/3046
vt 0.8196538 0.4293350
f 3046/3270/3046 3047/3271/3047 2299/3244/2299
f 3043/3263/3043 2299/3244/2299 3047/3271/3047
f 3035/3241/3035 2299/3244/2299 3043/3263/3043
vt 0.6718470 0.4486921
vt 0.6561778 0.4570617
vt 0.6603450 0.4456016
f 3050/3272/3050 2304/3273/2304 3051/3274/3051
f 2309/3253/2309 2304/3273/2304 3050/3272/3050
vt 0.6496431 0.4413545
f 2308/3275/2308 3051/3274/3051 2304/3273/2304
vt 0.6298243 0.4309040
vt 0.6214645 0.4274732
f 2307/3276/2307 2306/3254/2306 3053/3277/3053
vt 0.6229956 0.4194895
f 3053/3277/3053 1855/3256/1855 3054/3278/3054
f 3049/3252/3049 2309/3253/2309 3050/3272/3050
f 2306/3254/2306 1855/3256/1855 3053/3277/3053
vt 0.7687433 0.4493428
f 3039/3257/3039 3040/3259/3040 3055/3279/3055
vt 0.6148187 0.4144185
vt 0.6073835 0.4264568
f 3070/3280/3070 1855/3256/1855 1856/3281/1856
vt 0.7243928 0.4549453
vt 0.7102132 0.4550163
f 3060/3282/3060 3037/3247/3037 3052/3283/3052
f 3041/3262/3041 3036/3245/3036 3060/3282/3060
f 3036/3245/3036 3037/3247/3037 3060/3282/3060
vt 0.6028084 0.4147105
f 1856/3281/1856 1857/3284/1857 3070/3280/3070
f 3045/3268/3045 3039/3257/3039 3055/3279/3055
vt 0.7850054 0.4431643
f 3055/3279/3055 3061/3285/3061 3045/3268/3045
vt 0.6926644 0.4537742
f 3052/3283/3052 3038/3250/3038 3048/3286/3048
f 3037/3247/3037 3038/3250/3038 3052/3283/3052
f 3046/3270/3046 3045/3268/3045 3061/3285/3061
vt 0.7973699 0.4277560
f 3061/3285/3061 3079/3287/3079 3046/3270/3046
vt 0.8317915 0.4145841
f 3042/3264/3042 3043/3263/3043 3057/3288/3057
vt 0.8452621 0.4015468
f 3057/3288/3057 3056/3289/3056 3042/3264/3042
f 3047/3271/3047 3046/3270/3046 3079/3287/3079
vt 0.8572364 0.3871395
f 3058/3290/3058 3042/3264/3042 3056/3289/3056
f 3038/3250/3038 3049/3252/3049 3048/3286/3048
f 3044/3265/3044 3042/3264/3042 3058/3290/3058
f 3047/3271/3047 3057/3288/3057 3043/3263/3043
vt 0.8679686 0.3710766
f 3059/3291/3059 3044/3265/3044 3058/3290/3058
f 2792/3266/2792 3044/3265/3044 3059/3291/3059
vt 0.8951021 0.3636751
f 2794/3292/2794 2792/3266/2792 3059/3291/3059
vt 0.8734988 0.3517735
f 3059/3291/3059 2839/3293/2839 2794/3292/2794
vt 0.6436019 0.4329138
vt 0.6342230 0.4220048
f 2310/3294/2310 2307/3276/2307 3062/3295/3062
vt 0.6640370 0.4351031
f 3050/3272/3050 3051/3274/3051 3064/3296/3064
vt 0.6749138 0.4381961
f 3064/3296/3064 3065/3297/3065 3050/3272/3050
vt 0.6576172 0.4217873
f 3051/3274/3051 2308/3275/2308 3067/3298/3067
f 3067/3298/3067 3064/3296/3064 3051/3274/3051
vt 0.6860677 0.4403635
f 3048/3286/3048 3049/3252/3049 3063/3299/3063
vt 0.6950986 0.4414039
f 3063/3299/3063 3069/3300/3069 3048/3286/3048
f 2308/3275/2308 2310/3294/2310 3067/3298/3067
f 3049/3252/3049 3050/3272/3050 3065/3297/3065
f 3065/3297/3065 3063/3299/3063 3049/3252/3049
f 2307/3276/2307 3054/3278/3054 3062/3295/3062
vt 0.7233121 0.4412352
vt 0.7104322 0.4419399
f 3066/3301/3066 3052/3283/3052 3068/3302/3068
f 3053/3277/3053 3054/3278/3054 2307/3276/2307
f 3060/3282/3060 3052/3283/3052 3066/3301/3066
f 3068/3302/3068 3048/3286/3048 3069/3300/3069
f 3052/3283/3052 3048/3286/3048 3068/3302/3068
f 3054/3278/3054 1855/3256/1855 3070/3280/3070
vt 0.6116108 0.3995187
f 3070/3280/3070 1857/3284/1857 3091/3303/3091
vt 0.5996094 0.4028006
f 2826/3304/2826 3091/3303/3091 1857/3284/1857
vt 0.8322004 0.3895988
vt 0.8203025 0.4012714
f 3073/3305/3073 3057/3288/3057 3074/3306/3074
f 3056/3289/3056 3057/3288/3057 3073/3305/3073
f 3058/3290/3058 3056/3289/3056 3073/3305/3073
vt 0.8427836 0.3763977
f 3073/3305/3073 3075/3307/3075 3058/3290/3058
f 3059/3291/3059 3058/3290/3058 3075/3307/3075
vt 0.8522467 0.3616681
f 3075/3307/3075 3076/3308/3076 3059/3291/3059
f 2839/3293/2839 3059/3291/3059 3076/3308/3076
vt 0.7630224 0.4335051
vt 0.7524305 0.4362517
f 3071/3309/3071 3040/3259/3040 3072/3310/3072
f 3055/3279/3055 3040/3259/3040 3071/3309/3071
vt 0.7373161 0.4391046
f 3072/3310/3072 3041/3262/3041 3077/3311/3077
f 3040/3259/3040 3041/3262/3041 3072/3310/3072
f 3041/3262/3041 3060/3282/3060 3077/3311/3077
f 3061/3285/3061 3055/3279/3055 3071/3309/3071
vt 0.7784501 0.4274959
f 3071/3309/3071 3078/3312/3078 3061/3285/3061
f 3079/3287/3079 3061/3285/3061 3078/3312/3078
vt 0.8072406 0.4114863
f 3079/3287/3079 3080/3313/3080 3047/3271/3047
f 3074/3306/3074 3047/3271/3047 3080/3313/3080
f 3057/3288/3057 3047/3271/3047 3074/3306/3074
f 3066/3301/3066 3077/3311/3077 3060/3282/3060
vt 0.6388222 0.4126711
f 2310/3294/2310 3062/3295/3062 3083/3314/3083
vt 0.6496444 0.4182019
f 3083/3314/3083 3081/3315/3081 2310/3294/2310
vt 0.6753508 0.4359580
vt 0.6671360 0.4248280
f 3102/3316/3102 3064/3296/3064 3088/3317/3088
vt 0.6771278 0.4274056
f 3085/3318/3085 3102/3316/3102 3088/3317/3088
f 3065/3297/3065 3064/3296/3064 3102/3316/3102
vt 0.7571095 0.4178288
vt 0.7481341 0.4211815
f 3092/3319/3092 3072/3310/3072 3093/3320/3093
vt 0.6293969 0.4077721
vt 0.6201738 0.4034706
f 3090/3321/3090 3070/3280/3070 3087/3322/3087
f 3067/3298/3067 3088/3317/3088 3064/3296/3064
f 3071/3309/3071 3072/3310/3072 3092/3319/3092
f 3054/3278/3054 3070/3280/3070 3090/3321/3090
vt 0.6871942 0.4322737
f 3063/3299/3063 3103/3323/3103 3069/3300/3069
f 3067/3298/3067 2310/3294/2310 3081/3315/3081
vt 0.7342980 0.4259446
f 3093/3320/3093 3077/3311/3077 3096/3324/3096
f 3072/3310/3072 3077/3311/3077 3093/3320/3093
f 3091/3303/3091 3087/3322/3087 3070/3280/3070
f 3102/3316/3102 3103/3323/3103 3063/3299/3063
vt 0.6039417 0.3952956
f 3091/3303/3091 2826/3304/2826 2847/3325/2847
f 3062/3295/3062 3054/3278/3054 3090/3321/3090
f 3063/3299/3063 3065/3297/3065 3102/3316/3102
f 3090/3321/3090 3083/3314/3083 3062/3295/3062
f 3078/3312/3078 3071/3309/3071 3092/3319/3092
vt 0.7217525 0.4286514
vt 0.7099907 0.4298561
f 3082/3326/3082 3068/3302/3068 3084/3327/3084
vt 0.7720016 0.4130458
f 3092/3319/3092 3098/3328/3098 3078/3312/3078
f 3066/3301/3066 3068/3302/3068 3082/3326/3082
f 3079/3287/3079 3078/3312/3078 3098/3328/3098
vt 0.7859550 0.4065811
f 3098/3328/3098 3100/3329/3100 3079/3287/3079
f 3080/3313/3080 3079/3287/3079 3100/3329/3100
vt 0.7982830 0.3988698
f 3100/3329/3100 3101/3330/3101 3080/3313/3080
vt 0.6985068 0.4299706
f 3068/3302/3068 3069/3300/3069 3086/3331/3086
f 3086/3331/3086 3084/3327/3084 3068/3302/3068
vt 0.8096258 0.3896009
f 3095/3332/3095 3080/3313/3080 3101/3330/3101
f 3074/3306/3074 3080/3313/3080 3095/3332/3095
f 3077/3311/3077 3066/3301/3066 3082/3326/3082
f 3082/3326/3082 3096/3324/3096 3077/3311/3077
vt 0.6875780 0.4292235
f 3086/3331/3086 3103/3323/3103 3089/3333/3089
f 3069/3300/3069 3103/3323/3103 3086/3331/3086
vt 0.8200288 0.3789276
f 3094/3334/3094 3074/3306/3074 3095/3332/3095
f 3073/3305/3073 3074/3306/3074 3094/3334/3094
f 3075/3307/3075 3073/3305/3073 3094/3334/3094
vt 0.8292300 0.3638887
f 3094/3334/3094 3130/3335/3130 3075/3307/3075
vt 0.8371609 0.3539955
f 3097/3336/3097 3075/3307/3075 3130/3335/3130
f 3076/3308/3076 3075/3307/3075 3097/3336/3097
vt 0.8443649 0.3396604
f 3076/3308/3076 3097/3336/3097 3099/3337/3099
f 2839/3293/2839 3076/3308/3076 3099/3337/3099
vt 0.8673332 0.3291923
f 2840/3338/2840 2839/3293/2839 3099/3337/3099
vt 0.8501284 0.3227243
f 3099/3337/3099 2863/3339/2863 2840/3338/2840
f 3103/3323/3103 3102/3316/3102 3085/3318/3085
f 3085/3318/3085 3089/3333/3089 3103/3323/3103
vt 0.7092077 0.4189025
f 3082/3326/3082 3084/3327/3084 3105/3340/3105
vt 0.7205878 0.4159797
f 3105/3340/3105 3163/3341/3163 3082/3326/3082
vt 0.6530043 0.4094861
vt 0.6437735 0.4038118
f 3104/3342/3104 3083/3314/3083 3106/3343/3106
vt 0.6988072 0.4192524
f 3084/3327/3084 3086/3331/3086 3107/3344/3107
vt 0.6320596 0.4015077
vt 0.6278803 0.3962617
f 3127/3345/3127 3087/3322/3087 3111/3346/3111
f 3081/3315/3081 3083/3314/3083 3104/3342/3104
f 3107/3344/3107 3105/3340/3105 3084/3327/3084
f 3090/3321/3090 3087/3322/3087 3127/3345/3127
vt 0.6886636 0.4187183
f 3086/3331/3086 3089/3333/3089 3109/3347/3109
vt 0.6789187 0.4174485
vt 0.6696586 0.4154641
f 3108/3348/3108 3088/3317/3088 3110/3349/3110
f 3109/3347/3109 3107/3344/3107 3086/3331/3086
f 3085/3318/3085 3088/3317/3088 3108/3348/3108
vt 0.6153321 0.3917546
f 3087/3322/3087 3091/3303/3091 3113/3350/3113
f 3113/3350/3113 3111/3346/3111 3087/3322/3087
f 3109/3347/3109 3085/3318/3085 3108/3348/3108
vt 0.6607533 0.4126636
f 3110/3349/3110 3067/3298/3067 3112/3351/3112
f 3089/3333/3089 3085/3318/3085 3109/3347/3109
vt 0.6324831 0.3971953
f 3116/3352/3116 3127/3345/3127 3111/3346/3111
f 3088/3317/3088 3067/3298/3067 3110/3349/3110
vt 0.6078891 0.3879796
f 3091/3303/3091 2847/3325/2847 2876/3353/2876
f 2876/3353/2876 3113/3350/3113 3091/3303/3091
f 3067/3298/3067 3081/3315/3081 3104/3342/3104
f 3104/3342/3104 3112/3351/3112 3067/3298/3067
vt 0.6375334 0.3974879
f 3106/3343/3106 3127/3345/3127 3114/3354/3114
f 3083/3314/3083 3127/3345/3127 3106/3343/3106
f 3090/3321/3090 3127/3345/3127 3083/3314/3083
f 3114/3354/3114 3127/3345/3127 3116/3352/3116
vt 0.7418888 0.4080677
f 3092/3319/3092 3093/3320/3093 3117/3355/3117
vt 0.7538132 0.4024839
f 3117/3355/3117 3115/3356/3115 3092/3319/3092
vt 0.8093773 0.3689855
vt 0.7999852 0.3793937
f 3121/3357/3121 3095/3332/3095 3120/3358/3120
f 3094/3334/3094 3095/3332/3095 3121/3357/3121
vt 0.8233714 0.3626302
f 3128/3359/3128 3094/3334/3094 3121/3357/3121
f 3130/3335/3130 3094/3334/3094 3128/3359/3128
vt 0.7309085 0.4146151
f 3093/3320/3093 3096/3324/3096 3118/3360/3118
f 3118/3360/3118 3117/3355/3117 3093/3320/3093
vt 0.8241722 0.3464159
f 3129/3361/3129 3130/3335/3130 3128/3359/3128
f 3097/3336/3097 3130/3335/3130 3129/3361/3129
vt 0.7669706 0.3999825
f 3119/3362/3119 3092/3319/3092 3115/3356/3115
vt 0.8300552 0.3330710
f 3099/3337/3099 3129/3361/3129 3122/3363/3122
f 3098/3328/3098 3092/3319/3092 3119/3362/3119
vt 0.7792103 0.3948649
f 3125/3364/3125 3098/3328/3098 3119/3362/3119
f 3100/3329/3100 3098/3328/3098 3125/3364/3125
vt 0.8159782 0.3569086
f 3123/3365/3123 3128/3359/3128 3121/3357/3121
vt 0.7901050 0.3879056
f 3126/3366/3126 3100/3329/3100 3125/3364/3125
f 3101/3330/3101 3100/3329/3100 3126/3366/3126
f 3129/3361/3129 3128/3359/3128 3123/3365/3123
f 3095/3332/3095 3101/3330/3101 3126/3366/3126
f 3126/3366/3126 3120/3358/3120 3095/3332/3095
f 3097/3336/3097 3129/3361/3129 3099/3337/3099
f 3118/3360/3118 3082/3326/3082 3163/3341/3163
f 3096/3324/3096 3082/3326/3082 3118/3360/3118
f 2863/3339/2863 3099/3337/3099 3122/3363/3122
vt 0.8344300 0.3185707
f 3122/3363/3122 3124/3367/3124 2863/3339/2863
vt 0.8527744 0.3058745
f 2864/3368/2864 2863/3339/2863 3124/3367/3124
vt 0.8365876 0.3025443
f 3124/3367/3124 2886/3369/2886 2864/3368/2864
vt 0.6802942 0.4080714
f 3109/3347/3109 3108/3348/3108 3134/3370/3134
vt 0.6894068 0.4090444
f 3134/3370/3134 3133/3371/3133 3109/3347/3109
vt 0.6705578 0.4059390
vt 0.6622018 0.4078752
vt 0.6632634 0.4041304
f 3212/3372/3212 3164/3373/3164 3137/3374/3137
vt 0.6555055 0.4010243
f 3164/3373/3164 3104/3342/3104 3139/3375/3139
f 3137/3374/3137 3164/3373/3164 3139/3375/3139
vt 0.6494383 0.3948210
f 3139/3375/3139 3106/3343/3106 3213/3376/3213
f 3104/3342/3104 3106/3343/3106 3139/3375/3139
f 3134/3370/3134 3110/3349/3110 3212/3372/3212
f 3108/3348/3108 3110/3349/3110 3134/3370/3134
vt 0.6438968 0.3912959
vt 0.6395811 0.3885701
vt 0.6416279 0.3878067
f 3141/3377/3141 3167/3378/3167 3143/3379/3143
vt 0.6406002 0.3944243
f 3166/3380/3166 3167/3378/3167 3141/3377/3141
f 3110/3349/3110 3164/3373/3164 3212/3372/3212
f 3112/3351/3112 3164/3373/3164 3110/3349/3110
f 3104/3342/3104 3164/3373/3164 3112/3351/3112
vt 0.7456863 0.3891435
vt 0.7444875 0.3960874
vt 0.7407401 0.3925353
f 3162/3381/3162 3168/3382/3168 3153/3383/3153
vt 0.7439111 0.3888022
f 3153/3383/3153 3131/3384/3131 3162/3381/3162
vt 0.7273411 0.4039192
f 3117/3355/3117 3118/3360/3118 3135/3385/3135
vt 0.6474728 0.3955568
f 3145/3386/3145 3166/3380/3166 3141/3377/3141
vt 0.7357805 0.3984234
f 3135/3385/3135 3161/3387/3161 3117/3355/3117
vt 0.6341256 0.3888172
f 3114/3354/3114 3116/3352/3116 3146/3388/3146
vt 0.7463146 0.3891052
f 3168/3382/3168 3162/3381/3162 3132/3389/3132
f 3106/3343/3106 3166/3380/3166 3145/3386/3145
f 3166/3380/3166 3114/3354/3114 3146/3388/3146
vt 0.7522770 0.3904448
f 3138/3390/3138 3168/3382/3168 3132/3389/3132
f 3213/3376/3213 3106/3343/3106 3145/3386/3145
vt 0.6373386 0.3880019
f 3147/3391/3147 3166/3380/3166 3146/3388/3146
vt 0.7537794 0.4002503
f 3165/3392/3165 3168/3382/3168 3138/3390/3138
f 3114/3354/3114 3166/3380/3166 3106/3343/3106
f 3167/3378/3167 3166/3380/3166 3147/3391/3147
f 3153/3383/3153 3168/3382/3168 3161/3387/3161
vt 0.7179585 0.4070271
f 3135/3385/3135 3163/3341/3163 3136/3393/3136
vt 0.6394809 0.3877636
f 3143/3379/3143 3167/3378/3167 3149/3394/3149
f 3118/3360/3118 3163/3341/3163 3135/3385/3135
f 3149/3394/3149 3167/3378/3167 3147/3391/3147
f 3168/3382/3168 3117/3355/3117 3161/3387/3161
f 3115/3356/3115 3117/3355/3117 3168/3382/3168
f 3165/3392/3165 3115/3356/3115 3168/3382/3168
vt 0.7620255 0.3884773
f 3218/3395/3218 3165/3392/3165 3138/3390/3138
vt 0.6255491 0.3895859
vt 0.6230607 0.3793767
f 3152/3396/3152 3113/3350/3113 3183/3397/3183
f 3111/3346/3111 3113/3350/3113 3152/3396/3152
f 3119/3362/3119 3165/3392/3165 3218/3395/3218
f 3111/3346/3111 3152/3396/3152 3146/3388/3146
f 3115/3356/3115 3165/3392/3165 3119/3362/3119
f 3116/3352/3116 3111/3346/3111 3146/3388/3146
vt 0.7727535 0.3847191
f 3140/3398/3140 3119/3362/3119 3218/3395/3218
f 3125/3364/3125 3119/3362/3119 3140/3398/3140
vt 0.6119337 0.3808743
f 3113/3350/3113 2876/3353/2876 2901/3399/2901
f 2901/3399/2901 3183/3397/3183 3113/3350/3113
vt 0.7821580 0.3783546
f 3142/3400/3142 3125/3364/3125 3140/3398/3140
f 3126/3366/3126 3125/3364/3125 3142/3400/3142
vt 0.7987874 0.3614303
vt 0.7908705 0.3705279
f 3154/3401/3154 3120/3358/3120 3144/3402/3144
f 3121/3357/3121 3120/3358/3120 3154/3401/3154
f 3144/3402/3144 3126/3366/3126 3142/3400/3142
f 3120/3358/3120 3126/3366/3126 3144/3402/3144
f 3123/3365/3123 3121/3357/3121 3154/3401/3154
vt 0.8057885 0.3512223
f 3155/3403/3155 3123/3365/3123 3154/3401/3154
vt 0.7084278 0.4086453
f 3136/3393/3136 3163/3341/3163 3148/3404/3148
vt 0.8117847 0.3399814
f 3156/3405/3156 3123/3365/3123 3155/3403/3155
f 3129/3361/3129 3123/3365/3123 3156/3405/3156
f 3163/3341/3163 3105/3340/3105 3148/3404/3148
f 3122/3363/3122 3129/3361/3129 3156/3405/3156
vt 0.8166741 0.3276920
f 3156/3405/3156 3157/3406/3157 3122/3363/3122
vt 0.6988101 0.4092836
f 3105/3340/3105 3107/3344/3107 3151/3407/3151
f 3151/3407/3151 3148/3404/3148 3105/3340/3105
f 3107/3344/3107 3109/3347/3109 3133/3371/3133
f 3133/3371/3133 3151/3407/3151 3107/3344/3107
f 3124/3367/3124 3122/3363/3122 3157/3406/3157
vt 0.8201138 0.3144267
f 3157/3406/3157 3159/3408/3159 3124/3367/3124
f 2886/3369/2886 3124/3367/3124 3159/3408/3159
vt 0.8223594 0.3002679
f 3158/3409/3158 2886/3369/2886 3159/3408/3159
vt 0.8358281 0.2874492
vt 0.8200750 0.2843413
f 2920/3410/2920 3158/3409/3158 3160/3411/3160
vt 0.8335849 0.2728099
f 2919/3412/2919 2920/3410/2920 3160/3411/3160
vt 0.8180457 0.2758331
f 3150/3413/3150 2919/3412/2919 3160/3411/3160
vt 0.8182542 0.2710028
f 2917/3414/2917 2919/3412/2919 3150/3413/3150
f 3158/3409/3158 2920/3410/2920 2886/3369/2886
vt 0.7418398 0.3847462
vt 0.7417153 0.3873335
vt 0.7402202 0.3857022
f 3169/3415/3169 3209/3416/3209 3170/3417/3170
vt 0.7449676 0.3841677
f 3171/3418/3171 3209/3416/3209 3169/3415/3169
f 3131/3384/3131 3209/3416/3209 3171/3418/3171
f 3162/3381/3162 3131/3384/3131 3171/3418/3171
f 3132/3389/3132 3162/3381/3162 3171/3418/3171
vt 0.7499656 0.3834873
f 3171/3418/3171 3172/3419/3172 3132/3389/3132
vt 0.6806958 0.4047778
vt 0.6896502 0.4049582
f 3211/3420/3211 3210/3421/3210 3133/3371/3133
f 3133/3371/3133 3134/3370/3134 3211/3420/3211
vt 0.6730634 0.3979721
f 3211/3420/3211 3212/3372/3212 3174/3422/3174
vt 0.6813126 0.3991805
f 3174/3422/3174 3173/3423/3173 3211/3420/3211
vt 0.6652379 0.3962116
f 3212/3372/3212 3137/3374/3137 3175/3424/3175
f 3174/3422/3174 3212/3372/3212 3175/3424/3175
vt 0.6580229 0.3938385
f 3175/3424/3175 3139/3375/3139 3176/3425/3176
f 3137/3374/3137 3139/3375/3139 3175/3424/3175
vt 0.6537343 0.3917910
vt 0.6516585 0.3906898
f 3177/3426/3177 3213/3376/3213 3178/3427/3178
f 3139/3375/3139 3213/3376/3213 3177/3426/3177
f 3176/3425/3176 3139/3375/3139 3177/3426/3177
f 3212/3372/3212 3211/3420/3211 3134/3370/3134
vt 0.6428268 0.3867874
vt 0.6466702 0.3871706
f 3141/3377/3141 3215/3428/3215 3180/3429/3180
vt 0.7319516 0.3918709
vt 0.7283827 0.3937867
f 3188/3430/3188 3161/3387/3161 3190/3431/3190
f 3143/3379/3143 3215/3428/3215 3141/3377/3141
vt 0.7245674 0.3954868
f 3190/3431/3190 3135/3385/3135 3196/3432/3196
vt 0.6353394 0.3840765
f 3146/3388/3146 3217/3433/3217 3147/3391/3147
vt 0.6442062 0.3852534
f 3180/3429/3180 3215/3428/3215 3179/3434/3179
f 3161/3387/3161 3135/3385/3135 3190/3431/3190
vt 0.6426123 0.3842549
f 3179/3434/3179 3215/3428/3215 3181/3435/3181
vt 0.8053869 0.2731112
vt 0.8096302 0.2841384
vt 0.8078375 0.2843743
f 3189/3436/3189 3214/3437/3214 3187/3438/3187
f 3178/3427/3178 3141/3377/3141 3180/3429/3180
f 3150/3413/3150 3214/3437/3214 3189/3436/3189
vt 0.6400440 0.3838540
f 3143/3379/3143 3149/3394/3149 3182/3439/3182
f 3213/3376/3213 3141/3377/3141 3178/3427/3178
f 2917/3414/2917 3150/3413/3150 3189/3436/3189
f 3215/3428/3215 3143/3379/3143 3182/3439/3182
f 3145/3386/3145 3141/3377/3141 3213/3376/3213
vt 0.7162616 0.3978944
f 3135/3385/3135 3136/3393/3136 3198/3440/3198
f 3181/3435/3181 3215/3428/3215 3182/3439/3182
f 3198/3440/3198 3196/3432/3196 3135/3385/3135
vt 0.6352460 0.3830011
f 3182/3439/3182 3217/3433/3217 3185/3441/3185
f 3147/3391/3147 3217/3433/3217 3182/3439/3182
f 3149/3394/3149 3147/3391/3147 3182/3439/3182
vt 0.8164596 0.2659242
f 2900/3442/2900 2917/3414/2917 3189/3436/3189
vt 0.8087615 0.2605108
f 2945/3443/2945 2900/3442/2900 3189/3436/3189
vt 0.8028987 0.2634788
f 3191/3444/3191 2945/3443/2945 3189/3436/3189
vt 0.7586995 0.3807910
f 3200/3445/3200 3138/3390/3138 3172/3419/3172
f 3218/3395/3218 3138/3390/3138 3200/3445/3200
vt 0.8019660 0.2591574
f 2933/3446/2933 2945/3443/2945 3191/3444/3191
vt 0.6291978 0.3811989
f 3146/3388/3146 3152/3396/3152 3184/3447/3184
f 3217/3433/3217 3146/3388/3146 3184/3447/3184
f 3185/3441/3185 3217/3433/3217 3184/3447/3184
vt 0.7623816 0.3789492
f 3202/3448/3202 3218/3395/3218 3200/3445/3200
f 3184/3447/3184 3152/3396/3152 3183/3397/3183
vt 0.7890572 0.3543118
vt 0.7822497 0.3628144
f 3193/3449/3193 3144/3402/3144 3194/3450/3194
vt 0.7377652 0.3886832
vt 0.7372443 0.3880275
f 3170/3417/3170 3216/3451/3216 3192/3452/3192
f 3154/3401/3154 3144/3402/3144 3193/3449/3193
f 3209/3416/3209 3216/3451/3216 3170/3417/3170
vt 0.6164489 0.3741065
f 3183/3397/3183 2901/3399/2901 3186/3453/3186
f 3155/3403/3155 3154/3401/3154 3193/3449/3193
vt 0.7951226 0.3448262
f 3193/3449/3193 3195/3454/3195 3155/3403/3155
f 3140/3398/3140 3218/3395/3218 3202/3448/3202
f 3156/3405/3156 3155/3403/3155 3195/3454/3195
vt 0.7669241 0.3762572
f 3203/3455/3203 3140/3398/3140 3202/3448/3202
vt 0.6099295 0.3693005
f 2932/3456/2932 3186/3453/3186 2901/3399/2901
f 3153/3383/3153 3209/3416/3209 3131/3384/3131
vt 0.8003364 0.3344493
f 3195/3454/3195 3197/3457/3197 3156/3405/3156
f 3216/3451/3216 3209/3416/3209 3153/3383/3153
f 3157/3406/3157 3156/3405/3156 3197/3457/3197
vt 0.7748013 0.3701908
f 3205/3458/3205 3140/3398/3140 3203/3455/3203
vt 0.8045211 0.3231775
f 3197/3457/3197 3199/3459/3199 3157/3406/3157
f 3138/3390/3138 3132/3389/3132 3172/3419/3172
f 3142/3400/3142 3140/3398/3140 3205/3458/3205
vt 0.8087261 0.2982866
vt 0.8081773 0.3076864
f 3201/3460/3201 3158/3409/3158 3204/3461/3204
f 3159/3408/3159 3157/3406/3157 3199/3459/3199
f 3199/3459/3199 3204/3461/3204 3159/3408/3159
f 3158/3409/3158 3159/3408/3159 3204/3461/3204
f 3160/3411/3160 3158/3409/3158 3201/3460/3201
f 3214/3437/3214 3160/3411/3160 3201/3460/3201
f 3187/3438/3187 3214/3437/3214 3201/3460/3201
f 3160/3411/3160 3214/3437/3214 3150/3413/3150
f 3194/3450/3194 3142/3400/3142 3205/3458/3205
f 3144/3402/3144 3142/3400/3142 3194/3450/3194
vt 0.7075135 0.3992990
f 3136/3393/3136 3148/3404/3148 3206/3462/3206
f 3198/3440/3198 3136/3393/3136 3206/3462/3206
vt 0.6987965 0.4063389
vt 0.6986685 0.3998947
f 3206/3462/3206 3219/3463/3219 3207/3464/3207
f 3148/3404/3148 3219/3463/3219 3206/3462/3206
vt 0.6898872 0.3998199
f 3207/3464/3207 3210/3421/3210 3208/3465/3208
f 3219/3463/3219 3210/3421/3210 3207/3464/3207
f 3210/3421/3210 3211/3420/3211 3173/3423/3173
f 3173/3423/3173 3208/3465/3208 3210/3421/3210
f 3219/3463/3219 3148/3404/3148 3151/3407/3151
f 3133/3371/3133 3219/3463/3219 3151/3407/3151
f 3210/3421/3210 3219/3463/3219 3133/3371/3133
f 3153/3383/3153 3161/3387/3161 3188/3430/3188
f 3216/3451/3216 3153/3383/3153 3188/3430/3188
f 3192/3452/3192 3216/3451/3216 3188/3430/3188
vt 0.7406744 0.3820189
vt 0.7387049 0.3827503
f 3220/3466/3220 3170/3417/3170 3221/3467/3221
f 3169/3415/3169 3170/3417/3170 3220/3466/3220
f 3171/3418/3171 3169/3415/3169 3220/3466/3220
vt 0.7437093 0.3804405
f 3220/3466/3220 3222/3468/3222 3171/3418/3171
vt 0.6819965 0.3909751
vt 0.6741917 0.3902264
f 3223/3469/3223 3174/3422/3174 3224/3470/3224
f 3173/3423/3173 3174/3422/3174 3223/3469/3223
vt 0.6454836 0.3827239
f 3180/3429/3180 3179/3434/3179 3231/3471/3231
f 3172/3419/3172 3171/3418/3171 3222/3468/3222
vt 0.6485462 0.3838406
f 3231/3471/3231 3232/3472/3232 3180/3429/3180
vt 0.7482001 0.3782223
f 3222/3468/3222 3241/3473/3241 3172/3419/3172
vt 0.6667775 0.3890616
f 3174/3422/3174 3175/3424/3175 3225/3474/3225
f 3225/3474/3225 3224/3470/3224 3174/3422/3174
vt 0.6537441 0.3857912
f 3229/3475/3229 3180/3429/3180 3232/3472/3232
f 3178/3427/3178 3180/3429/3180 3229/3475/3229
vt 0.6598719 0.3875564
f 3225/3474/3225 3176/3425/3176 3226/3476/3226
f 3175/3424/3175 3176/3425/3176 3225/3474/3225
f 3177/3426/3177 3178/3427/3178 3229/3475/3229
vt 0.6567352 0.3866804
f 3229/3475/3229 3228/3477/3228 3177/3426/3177
vt 0.6435159 0.3820390
f 3179/3434/3179 3181/3435/3181 3235/3478/3235
f 3235/3478/3235 3231/3471/3231 3179/3434/3179
f 3176/3425/3176 3177/3426/3177 3228/3477/3228
f 3228/3477/3228 3226/3476/3226 3176/3425/3176
vt 0.6410399 0.3807444
f 3181/3435/3181 3182/3439/3182 3237/3479/3237
f 3237/3479/3237 3235/3478/3235 3181/3435/3181
vt 0.6369904 0.3787720
f 3182/3439/3182 3185/3441/3185 3242/3480/3242
f 3242/3480/3242 3237/3479/3237 3182/3439/3182
vt 0.6319501 0.3760480
f 3185/3441/3185 3184/3447/3184 3240/3481/3240
f 3240/3481/3240 3242/3480/3242 3185/3441/3185
vt 0.6236982 0.3767365
vt 0.6263778 0.3723395
f 3240/3481/3240 3260/3482/3260 3246/3483/3246
f 3184/3447/3184 3260/3482/3260 3240/3481/3240
f 3183/3397/3183 3260/3482/3260 3184/3447/3184
vt 0.6209477 0.3682042
f 3246/3483/3246 3186/3453/3186 3245/3484/3245
f 3260/3482/3260 3186/3453/3186 3246/3483/3246
f 3183/3397/3183 3186/3453/3186 3260/3482/3260
vt 0.6152723 0.3631932
f 3186/3453/3186 2932/3456/2932 3248/3485/3248
f 3248/3485/3248 3245/3484/3245 3186/3453/3186
vt 0.7956422 0.2857622
f 3189/3436/3189 3187/3438/3187 3227/3486/3227
vt 0.7295057 0.3863678
vt 0.7239466 0.3882638
f 3236/3487/3236 3190/3431/3190 3239/3488/3239
vt 0.7962581 0.2750033
f 3227/3486/3227 3230/3489/3230 3189/3436/3189
f 3188/3430/3188 3190/3431/3190 3236/3487/3236
f 3191/3444/3191 3189/3436/3189 3230/3489/3230
vt 0.7941965 0.2664294
f 3230/3489/3230 3233/3490/3233 3191/3444/3191
f 2933/3446/2933 3191/3444/3191 3233/3490/3233
f 3190/3431/3190 3196/3432/3196 3239/3488/3239
vt 0.7926636 0.2637685
f 3233/3490/3233 3234/3491/3234 2933/3446/2933
vt 0.6095574 0.3573468
f 2967/3492/2967 3248/3485/3248 2932/3456/2932
vt 0.7350831 0.3841476
f 3170/3417/3170 3192/3452/3192 3238/3493/3238
vt 0.7802076 0.3482680
vt 0.7744437 0.3562858
f 3250/3494/3250 3194/3450/3194 3251/3495/3251
vt 0.7148020 0.3898808
f 3196/3432/3196 3198/3440/3198 3243/3496/3243
f 3238/3493/3238 3221/3467/3221 3170/3417/3170
f 3193/3449/3193 3194/3450/3194 3250/3494/3250
f 3243/3496/3243 3239/3488/3239 3196/3432/3196
f 3195/3454/3195 3193/3449/3193 3250/3494/3250
vt 0.7854303 0.3394499
f 3250/3494/3250 3252/3497/3252 3195/3454/3195
vt 0.7549912 0.3742980
f 3244/3498/3244 3172/3419/3172 3241/3473/3241
f 3200/3445/3200 3172/3419/3172 3244/3498/3244
f 3197/3457/3197 3195/3454/3195 3252/3497/3252
f 3202/3448/3202 3200/3445/3200 3244/3498/3244
vt 0.7900102 0.3299714
f 3252/3497/3252 3253/3499/3253 3197/3457/3197
vt 0.7601608 0.3702908
f 3244/3498/3244 3247/3500/3247 3202/3448/3202
f 3192/3452/3192 3188/3430/3188 3236/3487/3236
f 3236/3487/3236 3238/3493/3238 3192/3452/3192
f 3199/3459/3199 3197/3457/3197 3253/3499/3253
f 3203/3455/3203 3202/3448/3202 3247/3500/3247
vt 0.7936099 0.3198085
f 3253/3499/3253 3255/3501/3255 3199/3459/3199
vt 0.7976928 0.2975532
vt 0.7968684 0.3071040
f 3257/3502/3257 3204/3461/3204 3259/3503/3259
vt 0.7681545 0.3633093
f 3249/3504/3249 3203/3455/3203 3247/3500/3247
f 3201/3460/3201 3204/3461/3204 3257/3502/3257
f 3205/3458/3205 3203/3455/3203 3249/3504/3249
f 3204/3461/3204 3199/3459/3199 3255/3501/3255
f 3255/3501/3255 3259/3503/3259 3204/3461/3204
f 3251/3495/3251 3205/3458/3205 3249/3504/3249
f 3194/3450/3194 3205/3458/3205 3251/3495/3251
f 3187/3438/3187 3201/3460/3201 3257/3502/3257
f 3257/3502/3257 3227/3486/3227 3187/3438/3187
vt 0.7066869 0.3908904
f 3198/3440/3198 3206/3462/3206 3254/3505/3254
f 3254/3505/3254 3243/3496/3243 3198/3440/3198
vt 0.6984284 0.3913279
f 3206/3462/3206 3207/3464/3207 3256/3506/3256
f 3256/3506/3256 3254/3505/3254 3206/3462/3206
vt 0.7865945 0.2561595
f 2972/3507/2972 2933/3446/2933 3234/3491/3234
vt 0.6901330 0.3913143
f 3207/3464/3207 3208/3465/3208 3258/3508/3258
f 3258/3508/3258 3256/3506/3256 3207/3464/3207
f 3208/3465/3208 3173/3423/3173 3223/3469/3223
f 3223/3469/3223 3258/3508/3258 3208/3465/3208
vt 0.7378763 0.3791611
f 3221/3467/3221 3295/3509/3295 3220/3466/3220
vt 0.7415459 0.3767365
f 3220/3466/3220 3295/3509/3295 3261/3510/3261
f 3222/3468/3222 3220/3466/3220 3261/3510/3261
f 3241/3473/3241 3222/3468/3222 3261/3510/3261
vt 0.7448981 0.3738244
f 3261/3510/3261 3271/3511/3271 3241/3473/3241
vt 0.6823534 0.3829866
vt 0.6747524 0.3827105
f 3262/3512/3262 3224/3470/3224 3263/3513/3263
f 3223/3469/3223 3224/3470/3224 3262/3512/3262
vt 0.6675392 0.3821110
f 3263/3513/3263 3225/3474/3225 3264/3514/3264
f 3224/3470/3224 3225/3474/3225 3263/3513/3263
vt 0.6599380 0.3817424
f 3264/3514/3264 3226/3476/3226 3266/3515/3266
f 3225/3474/3225 3226/3476/3226 3264/3514/3264
vt 0.7280801 0.3807816
vt 0.7222500 0.3818175
f 3273/3516/3273 3239/3488/3239 3275/3517/3275
f 3236/3487/3236 3239/3488/3239 3273/3516/3273
vt 0.6462086 0.3795199
f 3231/3471/3231 3296/3518/3296 3232/3472/3232
vt 0.6548585 0.3809004
f 3228/3477/3228 3229/3475/3229 3267/3519/3267
f 3267/3519/3267 3266/3515/3266 3228/3477/3228
vt 0.6498503 0.3801704
f 3229/3475/3229 3232/3472/3232 3269/3520/3269
f 3269/3520/3269 3267/3519/3267 3229/3475/3229
f 3226/3476/3226 3228/3477/3228 3266/3515/3266
vt 0.7140098 0.3822762
f 3239/3488/3239 3243/3496/3243 3277/3521/3277
f 3277/3521/3277 3275/3517/3275 3239/3488/3239
f 3244/3498/3244 3241/3473/3241 3271/3511/3271
vt 0.7507010 0.3689943
f 3271/3511/3271 3280/3522/3280 3244/3498/3244
f 3232/3472/3232 3296/3518/3296 3269/3520/3269
f 3247/3500/3247 3244/3498/3244 3280/3522/3280
vt 0.7553283 0.3632039
f 3280/3522/3280 3281/3523/3281 3247/3500/3247
f 3235/3478/3235 3296/3518/3296 3231/3471/3231
vt 0.7615771 0.3574850
f 3284/3524/3284 3247/3500/3247 3281/3523/3281
f 3249/3504/3249 3247/3500/3247 3284/3524/3284
vt 0.6427834 0.3776655
f 3235/3478/3235 3237/3479/3237 3272/3525/3272
vt 0.7669218 0.3506344
f 3283/3526/3283 3249/3504/3249 3284/3524/3284
f 3296/3518/3296 3235/3478/3235 3272/3525/3272
f 3251/3495/3251 3249/3504/3249 3283/3526/3283
vt 0.7062051 0.3828367
f 3243/3496/3243 3254/3505/3254 3286/3527/3286
vt 0.7875205 0.2769372
vt 0.7883707 0.2856735
f 3265/3528/3265 3227/3486/3227 3294/3529/3294
f 3286/3527/3286 3277/3521/3277 3243/3496/3243
vt 0.6393912 0.3750905
f 3272/3525/3272 3242/3480/3242 3276/3530/3276
f 3230/3489/3230 3227/3486/3227 3265/3528/3265
vt 0.6982409 0.3830366
f 3254/3505/3254 3256/3506/3256 3289/3531/3289
f 3237/3479/3237 3242/3480/3242 3272/3525/3272
f 3289/3531/3289 3286/3527/3286 3254/3505/3254
vt 0.6351867 0.3716898
f 3242/3480/3242 3240/3481/3240 3274/3532/3274
f 3274/3532/3274 3276/3530/3276 3242/3480/3242
vt 0.6902218 0.3830313
f 3289/3531/3289 3258/3508/3258 3290/3533/3290
f 3256/3506/3256 3258/3508/3258 3289/3531/3289
vt 0.6305884 0.3676379
f 3240/3481/3240 3246/3483/3246 3278/3534/3278
f 3278/3534/3278 3274/3532/3274 3240/3481/3240
vt 0.7893052 0.2665432
f 3297/3535/3297 3230/3489/3230 3265/3528/3265
f 3258/3508/3258 3223/3469/3223 3262/3512/3262
vt 0.6206372 0.3577797
vt 0.6158633 0.3520485
f 3340/3536/3340 2967/3492/2967 3341/3537/3341
vt 0.7851092 0.2698733
f 3268/3538/3268 3297/3535/3297 3265/3528/3265
vt 0.6273230 0.3645585
vt 0.6259959 0.3626997
f 3279/3539/3279 3245/3484/3245 3342/3540/3342
f 3262/3512/3262 3290/3533/3290 3258/3508/3258
f 3248/3485/3248 2967/3492/2967 3340/3536/3340
f 3233/3490/3233 3230/3489/3230 3297/3535/3297
f 3246/3483/3246 3245/3484/3245 3279/3539/3279
f 3245/3484/3245 3248/3485/3248 3340/3536/3340
f 3233/3490/3233 3297/3535/3297 3234/3491/3234
f 3250/3494/3250 3251/3495/3251 3283/3526/3283
vt 0.6106771 0.3448718
f 3012/3541/3012 3341/3537/3341 2967/3492/2967
f 3340/3536/3340 3342/3540/3342 3245/3484/3245
vt 0.7790596 0.2633584
f 3288/3542/3288 3297/3535/3297 3268/3538/3268
vt 0.7718372 0.3429798
f 3283/3526/3283 3282/3543/3282 3250/3494/3250
f 3278/3534/3278 3246/3483/3246 3279/3539/3279
f 2972/3507/2972 3297/3535/3297 3288/3542/3288
vt 0.7343838 0.3822107
f 3298/3544/3298 3295/3509/3295 3221/3467/3221
f 3252/3497/3252 3250/3494/3250 3282/3543/3282
f 3221/3467/3221 3238/3493/3238 3298/3544/3298
vt 0.7738114 0.3333115
f 3282/3543/3282 3345/3545/3345 3252/3497/3252
f 3234/3491/3234 3297/3535/3297 2972/3507/2972
vt 0.7804264 0.3259842
f 3285/3546/3285 3252/3497/3252 3345/3545/3345
f 3253/3499/3253 3252/3497/3252 3285/3546/3285
vt 0.7721090 0.2470025
f 2973/3547/2973 2972/3507/2972 3288/3542/3288
vt 0.7669136 0.2557404
f 3288/3542/3288 3292/3548/3292 2973/3547/2973
vt 0.7336786 0.3798714
f 3295/3509/3295 3298/3544/3298 3270/3549/3270
f 3255/3501/3255 3253/3499/3253 3285/3546/3285
vt 0.7836077 0.3166015
f 3285/3546/3285 3287/3550/3287 3255/3501/3255
f 3298/3544/3298 3236/3487/3236 3273/3516/3273
f 3270/3549/3270 3298/3544/3298 3273/3516/3273
f 3238/3493/3238 3236/3487/3236 3298/3544/3298
vt 0.7867233 0.3071319
vt 0.7877609 0.2965277
f 3259/3503/3259 3291/3551/3291 3293/3552/3293
f 3257/3502/3257 3259/3503/3259 3293/3552/3293
f 3291/3551/3291 3255/3501/3255 3287/3550/3287
f 3259/3503/3259 3255/3501/3255 3291/3551/3291
f 3227/3486/3227 3257/3502/3257 3293/3552/3293
f 3294/3529/3294 3227/3486/3227 3293/3552/3293
vt 0.7589689 0.2523679
f 2966/3553/2966 2973/3547/2973 3292/3548/3292
vt 0.7367186 0.3749526
f 3261/3510/3261 3295/3509/3295 3300/3554/3300
vt 0.7390726 0.3733516
f 3300/3554/3300 3299/3555/3299 3261/3510/3261
f 3271/3511/3271 3261/3510/3261 3299/3555/3299
vt 0.7416246 0.3704345
f 3299/3555/3299 3315/3556/3315 3271/3511/3271
vt 0.6748021 0.3750111
f 3262/3512/3262 3263/3513/3263 3301/3557/3301
vt 0.6906250 0.3748001
f 3301/3557/3301 3326/3558/3326 3262/3512/3262
vt 0.6674877 0.3750678
f 3301/3557/3301 3264/3514/3264 3302/3559/3302
f 3263/3513/3263 3264/3514/3264 3301/3557/3301
vt 0.6596516 0.3754688
f 3302/3559/3302 3266/3515/3266 3305/3560/3305
f 3264/3514/3264 3266/3515/3266 3302/3559/3302
vt 0.6225875 0.3470461
f 3340/3536/3340 3341/3537/3341 3303/3561/3303
vt 0.6267229 0.3530888
f 3303/3561/3303 3304/3562/3304 3340/3536/3340
vt 0.6549240 0.3759507
f 3266/3515/3266 3267/3519/3267 3306/3563/3306
f 3306/3563/3306 3305/3560/3305 3266/3515/3266
vt 0.6183998 0.3400671
f 3303/3561/3303 3012/3541/3012 2995/3564/2995
f 3341/3537/3341 3012/3541/3012 3303/3561/3303
vt 0.6502918 0.3764329
f 3267/3519/3267 3269/3520/3269 3309/3565/3309
f 3309/3565/3309 3306/3563/3306 3267/3519/3267
vt 0.7800891 0.2785951
vt 0.7838215 0.2859109
vt 0.7803400 0.2856863
f 3308/3566/3308 3343/3567/3343 3307/3568/3307
f 3265/3528/3265 3343/3567/3343 3308/3566/3308
f 3294/3529/3294 3343/3567/3343 3265/3528/3265
vt 0.6470504 0.3761119
f 3269/3520/3269 3296/3518/3296 3311/3569/3311
f 3311/3569/3311 3309/3565/3309 3269/3520/3269
vt 0.7788769 0.2749446
f 3310/3570/3310 3265/3528/3265 3308/3566/3308
f 3268/3538/3268 3265/3528/3265 3310/3570/3310
vt 0.6447449 0.3747464
f 3311/3569/3311 3272/3525/3272 3313/3571/3313
f 3296/3518/3296 3272/3525/3272 3311/3569/3311
vt 0.7456114 0.3647978
f 3312/3572/3312 3271/3511/3271 3315/3556/3315
vt 0.6422579 0.3720634
f 3313/3571/3313 3276/3530/3276 3316/3573/3316
vt 0.7329473 0.3756136
f 3295/3509/3295 3270/3549/3270 3314/3574/3314
f 3280/3522/3280 3271/3511/3271 3312/3572/3312
f 3272/3525/3272 3276/3530/3276 3313/3571/3313
f 3314/3574/3314 3300/3554/3300 3295/3509/3295
vt 0.6390414 0.3681195
f 3316/3573/3316 3274/3532/3274 3318/3575/3318
f 3276/3530/3276 3274/3532/3274 3316/3573/3316
vt 0.6352412 0.3634851
f 3274/3532/3274 3278/3534/3278 3320/3576/3320
f 3320/3576/3320 3318/3575/3318 3274/3532/3274
vt 0.7278472 0.3753089
f 3314/3574/3314 3273/3516/3273 3319/3577/3319
f 3270/3549/3270 3273/3516/3273 3314/3574/3314
f 3281/3523/3281 3280/3522/3280 3312/3572/3312
vt 0.7498981 0.3587524
f 3317/3578/3317 3281/3523/3281 3312/3572/3312
vt 0.7213578 0.3750014
f 3275/3517/3275 3322/3579/3322 3319/3577/3319
f 3273/3516/3273 3275/3517/3275 3319/3577/3319
vt 0.6310270 0.3584878
f 3279/3539/3279 3342/3540/3342 3323/3580/3323
f 3320/3576/3320 3279/3539/3279 3323/3580/3323
f 3278/3534/3278 3279/3539/3279 3320/3576/3320
f 3323/3580/3323 3340/3536/3340 3304/3562/3304
f 3342/3540/3342 3340/3536/3340 3323/3580/3323
vt 0.7582653 0.2637470
f 2966/3553/2966 3292/3548/3292 3327/3581/3327
vt 0.7547784 0.3523405
f 3338/3582/3338 3281/3523/3281 3317/3578/3317
vt 0.7139438 0.3745966
f 3275/3517/3275 3277/3521/3277 3324/3583/3324
vt 0.7446731 0.2603525
f 3328/3584/3328 2966/3553/2966 3327/3581/3327
f 3322/3579/3322 3275/3517/3275 3324/3583/3324
vt 0.7470500 0.2488071
f 2988/3585/2988 2966/3553/2966 3328/3584/3328
vt 0.7674047 0.3402874
vt 0.7603660 0.3460318
vt 0.7595711 0.3454961
f 3344/3586/3344 3339/3587/3339 3321/3588/3321
vt 0.7639616 0.3383077
f 3321/3588/3321 3332/3589/3332 3344/3586/3344
vt 0.7332250 0.2580081
f 3329/3590/3329 2988/3585/2988 3328/3584/3328
vt 0.7353342 0.2460428
f 2990/3591/2990 2988/3585/2988 3329/3590/3329
f 3345/3545/3345 3344/3586/3344 3332/3589/3332
f 3339/3587/3339 3338/3582/3338 3321/3588/3321
vt 0.7235203 0.2441406
f 2992/3592/2992 2990/3591/2990 3329/3590/3329
vt 0.7678449 0.3307092
f 3332/3589/3332 3333/3593/3333 3345/3545/3345
vt 0.7092865 0.2547145
f 3329/3590/3329 3011/3594/3011 2992/3592/2992
f 3283/3526/3283 3344/3586/3344 3282/3543/3282
f 3339/3587/3339 3344/3586/3344 3283/3526/3283
f 3281/3523/3281 3338/3582/3338 3284/3524/3284
f 3345/3545/3345 3282/3543/3282 3344/3586/3344
f 3284/3524/3284 3339/3587/3339 3283/3526/3283
f 3338/3582/3338 3339/3587/3339 3284/3524/3284
vt 0.7721401 0.3228200
f 3346/3595/3346 3345/3545/3345 3333/3593/3333
vt 0.7712502 0.3224951
f 3333/3593/3333 3334/3596/3334 3346/3595/3346
vt 0.7738891 0.2698146
f 3330/3597/3330 3268/3538/3268 3310/3570/3310
f 3288/3542/3288 3268/3538/3268 3330/3597/3330
vt 0.7060272 0.3746378
f 3277/3521/3277 3286/3527/3286 3325/3598/3325
vt 0.7740874 0.3136145
f 3335/3599/3335 3346/3595/3346 3334/3596/3334
vt 0.7657724 0.2660931
f 3331/3600/3331 3288/3542/3288 3330/3597/3330
f 3325/3598/3325 3324/3583/3324 3277/3521/3277
vt 0.7751400 0.3139281
f 3347/3601/3347 3346/3595/3346 3335/3599/3335
f 3292/3548/3292 3288/3542/3288 3331/3600/3331
f 3325/3598/3325 3289/3531/3289 3326/3558/3326
f 3286/3527/3286 3289/3531/3289 3325/3598/3325
f 3345/3545/3345 3346/3595/3346 3285/3546/3285
f 3331/3600/3331 3327/3581/3327 3292/3548/3292
f 3289/3531/3289 3290/3533/3290 3326/3558/3326
f 3346/3595/3346 3347/3601/3347 3287/3550/3287
f 3287/3550/3287 3285/3546/3285 3346/3595/3346
f 3290/3533/3290 3262/3512/3262 3326/3558/3326
vt 0.7764282 0.3041997
f 3336/3602/3336 3347/3601/3347 3335/3599/3335
f 3291/3551/3291 3347/3601/3347 3336/3602/3336
f 3293/3552/3293 3291/3551/3291 3336/3602/3336
vt 0.7786797 0.2947015
f 3336/3602/3336 3337/3603/3337 3293/3552/3293
f 3287/3550/3287 3347/3601/3347 3291/3551/3291
f 3343/3567/3343 3293/3552/3293 3337/3603/3337
f 3307/3568/3307 3343/3567/3343 3337/3603/3337
f 3294/3529/3294 3293/3552/3293 3343/3567/3343
vt 0.7366489 0.3709170
f 3300/3554/3300 3386/3604/3386 3299/3555/3299
f 3299/3555/3299 3386/3604/3386 3315/3556/3315
vt 0.6288577 0.3434870
f 3304/3562/3304 3303/3561/3303 3348/3605/3348
vt 0.6322494 0.3491637
f 3348/3605/3348 3349/3606/3349 3304/3562/3304
vt 0.6822553 0.3673078
vt 0.6745884 0.3675104
f 3351/3607/3351 3301/3557/3301 3352/3608/3352
vt 0.6260777 0.3368248
f 3348/3605/3348 2995/3564/2995 3350/3609/3350
f 3326/3558/3326 3301/3557/3301 3351/3607/3351
f 3303/3561/3303 2995/3564/2995 3348/3605/3348
vt 0.6152794 0.3315146
vt 0.6238195 0.3284125
f 2995/3564/2995 2996/3610/2996 3014/3611/3014
f 3014/3611/3014 3350/3609/3350 2995/3564/2995
vt 0.6670959 0.3677635
f 3352/3608/3352 3302/3559/3302 3353/3612/3353
f 3301/3557/3301 3302/3559/3302 3352/3608/3352
vt 0.6601229 0.3685791
f 3302/3559/3302 3305/3560/3305 3355/3613/3355
f 3355/3613/3355 3353/3612/3353 3302/3559/3302
vt 0.6544802 0.3714183
f 3306/3563/3306 3389/3614/3389 3305/3560/3305
vt 0.6534303 0.3711576
f 3355/3613/3355 3389/3614/3389 3358/3615/3358
f 3305/3560/3305 3389/3614/3389 3355/3613/3355
vt 0.6501559 0.3728477
f 3306/3563/3306 3309/3565/3309 3359/3616/3359
f 3358/3615/3358 3306/3563/3306 3359/3616/3359
f 3389/3614/3389 3306/3563/3306 3358/3615/3358
vt 0.6470457 0.3725294
f 3359/3616/3359 3311/3569/3311 3361/3617/3361
f 3309/3565/3309 3311/3569/3311 3359/3616/3359
vt 0.6458856 0.3709338
vt 0.6443314 0.3703666
vt 0.6454082 0.3695016
f 3365/3618/3365 3390/3619/3390 3362/3620/3362
f 3311/3569/3311 3313/3571/3313 3361/3617/3361
f 3313/3571/3313 3390/3619/3390 3365/3618/3365
f 3361/3617/3361 3313/3571/3313 3365/3618/3365
f 3316/3573/3316 3390/3619/3390 3313/3571/3313
vt 0.6434816 0.3646563
f 3390/3619/3390 3318/3575/3318 3371/3621/3371
f 3362/3620/3362 3390/3619/3390 3371/3621/3371
f 3316/3573/3316 3318/3575/3318 3390/3619/3390
vt 0.6401619 0.3594175
f 3371/3621/3371 3320/3576/3320 3373/3622/3373
f 3318/3575/3318 3320/3576/3320 3371/3621/3371
vt 0.6361303 0.3543839
f 3373/3622/3373 3323/3580/3323 3375/3623/3375
f 3320/3576/3320 3323/3580/3323 3373/3622/3373
f 3323/3580/3323 3304/3562/3304 3349/3606/3349
f 3349/3606/3349 3375/3623/3375 3323/3580/3323
vt 0.7764051 0.2853435
vt 0.7743462 0.2796279
f 3391/3624/3391 3392/3625/3392 3308/3566/3308
f 3308/3566/3308 3307/3568/3307 3391/3624/3391
f 3308/3566/3308 3392/3625/3392 3310/3570/3310
vt 0.7328552 0.3716322
f 3300/3554/3300 3314/3574/3314 3367/3626/3367
f 3386/3604/3386 3300/3554/3300 3367/3626/3367
vt 0.7364358 0.3707404
f 3364/3627/3364 3386/3604/3386 3367/3626/3367
vt 0.7380515 0.3671431
f 3356/3628/3356 3386/3604/3386 3364/3627/3364
f 3315/3556/3315 3386/3604/3386 3356/3628/3356
vt 0.7283036 0.3697679
f 3367/3626/3367 3319/3577/3319 3369/3629/3369
f 3314/3574/3314 3319/3577/3319 3367/3626/3367
vt 0.7529288 0.2732910
vt 0.7618174 0.2741102
f 3376/3630/3376 3327/3581/3327 3453/3631/3453
f 3328/3584/3328 3327/3581/3327 3376/3630/3376
vt 0.7421873 0.2714593
f 3376/3630/3376 3377/3632/3377 3328/3584/3328
vt 0.7214943 0.3733158
vt 0.7271795 0.3692911
f 3319/3577/3319 3395/3633/3395 3372/3634/3372
f 3369/3629/3369 3319/3577/3319 3372/3634/3372
f 3322/3579/3322 3395/3633/3395 3319/3577/3319
f 3329/3590/3329 3328/3584/3328 3377/3632/3377
vt 0.7312323 0.2692967
f 3377/3632/3377 3378/3635/3378 3329/3590/3329
vt 0.7218555 0.3673665
f 3372/3634/3372 3395/3633/3395 3374/3636/3374
vt 0.7200865 0.2676129
f 3379/3637/3379 3329/3590/3329 3378/3635/3378
f 3011/3594/3011 3329/3590/3329 3379/3637/3379
vt 0.7140968 0.3664934
f 3395/3633/3395 3324/3583/3324 3363/3638/3363
f 3374/3636/3374 3395/3633/3395 3363/3638/3363
f 3322/3579/3322 3324/3583/3324 3395/3633/3395
vt 0.7088283 0.2666347
f 3380/3639/3380 3011/3594/3011 3379/3637/3379
vt 0.7524717 0.3413042
f 3332/3589/3332 3321/3588/3321 3430/3640/3430
vt 0.7562609 0.3345771
f 3430/3640/3430 3450/3641/3450 3332/3589/3332
vt 0.6974418 0.2542343
f 3007/3642/3007 3011/3594/3011 3380/3639/3380
vt 0.6968596 0.2665537
f 3380/3639/3380 3021/3643/3021 3007/3642/3007
f 3333/3593/3333 3332/3589/3332 3450/3641/3450
vt 0.7600120 0.3267221
f 3450/3641/3450 3451/3644/3451 3333/3593/3333
vt 0.7701688 0.2754200
f 3310/3570/3310 3392/3625/3392 3382/3645/3382
f 3330/3597/3330 3310/3570/3310 3382/3645/3382
vt 0.7627710 0.3205386
f 3393/3646/3393 3333/3593/3333 3451/3644/3451
f 3334/3596/3334 3333/3593/3333 3393/3646/3393
f 3331/3600/3331 3330/3597/3330 3382/3645/3382
f 3382/3645/3382 3453/3631/3453 3331/3600/3331
vt 0.7675341 0.3118442
f 3334/3596/3334 3394/3647/3394 3335/3599/3335
f 3393/3646/3393 3394/3647/3394 3334/3596/3334
f 3327/3581/3327 3331/3600/3331 3453/3631/3453
f 3312/3572/3312 3315/3556/3315 3356/3628/3356
vt 0.7400078 0.3608541
f 3356/3628/3356 3354/3648/3354 3312/3572/3312
vt 0.7649373 0.3112061
f 3394/3647/3394 3393/3646/3393 3381/3649/3381
vt 0.7677349 0.3022273
f 3394/3647/3394 3384/3650/3384 3336/3602/3336
f 3336/3602/3336 3335/3599/3335 3394/3647/3394
vt 0.7676847 0.2980366
f 3336/3602/3336 3384/3650/3384 3454/3651/3454
f 3337/3603/3337 3336/3602/3336 3454/3651/3454
vt 0.7698996 0.2931942
f 3383/3652/3383 3337/3603/3337 3454/3651/3454
f 3384/3650/3384 3394/3647/3394 3381/3649/3381
f 3391/3624/3391 3337/3603/3337 3383/3652/3383
vt 0.7733172 0.2851110
f 3385/3653/3385 3391/3624/3391 3383/3652/3383
f 3307/3568/3307 3337/3603/3337 3391/3624/3391
f 3392/3625/3392 3391/3624/3391 3385/3653/3385
vt 0.7406342 0.3588527
f 3464/3654/3464 3312/3572/3312 3354/3648/3354
f 3317/3578/3317 3312/3572/3312 3464/3654/3464
vt 0.7446862 0.3549902
f 3387/3655/3387 3317/3578/3317 3464/3654/3464
vt 0.7432465 0.3539664
f 3357/3656/3357 3387/3655/3387 3464/3654/3464
vt 0.7498246 0.3487872
f 3317/3578/3317 3388/3657/3388 3338/3582/3338
f 3387/3655/3387 3388/3657/3388 3317/3578/3317
f 3321/3588/3321 3388/3657/3388 3430/3640/3430
f 3338/3582/3338 3388/3657/3388 3321/3588/3321
vt 0.7480516 0.3475278
f 3360/3658/3360 3387/3655/3387 3357/3656/3357
f 3388/3657/3388 3387/3655/3387 3360/3658/3360
f 3430/3640/3430 3388/3657/3388 3360/3658/3360
vt 0.7059293 0.3665686
f 3324/3583/3324 3325/3598/3325 3366/3659/3366
f 3366/3659/3366 3363/3638/3363 3324/3583/3324
vt 0.6978496 0.3668361
f 3325/3598/3325 3326/3558/3326 3368/3660/3368
f 3368/3660/3368 3366/3659/3366 3325/3598/3325
vt 0.6899675 0.3670969
f 3370/3661/3370 3368/3660/3368 3326/3558/3326
f 3351/3607/3351 3370/3661/3370 3326/3558/3326
vt 0.6816918 0.3590637
vt 0.6734289 0.3561591
f 3401/3662/3401 3352/3608/3352 3500/3663/3500
f 3351/3607/3351 3352/3608/3352 3401/3662/3401
vt 0.6438413 0.3062076
vt 0.6438251 0.2941108
vt 0.6545293 0.2955170
f 3397/3664/3397 3427/3665/3427 3396/3666/3396
vt 0.6579627 0.2795183
vt 0.6717151 0.2793051
vt 0.6725225 0.2860796
f 3026/3667/3026 3428/3668/3428 3399/3669/3399
vt 0.6586238 0.2926393
f 3399/3669/3399 3400/3670/3400 3026/3667/3026
vt 0.6660523 0.3589538
vt 0.6690258 0.3590721
f 3353/3612/3353 3429/3671/3429 3404/3672/3404
f 3352/3608/3352 3353/3612/3353 3404/3672/3404
f 3500/3663/3500 3352/3608/3352 3404/3672/3404
vt 0.6706220 0.2695355
f 3428/3668/3428 3026/3667/3026 3023/3673/3023
vt 0.6594278 0.3638557
f 3432/3674/3432 3429/3671/3429 3353/3612/3353
f 3353/3612/3353 3355/3613/3355 3432/3674/3432
vt 0.6444965 0.2805728
f 3027/3675/3027 3026/3667/3026 3400/3670/3400
f 3396/3666/3396 3027/3675/3027 3400/3670/3400
f 3427/3665/3427 3027/3675/3027 3396/3666/3396
vt 0.6533164 0.3653961
f 3435/3676/3435 3432/3674/3432 3355/3613/3355
f 3355/3613/3355 3358/3615/3358 3435/3676/3435
vt 0.6578747 0.3579077
f 3429/3671/3429 3432/3674/3432 3408/3677/3408
vt 0.6498677 0.3711592
f 3359/3616/3359 3437/3678/3437 3358/3615/3358
vt 0.6839784 0.2679450
vt 0.6971020 0.2818381
f 3022/3679/3022 3021/3643/3021 3418/3680/3418
vt 0.6854873 0.2817312
f 3417/3681/3417 3022/3679/3022 3418/3680/3418
vt 0.6508553 0.3595496
vt 0.6547020 0.3570732
f 3435/3676/3435 3439/3682/3439 3411/3683/3411
f 3408/3677/3408 3435/3676/3435 3411/3683/3411
vt 0.6485227 0.3673980
f 3441/3684/3441 3435/3676/3435 3358/3615/3358
f 3428/3668/3428 3417/3681/3417 3399/3669/3399
vt 0.6361166 0.3470832
f 3348/3605/3348 3431/3685/3431 3349/3606/3349
f 3432/3674/3432 3435/3676/3435 3408/3677/3408
f 3437/3678/3437 3441/3684/3441 3358/3615/3358
vt 0.6344776 0.3409301
f 3434/3686/3434 3431/3685/3431 3348/3605/3348
f 3022/3679/3022 3428/3668/3428 3023/3673/3023
f 3417/3681/3417 3428/3668/3428 3022/3679/3022
vt 0.6489353 0.3549906
f 3411/3683/3411 3439/3682/3439 3410/3687/3410
f 3361/3617/3361 3437/3678/3437 3359/3616/3359
vt 0.6327620 0.3352488
f 3406/3688/3406 3434/3686/3434 3348/3605/3348
f 3348/3605/3348 3350/3609/3350 3406/3688/3406
vt 0.6290851 0.3278967
vt 0.6334273 0.3280244
f 3406/3688/3406 3440/3689/3440 3407/3690/3407
f 3437/3678/3437 3361/3617/3361 3365/3618/3365
f 3441/3684/3441 3437/3678/3437 3365/3618/3365
f 3362/3620/3362 3441/3684/3441 3365/3618/3365
vt 0.6266392 0.3175645
vt 0.6364871 0.3189586
f 3440/3689/3440 3443/3691/3443 3409/3692/3409
f 3409/3692/3409 3407/3690/3407 3440/3689/3440
vt 0.7295647 0.2798567
vt 0.7404572 0.2786700
vt 0.7391753 0.2846464
f 3449/3693/3449 3448/3694/3448 3424/3695/3424
f 3440/3689/3440 3406/3688/3406 3350/3609/3350
vt 0.7332156 0.3692127
f 3367/3626/3367 3461/3696/3461 3364/3627/3364
f 3350/3609/3350 3014/3611/3014 3440/3689/3440
vt 0.7348869 0.3650483
f 3461/3696/3461 3462/3697/3462 3356/3628/3356
vt 0.6454214 0.3630970
f 3445/3698/3445 3435/3676/3435 3441/3684/3441
f 3356/3628/3356 3364/3627/3364 3461/3696/3461
f 3439/3682/3439 3435/3676/3435 3445/3698/3445
f 3443/3691/3443 3440/3689/3440 3014/3611/3014
vt 0.6239866 0.3173942
f 3014/3611/3014 3015/3699/3015 3443/3691/3443
f 3369/3629/3369 3461/3696/3461 3367/3626/3367
vt 0.7283784 0.3690878
f 3463/3700/3463 3461/3696/3461 3369/3629/3369
f 3448/3694/3448 3449/3693/3449 3378/3635/3378
f 3378/3635/3378 3377/3632/3377 3448/3694/3448
vt 0.6413045 0.3584547
vt 0.6469687 0.3538829
f 3410/3687/3410 3446/3701/3446 3413/3702/3413
vt 0.7294940 0.3628960
f 3436/3703/3436 3461/3696/3461 3463/3700/3463
vt 0.6275710 0.3057569
vt 0.6438872 0.3078568
f 3409/3692/3409 3028/3704/3028 3498/3705/3498
vt 0.7406366 0.3423017
vt 0.7345314 0.3476815
f 3398/3706/3398 3357/3656/3357 3433/3707/3433
f 3445/3698/3445 3446/3701/3446 3410/3687/3410
f 3462/3697/3462 3461/3696/3461 3436/3703/3436
f 3443/3691/3443 3028/3704/3028 3409/3692/3409
f 3360/3658/3360 3357/3656/3357 3398/3706/3398
f 3439/3682/3439 3445/3698/3445 3410/3687/3410
f 3372/3634/3372 3463/3700/3463 3369/3629/3369
vt 0.6301039 0.2932252
f 3029/3708/3029 3427/3665/3427 3397/3664/3397
vt 0.7458317 0.3365706
f 3402/3709/3402 3360/3658/3360 3398/3706/3398
f 3028/3704/3028 3029/3708/3029 3397/3664/3397
f 3371/3621/3371 3441/3684/3441 3362/3620/3362
f 3436/3703/3436 3463/3700/3463 3372/3634/3372
f 3430/3640/3430 3360/3658/3360 3402/3709/3402
f 3498/3705/3498 3028/3704/3028 3397/3664/3397
f 3445/3698/3445 3441/3684/3441 3371/3621/3371
vt 0.7273506 0.2804136
f 3378/3635/3378 3449/3693/3449 3425/3710/3425
f 3374/3636/3374 3436/3703/3436 3372/3634/3372
f 3379/3637/3379 3378/3635/3378 3425/3710/3425
f 3373/3622/3373 3445/3698/3445 3371/3621/3371
f 3028/3704/3028 3443/3691/3443 3015/3699/3015
vt 0.7224753 0.3611937
f 3438/3711/3438 3436/3703/3436 3374/3636/3374
vt 0.7192150 0.2829329
f 3509/3712/3509 3379/3637/3379 3425/3710/3425
vt 0.7256399 0.3526081
vt 0.7238321 0.3533388
f 3403/3713/3403 3438/3711/3438 3405/3714/3405
f 3446/3701/3446 3445/3698/3445 3373/3622/3373
f 3363/3638/3363 3438/3711/3438 3374/3636/3374
vt 0.7322325 0.3561915
f 3442/3715/3442 3438/3711/3438 3403/3713/3403
vt 0.7145961 0.3560237
f 3444/3716/3444 3438/3711/3438 3363/3638/3363
f 3450/3641/3450 3430/3640/3430 3402/3709/3402
f 3436/3703/3436 3438/3711/3438 3442/3715/3442
vt 0.6378771 0.3530157
vt 0.6416442 0.3500212
f 3446/3701/3446 3447/3717/3447 3414/3718/3414
vt 0.7088410 0.2840429
f 3426/3719/3426 3379/3637/3379 3509/3712/3509
vt 0.7499558 0.3306053
f 3402/3709/3402 3419/3720/3419 3450/3641/3450
f 3462/3697/3462 3464/3654/3464 3354/3648/3354
f 3414/3718/3414 3413/3702/3413 3446/3701/3446
f 3433/3707/3433 3442/3715/3442 3403/3713/3403
f 3380/3639/3380 3379/3637/3379 3426/3719/3426
f 3354/3648/3354 3356/3628/3356 3462/3697/3462
f 3451/3644/3451 3450/3641/3450 3419/3720/3419
vt 0.6314673 0.2800259
f 3030/3721/3030 3427/3665/3427 3029/3708/3029
vt 0.7529853 0.3242549
f 3419/3720/3419 3420/3722/3420 3451/3644/3451
f 3021/3643/3021 3380/3639/3380 3426/3719/3426
f 3027/3675/3027 3427/3665/3427 3030/3721/3030
f 3447/3717/3447 3431/3685/3431 3414/3718/3414
f 3442/3715/3442 3462/3697/3462 3436/3703/3436
f 3426/3719/3426 3418/3680/3418 3021/3643/3021
f 3444/3716/3444 3405/3714/3405 3438/3711/3438
f 3464/3654/3464 3462/3697/3462 3442/3715/3442
f 3375/3623/3375 3446/3701/3446 3373/3622/3373
vt 0.7687254 0.2784379
f 3392/3625/3392 3452/3723/3452 3382/3645/3382
f 3447/3717/3447 3446/3701/3446 3375/3623/3375
f 3442/3715/3442 3433/3707/3433 3357/3656/3357
vt 0.7548240 0.3172728
f 3421/3724/3421 3451/3644/3451 3420/3722/3420
vt 0.7100173 0.3568562
vt 0.7064635 0.3556368
f 3412/3725/3412 3366/3659/3366 3505/3726/3505
f 3464/3654/3464 3442/3715/3442 3357/3656/3357
f 3349/3606/3349 3447/3717/3447 3375/3623/3375
f 3393/3646/3393 3451/3644/3451 3421/3724/3421
f 3363/3638/3363 3366/3659/3366 3412/3725/3412
f 3431/3685/3431 3447/3717/3447 3349/3606/3349
f 3453/3631/3453 3382/3645/3382 3452/3723/3452
f 3444/3716/3444 3363/3638/3363 3412/3725/3412
vt 0.6976234 0.3581842
f 3366/3659/3366 3368/3660/3368 3415/3727/3415
f 3381/3649/3381 3393/3646/3393 3421/3724/3421
f 3415/3727/3415 3505/3726/3505 3366/3659/3366
vt 0.7543170 0.3086886
f 3421/3724/3421 3508/3728/3508 3381/3649/3381
vt 0.6895785 0.3587538
f 3368/3660/3368 3370/3661/3370 3416/3729/3416
f 3416/3729/3416 3415/3727/3415 3368/3660/3368
f 3416/3729/3416 3351/3607/3351 3401/3662/3401
f 3370/3661/3370 3351/3607/3351 3416/3729/3416
vt 0.7544444 0.3038022
f 3422/3730/3422 3381/3649/3381 3508/3728/3508
f 3384/3650/3384 3381/3649/3381 3422/3730/3422
vt 0.7558962 0.3007996
f 3455/3731/3455 3384/3650/3384 3422/3730/3422
vt 0.7580072 0.2918668
f 3455/3731/3455 3456/3732/3456 3454/3651/3454
f 3384/3650/3384 3455/3731/3455 3454/3651/3454
vt 0.7670881 0.2846556
f 3383/3652/3383 3457/3733/3457 3385/3653/3385
f 3454/3651/3454 3457/3733/3457 3383/3652/3383
f 3385/3653/3385 3452/3723/3452 3392/3625/3392
f 3457/3733/3457 3452/3723/3452 3385/3653/3385
f 3457/3733/3457 3454/3651/3454 3456/3732/3456
vt 0.7595254 0.2829961
f 3456/3732/3456 3458/3734/3458 3457/3733/3457
f 3452/3723/3452 3457/3733/3457 3458/3734/3458
f 3458/3734/3458 3453/3631/3453 3452/3723/3452
vt 0.7535113 0.3007577
f 3423/3735/3423 3455/3731/3455 3422/3730/3422
f 3456/3732/3456 3455/3731/3455 3423/3735/3423
vt 0.7477757 0.2912678
f 3459/3736/3459 3456/3732/3456 3423/3735/3423
vt 0.7505549 0.2805626
f 3460/3737/3460 3456/3732/3456 3459/3736/3459
f 3458/3734/3458 3456/3732/3456 3460/3737/3460
f 3458/3734/3458 3460/3737/3460 3376/3630/3376
f 3453/3631/3453 3458/3734/3458 3376/3630/3376
f 3424/3695/3424 3460/3737/3460 3459/3736/3459
f 3448/3694/3448 3460/3737/3460 3424/3695/3424
f 3460/3737/3460 3448/3694/3448 3377/3632/3377
f 3377/3632/3377 3376/3630/3376 3460/3737/3460
vt 0.6618409 0.3099872
vt 0.6592557 0.2967270
vt 0.6765205 0.3030863
f 3473/3738/3473 3496/3739/3496 3471/3740/3471
vt 0.6463217 0.3238961
vt 0.6569864 0.3139352
f 3497/3741/3497 3498/3705/3498 3476/3742/3476
vt 0.6859167 0.3502536
vt 0.6810371 0.3516571
vt 0.6809020 0.3505099
f 3466/3743/3466 3499/3744/3499 3465/3745/3465
f 3500/3663/3500 3499/3744/3499 3401/3662/3401
f 3396/3666/3396 3496/3739/3496 3473/3738/3473
f 3476/3742/3476 3396/3666/3396 3473/3738/3473
f 3397/3664/3397 3396/3666/3396 3476/3742/3476
f 3498/3705/3498 3397/3664/3397 3476/3742/3476
vt 0.7363883 0.3388428
f 3433/3707/3433 3501/3746/3501 3398/3706/3398
vt 0.6727135 0.3506501
f 3499/3744/3499 3500/3663/3500 3468/3747/3468
f 3496/3739/3496 3399/3669/3399 3471/3740/3471
f 3468/3747/3468 3465/3745/3465 3499/3744/3499
f 3400/3670/3400 3399/3669/3399 3496/3739/3496
vt 0.6482164 0.3526992
f 3413/3702/3413 3504/3748/3504 3410/3687/3410
vt 0.7368899 0.3348159
f 3402/3709/3402 3501/3746/3501 3467/3749/3467
vt 0.7382084 0.3312739
f 3539/3750/3539 3402/3709/3402 3467/3749/3467
f 3398/3706/3398 3501/3746/3501 3402/3709/3402
f 3400/3670/3400 3496/3739/3496 3396/3666/3396
vt 0.6635394 0.3487930
f 3404/3672/3404 3429/3671/3429 3470/3751/3470
f 3468/3747/3468 3404/3672/3404 3470/3751/3470
f 3500/3663/3500 3404/3672/3404 3468/3747/3468
vt 0.6464786 0.3456968
f 3504/3748/3504 3414/3718/3414 3474/3752/3474
vt 0.7239951 0.3514954
f 3405/3714/3405 3502/3753/3502 3403/3713/3403
vt 0.6398845 0.3389062
f 3431/3685/3431 3434/3686/3434 3481/3754/3481
f 3413/3702/3413 3414/3718/3414 3504/3748/3504
vt 0.6422943 0.3425883
f 3481/3754/3481 3479/3755/3479 3431/3685/3431
vt 0.6572292 0.3548070
f 3429/3671/3429 3503/3756/3503 3470/3751/3470
f 3408/3677/3408 3503/3756/3503 3429/3671/3429
vt 0.7245361 0.3427700
f 3403/3713/3403 3502/3753/3502 3472/3757/3472
f 3433/3707/3433 3403/3713/3403 3472/3757/3472
vt 0.7269787 0.3414957
f 3469/3758/3469 3433/3707/3433 3472/3757/3472
vt 0.6393154 0.3347603
f 3434/3686/3434 3406/3688/3406 3483/3759/3483
f 3414/3718/3414 3431/3685/3431 3479/3755/3479
f 3483/3759/3483 3481/3754/3481 3434/3686/3434
vt 0.6560240 0.3493106
f 3470/3751/3470 3503/3756/3503 3477/3760/3477
f 3479/3755/3479 3474/3752/3474 3414/3718/3414
vt 0.6411425 0.3299369
f 3483/3759/3483 3407/3690/3407 3484/3761/3484
f 3406/3688/3406 3407/3690/3407 3483/3759/3483
f 3411/3683/3411 3503/3756/3503 3408/3677/3408
vt 0.7150048 0.3446424
f 3502/3753/3502 3444/3716/3444 3475/3762/3475
f 3405/3714/3405 3444/3716/3444 3502/3753/3502
f 3484/3761/3484 3409/3692/3409 3497/3741/3497
f 3407/3690/3407 3409/3692/3409 3484/3761/3484
f 3472/3757/3472 3502/3753/3502 3475/3762/3475
vt 0.6522384 0.3482091
f 3410/3687/3410 3504/3748/3504 3478/3763/3478
f 3411/3683/3411 3410/3687/3410 3478/3763/3478
f 3477/3760/3477 3411/3683/3411 3478/3763/3478
f 3503/3756/3503 3411/3683/3411 3477/3760/3477
f 3478/3763/3478 3504/3748/3504 3474/3752/3474
f 3498/3705/3498 3497/3741/3497 3409/3692/3409
f 3501/3746/3501 3433/3707/3433 3469/3758/3469
vt 0.7342818 0.3369561
f 3480/3764/3480 3501/3746/3501 3469/3758/3469
f 3467/3749/3467 3501/3746/3501 3480/3764/3480
vt 0.7362390 0.2944739
vt 0.7279820 0.2910665
f 3424/3695/3424 3507/3765/3507 3489/3766/3489
f 3449/3693/3449 3424/3695/3424 3489/3766/3489
f 3425/3710/3425 3449/3693/3449 3489/3766/3489
f 3509/3712/3509 3425/3710/3425 3489/3766/3489
vt 0.7436348 0.3270064
f 3492/3767/3492 3402/3709/3402 3539/3750/3539
vt 0.6973110 0.3509591
f 3506/3768/3506 3505/3726/3505 3415/3727/3415
vt 0.7188993 0.2895500
f 3490/3769/3490 3509/3712/3509 3489/3766/3489
f 3419/3720/3419 3402/3709/3402 3492/3767/3492
f 3420/3722/3420 3419/3720/3419 3492/3767/3492
vt 0.7463597 0.3215459
f 3492/3767/3492 3493/3770/3493 3420/3722/3420
vt 0.6908584 0.3499067
vt 0.6889966 0.3499411
f 3482/3771/3482 3416/3729/3416 3548/3772/3548
f 3415/3727/3415 3416/3729/3416 3482/3771/3482
f 3506/3768/3506 3415/3727/3415 3482/3771/3482
f 3426/3719/3426 3509/3712/3509 3490/3769/3490
vt 0.7093453 0.2897392
f 3490/3769/3490 3491/3773/3491 3426/3719/3426
f 3421/3724/3421 3420/3722/3420 3493/3770/3493
vt 0.7468073 0.3152162
f 3493/3770/3493 3551/3774/3551 3421/3724/3421
f 3401/3662/3401 3499/3744/3499 3466/3743/3466
f 3416/3729/3416 3401/3662/3401 3466/3743/3466
vt 0.7477460 0.3133673
f 3494/3775/3494 3421/3724/3421 3551/3774/3551
f 3548/3772/3548 3416/3729/3416 3466/3743/3466
f 3508/3728/3508 3421/3724/3421 3494/3775/3494
vt 0.6992174 0.2914350
f 3487/3776/3487 3426/3719/3426 3491/3773/3491
f 3418/3680/3418 3426/3719/3426 3487/3776/3487
vt 0.7057595 0.3481276
f 3412/3725/3412 3505/3726/3505 3485/3777/3485
f 3475/3762/3475 3412/3725/3412 3485/3777/3485
f 3444/3716/3444 3412/3725/3412 3475/3762/3475
vt 0.7473213 0.3091627
f 3495/3778/3495 3508/3728/3508 3494/3775/3494
vt 0.6972560 0.3493147
f 3485/3777/3485 3506/3768/3506 3486/3779/3486
f 3505/3726/3505 3506/3768/3506 3485/3777/3485
f 3486/3779/3486 3506/3768/3506 3482/3771/3482
f 3422/3730/3422 3508/3728/3508 3495/3778/3495
vt 0.7429498 0.3023264
f 3554/3780/3554 3422/3730/3422 3495/3778/3495
f 3423/3735/3423 3422/3730/3422 3554/3780/3554
f 3459/3736/3459 3423/3735/3423 3554/3780/3554
f 3507/3765/3507 3459/3736/3459 3554/3780/3554
f 3459/3736/3459 3507/3765/3507 3424/3695/3424
vt 0.6882176 0.2949647
f 3488/3781/3488 3418/3680/3418 3487/3776/3487
f 3417/3681/3417 3418/3680/3418 3488/3781/3488
f 3399/3669/3399 3417/3681/3417 3488/3781/3488
f 3488/3781/3488 3471/3740/3471 3399/3669/3399
vt 0.6804777 0.3169122
vt 0.6909289 0.3052230
vt 0.6920287 0.3088045
f 3517/3782/3517 3541/3783/3541 3516/3784/3516
f 3471/3740/3471 3541/3783/3541 3517/3782/3517
vt 0.7249271 0.3396325
f 3472/3757/3472 3540/3785/3540 3469/3758/3469
vt 0.6996462 0.3047864
vt 0.7019414 0.3046580
f 3520/3786/3520 3487/3776/3487 3581/3787/3581
f 3488/3781/3488 3487/3776/3487 3520/3786/3520
f 3541/3783/3541 3488/3781/3488 3520/3786/3520
vt 0.7184106 0.3344307
vt 0.7162482 0.3351103
f 3510/3788/3510 3475/3762/3475 3511/3789/3511
f 3540/3785/3540 3475/3762/3475 3510/3788/3510
f 3472/3757/3472 3475/3762/3475 3540/3785/3540
f 3541/3783/3541 3471/3740/3471 3488/3781/3488
vt 0.7273978 0.3308953
f 3540/3785/3540 3542/3790/3542 3480/3764/3480
f 3480/3764/3480 3469/3758/3469 3540/3785/3540
vt 0.6503960 0.3403138
f 3478/3763/3478 3474/3752/3474 3514/3791/3514
vt 0.6517355 0.3405982
f 3513/3792/3513 3478/3763/3478 3514/3791/3514
vt 0.6545280 0.3453067
f 3543/3793/3543 3478/3763/3478 3513/3792/3513
f 3467/3749/3467 3480/3764/3480 3542/3790/3542
vt 0.7333146 0.3271008
f 3512/3794/3512 3467/3749/3467 3542/3790/3542
f 3539/3750/3539 3467/3749/3467 3512/3794/3512
vt 0.6442918 0.3408676
vt 0.6458005 0.3390934
f 3514/3791/3514 3544/3795/3544 3515/3796/3515
f 3474/3752/3474 3544/3795/3544 3514/3791/3514
f 3542/3790/3542 3540/3785/3540 3510/3788/3510
vt 0.6771848 0.3197184
f 3521/3797/3521 3471/3740/3471 3517/3782/3517
vt 0.7405756 0.3251132
f 3539/3750/3539 3549/3798/3549 3492/3767/3492
f 3544/3795/3544 3474/3752/3474 3479/3755/3479
vt 0.7434623 0.3202918
f 3492/3767/3492 3550/3799/3550 3493/3770/3493
f 3549/3798/3549 3550/3799/3550 3492/3767/3492
f 3550/3799/3550 3551/3774/3551 3493/3770/3493
f 3549/3798/3549 3539/3750/3539 3512/3794/3512
vt 0.7375156 0.3230135
f 3512/3794/3512 3523/3800/3523 3549/3798/3549
f 3481/3754/3481 3544/3795/3544 3479/3755/3479
vt 0.6428849 0.3378259
f 3545/3801/3545 3544/3795/3544 3481/3754/3481
f 3550/3799/3550 3549/3798/3549 3523/3800/3523
vt 0.7400696 0.3187644
f 3523/3800/3523 3524/3802/3524 3550/3799/3550
vt 0.6426876 0.3351098
f 3546/3803/3546 3545/3801/3545 3481/3754/3481
f 3481/3754/3481 3483/3759/3483 3546/3803/3546
vt 0.7409484 0.3141461
f 3525/3804/3525 3550/3799/3550 3524/3802/3524
f 3551/3774/3551 3550/3799/3550 3525/3804/3525
vt 0.6709454 0.3407955
vt 0.6735755 0.3404084
f 3468/3747/3468 3552/3805/3552 3526/3806/3526
vt 0.6439720 0.3318180
f 3547/3807/3547 3546/3803/3546 3483/3759/3483
vt 0.6786427 0.3377980
f 3585/3808/3585 3468/3747/3468 3526/3806/3526
f 3494/3775/3494 3551/3774/3551 3525/3804/3525
f 3483/3759/3483 3484/3761/3484 3547/3807/3547
vt 0.7056924 0.3374268
f 3518/3809/3518 3475/3762/3475 3485/3777/3485
f 3465/3745/3465 3468/3747/3468 3585/3808/3585
vt 0.6435288 0.3374780
f 3515/3796/3515 3545/3801/3545 3528/3810/3528
vt 0.7402872 0.3105430
f 3527/3811/3527 3494/3775/3494 3525/3804/3525
f 3497/3741/3497 3547/3807/3547 3484/3761/3484
f 3544/3795/3544 3545/3801/3545 3515/3796/3515
f 3495/3778/3495 3494/3775/3494 3527/3811/3527
f 3518/3809/3518 3511/3789/3511 3475/3762/3475
vt 0.7398922 0.3095157
f 3529/3812/3529 3495/3778/3495 3527/3811/3527
vt 0.6434455 0.3352970
f 3545/3801/3545 3546/3803/3546 3530/3813/3530
vt 0.7023184 0.3378654
vt 0.6971271 0.3362450
f 3519/3814/3519 3486/3779/3486 3583/3815/3583
f 3530/3813/3530 3528/3810/3528 3545/3801/3545
f 3485/3777/3485 3486/3779/3486 3519/3814/3519
f 3470/3751/3470 3552/3805/3552 3468/3747/3468
f 3518/3809/3518 3485/3777/3485 3519/3814/3519
vt 0.6450410 0.3334137
f 3546/3803/3546 3547/3807/3547 3533/3816/3533
f 3533/3816/3533 3530/3813/3530 3546/3803/3546
vt 0.7276586 0.2977524
vt 0.7347650 0.3036329
f 3553/3817/3553 3507/3765/3507 3532/3818/3532
vt 0.7276366 0.3007048
f 3534/3819/3534 3553/3817/3553 3532/3818/3532
vt 0.6610827 0.3409854
f 3552/3805/3552 3470/3751/3470 3531/3820/3531
f 3529/3812/3529 3554/3780/3554 3495/3778/3495
vt 0.6881003 0.3393153
f 3482/3771/3482 3548/3772/3548 3522/3821/3522
vt 0.7208647 0.3001539
f 3536/3822/3536 3553/3817/3553 3534/3819/3534
f 3583/3815/3583 3482/3771/3482 3522/3821/3522
f 3486/3779/3486 3482/3771/3482 3583/3815/3583
f 3507/3765/3507 3553/3817/3553 3489/3766/3489
f 3516/3784/3516 3541/3783/3541 3520/3786/3520
f 3466/3743/3466 3465/3745/3465 3585/3808/3585
f 3490/3769/3490 3553/3817/3553 3536/3822/3536
vt 0.7354711 0.3041811
f 3529/3812/3529 3537/3823/3537 3554/3780/3554
f 3522/3821/3522 3466/3743/3466 3585/3808/3585
vt 0.7198812 0.3006086
f 3589/3824/3589 3490/3769/3490 3536/3822/3536
f 3548/3772/3548 3466/3743/3466 3522/3821/3522
f 3489/3766/3489 3553/3817/3553 3490/3769/3490
f 3507/3765/3507 3554/3780/3554 3537/3823/3537
f 3532/3818/3532 3507/3765/3507 3537/3823/3537
vt 0.7115526 0.3030494
f 3538/3825/3538 3490/3769/3490 3589/3824/3589
f 3491/3773/3491 3490/3769/3490 3538/3825/3538
f 3487/3776/3487 3491/3773/3491 3538/3825/3538
f 3538/3825/3538 3581/3787/3581 3487/3776/3487
vt 0.6581047 0.3408579
f 3477/3760/3477 3543/3793/3543 3535/3826/3535
f 3470/3751/3470 3477/3760/3477 3535/3826/3535
f 3531/3820/3531 3470/3751/3470 3535/3826/3535
f 3478/3763/3478 3543/3793/3543 3477/3760/3477
f 3535/3826/3535 3543/3793/3543 3513/3792/3513
vt 0.7167778 0.3331740
f 3511/3789/3511 3579/3827/3579 3510/3788/3510
vt 0.7304589 0.3241585
f 3542/3790/3542 3580/3828/3580 3512/3794/3512
vt 0.7181417 0.3251408
f 3510/3788/3510 3579/3827/3579 3556/3829/3556
vt 0.7218198 0.3241610
f 3555/3830/3555 3510/3788/3510 3556/3829/3556
f 3542/3790/3542 3510/3788/3510 3555/3830/3555
vt 0.6521525 0.3338094
vt 0.6507757 0.3395239
vt 0.6466433 0.3353626
f 3558/3831/3558 3582/3832/3582 3608/3833/3608
f 3580/3828/3580 3542/3790/3542 3555/3830/3555
vt 0.7288896 0.3217961
f 3557/3834/3557 3580/3828/3580 3555/3830/3555
f 3514/3791/3514 3582/3832/3582 3513/3792/3513
f 3582/3832/3582 3515/3796/3515 3608/3833/3608
f 3514/3791/3514 3515/3796/3515 3582/3832/3582
vt 0.7287408 0.3081887
vt 0.7347749 0.3043491
vt 0.7339030 0.3099276
f 3572/3835/3572 3588/3836/3588 3570/3837/3570
vt 0.6443284 0.3364965
f 3515/3796/3515 3528/3810/3528 3566/3838/3566
vt 0.7318344 0.3203485
f 3523/3800/3523 3580/3828/3580 3564/3839/3564
f 3566/3838/3566 3608/3833/3608 3515/3796/3515
vt 0.7333965 0.3193099
f 3606/3840/3606 3523/3800/3523 3564/3839/3564
f 3512/3794/3512 3580/3828/3580 3523/3800/3523
f 3534/3819/3534 3588/3836/3588 3572/3835/3572
f 3532/3818/3532 3588/3836/3588 3534/3819/3534
vt 0.6450130 0.3358046
f 3566/3838/3566 3530/3813/3530 3568/3841/3568
f 3524/3802/3524 3523/3800/3523 3606/3840/3606
f 3528/3810/3528 3530/3813/3530 3566/3838/3566
vt 0.7212932 0.3084366
f 3576/3842/3576 3534/3819/3534 3572/3835/3572
vt 0.7360530 0.3165235
f 3606/3840/3606 3607/3843/3607 3524/3802/3524
vt 0.7105733 0.3262876
vt 0.7073445 0.3267741
f 3559/3844/3559 3518/3809/3518 3560/3845/3560
f 3536/3822/3536 3534/3819/3534 3576/3842/3576
f 3564/3839/3564 3580/3828/3580 3557/3834/3557
vt 0.7350253 0.3108580
f 3570/3837/3570 3529/3812/3529 3574/3846/3574
f 3511/3789/3511 3518/3809/3518 3559/3844/3559
f 3589/3824/3589 3536/3822/3536 3576/3842/3576
vt 0.6668157 0.3309798
f 3526/3806/3526 3552/3805/3552 3565/3847/3565
vt 0.6462116 0.3348646
f 3568/3841/3568 3533/3816/3533 3575/3848/3575
f 3537/3823/3537 3529/3812/3529 3570/3837/3570
f 3579/3827/3579 3511/3789/3511 3559/3844/3559
vt 0.7361311 0.3163482
f 3567/3849/3567 3524/3802/3524 3607/3843/3607
vt 0.6770036 0.3296050
f 3563/3850/3563 3526/3806/3526 3565/3847/3565
f 3530/3813/3530 3533/3816/3533 3568/3841/3568
f 3588/3836/3588 3537/3823/3537 3570/3837/3570
vt 0.7391928 0.3137549
f 3586/3851/3586 3524/3802/3524 3567/3849/3567
f 3585/3808/3585 3526/3806/3526 3563/3850/3563
f 3538/3825/3538 3589/3824/3589 3576/3842/3576
f 3525/3804/3525 3524/3802/3524 3586/3851/3586
f 3537/3823/3537 3588/3836/3588 3532/3818/3532
vt 0.7136769 0.3104284
f 3576/3842/3576 3578/3852/3578 3538/3825/3538
f 3525/3804/3525 3586/3851/3586 3527/3811/3527
vt 0.6971340 0.3278225
f 3519/3814/3519 3583/3815/3583 3561/3853/3561
vt 0.7056377 0.3139991
f 3577/3854/3577 3538/3825/3538 3578/3852/3578
vt 0.7367708 0.3137321
f 3571/3855/3571 3586/3851/3586 3567/3849/3567
vt 0.6596696 0.3385668
vt 0.6628163 0.3316047
f 3531/3820/3531 3587/3856/3587 3569/3857/3569
f 3560/3845/3560 3519/3814/3519 3561/3853/3561
f 3520/3786/3520 3581/3787/3581 3577/3854/3577
f 3581/3787/3581 3538/3825/3538 3577/3854/3577
f 3527/3811/3527 3586/3851/3586 3571/3855/3571
f 3552/3805/3552 3531/3820/3531 3569/3857/3569
f 3518/3809/3518 3519/3814/3519 3560/3845/3560
f 3516/3784/3516 3520/3786/3520 3577/3854/3577
f 3574/3846/3574 3527/3811/3527 3571/3855/3571
f 3565/3847/3565 3552/3805/3552 3569/3857/3569
f 3529/3812/3529 3527/3811/3527 3574/3846/3574
vt 0.6565800 0.3330246
f 3569/3857/3569 3587/3856/3587 3573/3858/3573
f 3535/3826/3535 3587/3856/3587 3531/3820/3531
f 3513/3792/3513 3582/3832/3582 3558/3831/3558
f 3535/3826/3535 3513/3792/3513 3558/3831/3558
f 3573/3858/3573 3535/3826/3535 3558/3831/3558
f 3587/3856/3587 3535/3826/3535 3573/3858/3573
f 3556/3829/3556 3579/3827/3579 3559/3844/3559
vt 0.6877220 0.3352074
f 3584/3859/3584 3583/3815/3583 3522/3821/3522
vt 0.6870981 0.3286216
f 3561/3853/3561 3584/3859/3584 3562/3860/3562
f 3583/3815/3583 3584/3859/3584 3561/3853/3561
f 3585/3808/3585 3584/3859/3584 3522/3821/3522
f 3584/3859/3584 3585/3808/3585 3563/3850/3563
f 3563/3850/3563 3562/3860/3562 3584/3859/3584
vt 0.7192998 0.3164074
f 3555/3830/3555 3556/3829/3556 3627/3861/3627
vt 0.7268025 0.3163414
f 3590/3862/3590 3555/3830/3555 3627/3861/3627
f 3557/3834/3557 3555/3830/3555 3590/3862/3590
vt 0.7075311 0.3186789
f 3560/3845/3560 3592/3863/3592 3559/3844/3559
vt 0.6970987 0.3174385
f 3592/3863/3592 3561/3853/3561 3591/3864/3591
f 3560/3845/3560 3561/3853/3561 3592/3863/3592
f 3559/3844/3559 3592/3863/3592 3627/3861/3627
f 3556/3829/3556 3559/3844/3559 3627/3861/3627
f 3564/3839/3564 3557/3834/3557 3590/3862/3590
vt 0.7315542 0.3156708
f 3593/3865/3593 3564/3839/3564 3590/3862/3590
f 3606/3840/3606 3564/3839/3564 3593/3865/3593
vt 0.7342245 0.3147575
f 3594/3866/3594 3606/3840/3606 3593/3865/3593
f 3607/3843/3607 3606/3840/3606 3594/3866/3594
vt 0.6861475 0.3177991
f 3561/3853/3561 3562/3860/3562 3595/3867/3595
f 3595/3867/3595 3591/3864/3591 3561/3853/3561
vt 0.6747968 0.3188608
f 3595/3867/3595 3563/3850/3563 3596/3868/3596
f 3562/3860/3562 3563/3850/3563 3595/3867/3595
f 3567/3849/3567 3607/3843/3607 3594/3866/3594
f 3571/3855/3571 3567/3849/3567 3594/3866/3594
vt 0.7349458 0.3139009
f 3597/3869/3597 3571/3855/3571 3594/3866/3594
vt 0.6636703 0.3218930
f 3565/3847/3565 3598/3870/3598 3596/3868/3596
f 3563/3850/3563 3565/3847/3565 3596/3868/3596
f 3574/3846/3574 3571/3855/3571 3597/3869/3597
vt 0.7334478 0.3129442
f 3609/3871/3609 3574/3846/3574 3597/3869/3597
f 3569/3857/3569 3598/3870/3598 3565/3847/3565
vt 0.6444331 0.3312701
vt 0.6424067 0.3335663
f 3600/3872/3600 3608/3833/3608 3599/3873/3599
vt 0.6517796 0.3261779
f 3569/3857/3569 3573/3858/3573 3603/3874/3603
f 3574/3846/3574 3609/3871/3609 3570/3837/3570
f 3598/3870/3598 3569/3857/3569 3603/3874/3603
f 3608/3833/3608 3566/3838/3566 3599/3873/3599
vt 0.7234294 0.3147128
f 3578/3852/3578 3576/3842/3576 3601/3875/3601
vt 0.7167169 0.3177735
f 3601/3875/3601 3602/3876/3602 3578/3852/3578
vt 0.6461693 0.3367861
f 3566/3838/3566 3568/3841/3568 3629/3877/3629
vt 0.6504861 0.3267695
f 3603/3874/3603 3558/3831/3558 3604/3878/3604
f 3577/3854/3577 3578/3852/3578 3602/3876/3602
f 3573/3858/3573 3558/3831/3558 3603/3874/3603
vt 0.7283171 0.3119251
f 3570/3837/3570 3609/3871/3609 3605/3879/3605
f 3572/3835/3572 3570/3837/3570 3605/3879/3605
f 3568/3841/3568 3575/3848/3575 3629/3877/3629
vt 0.7275993 0.3178880
f 3601/3875/3601 3605/3879/3605 3626/3880/3626
f 3572/3835/3572 3605/3879/3605 3601/3875/3601
f 3576/3842/3576 3572/3835/3572 3601/3875/3601
f 3558/3831/3558 3608/3833/3608 3600/3872/3600
f 3604/3878/3604 3558/3831/3558 3600/3872/3600
vt 0.7198483 0.3095465
f 3590/3862/3590 3627/3861/3627 3611/3881/3611
vt 0.7267251 0.3106668
f 3610/3882/3610 3590/3862/3590 3611/3881/3611
vt 0.7048100 0.3074474
vt 0.6976124 0.3065605
f 3612/3883/3612 3591/3864/3591 3613/3884/3613
f 3592/3863/3592 3591/3864/3591 3612/3883/3612
vt 0.7316254 0.3119317
f 3615/3885/3615 3590/3862/3590 3610/3882/3610
f 3593/3865/3593 3590/3862/3590 3615/3885/3615
f 3594/3866/3594 3593/3865/3593 3615/3885/3615
vt 0.7343397 0.3130144
f 3597/3869/3597 3594/3866/3594 3616/3886/3616
f 3615/3885/3615 3616/3886/3616 3594/3866/3594
vt 0.7090371 0.3081220
f 3627/3861/3627 3592/3863/3592 3614/3887/3614
vt 0.7350987 0.3141380
f 3616/3886/3616 3618/3888/3618 3597/3869/3597
f 3611/3881/3611 3627/3861/3627 3614/3887/3614
vt 0.7342588 0.3151519
f 3620/3889/3620 3597/3869/3597 3618/3888/3618
f 3609/3871/3609 3597/3869/3597 3620/3889/3620
f 3614/3887/3614 3592/3863/3592 3612/3883/3612
vt 0.6855866 0.3059928
f 3591/3864/3591 3595/3867/3595 3617/3890/3617
f 3617/3890/3617 3613/3884/3613 3591/3864/3591
vt 0.6724138 0.3065553
f 3617/3890/3617 3596/3868/3596 3619/3891/3619
f 3595/3867/3595 3596/3868/3596 3617/3890/3617
vt 0.6626564 0.3093081
f 3596/3868/3596 3598/3870/3598 3621/3892/3621
f 3621/3892/3621 3619/3891/3619 3596/3868/3596
vt 0.6585464 0.3108371
f 3622/3893/3622 3621/3892/3621 3598/3870/3598
vt 0.7334114 0.3158593
f 3623/3894/3623 3609/3871/3609 3620/3889/3620
vt 0.6478775 0.3220572
vt 0.6381769 0.3078020
f 3622/3893/3622 3628/3895/3628 3624/3896/3624
f 3605/3879/3605 3609/3871/3609 3623/3894/3623
vt 0.7299321 0.3169108
f 3623/3894/3623 3625/3897/3625 3605/3879/3605
f 3626/3880/3626 3605/3879/3605 3625/3897/3625
f 3598/3870/3598 3628/3895/3628 3622/3893/3622
f 3603/3874/3603 3628/3895/3628 3598/3870/3598
f 3604/3878/3604 3628/3895/3628 3603/3874/3603
f 3604/3878/3604 3600/3872/3600 3628/3895/3628
vt 0.7225192 0.3031073
f 3610/3882/3610 3611/3881/3611 3630/3898/3630
vt 0.6582448 0.2957984
f 3619/3891/3619 3621/3892/3621 3632/3899/3632
vt 0.6516738 0.2987027
f 3621/3892/3621 3622/3893/3622 3633/3900/3633
f 3633/3900/3633 3632/3899/3632 3621/3892/3621
f 3622/3893/3622 3624/3896/3624 3633/3900/3633
vt 0.6862472 0.2940860
f 3613/3884/3613 3617/3890/3617 3631/3901/3631
vt 0.2541227 0.5550117
vt 0.2909114 0.5877177
vt 0.2508658 0.6045324
f 3634/3902/3634 3635/3903/3635 3521/3904/3521
vt 0.2893716 0.6538742
f 3635/3903/3635 3471/3905/3471 3521/3904/3521
vt 0.3103073 0.6026797
f 3473/3906/3473 3471/3905/3471 3635/3903/3635
vt 0.3132570 0.5796876
f 3476/3907/3476 3635/3903/3635 3634/3902/3634
vt 0.3125699 0.5190568
f 3497/3908/3497 3476/3907/3476 3634/3902/3634
f 3473/3906/3473 3635/3903/3635 3476/3907/3476
vt 0.2725854 0.4836673
f 3547/3909/3547 3497/3908/3497 3634/3902/3634
vt 0.2440621 0.4988295
f 3533/3910/3533 3547/3909/3547 3634/3902/3634
vt 0.2076125 0.5914170
vt 0.2385152 0.6105196
vt 0.2019671 0.6185588
f 3637/3911/3637 3640/3912/3640 3636/3913/3636
vt 0.2280692 0.6541904
vt 0.1974439 0.6300852
f 3636/3913/3636 3516/3914/3516 3638/3915/3638
f 3640/3912/3640 3516/3914/3516 3636/3913/3636
vt 0.2457159 0.6180252
f 3517/3916/3517 3516/3914/3516 3640/3912/3640
f 3521/3904/3521 3640/3912/3640 3637/3911/3637
vt 0.2077568 0.5675171
f 3639/3917/3639 3521/3904/3521 3637/3911/3637
f 3634/3902/3634 3521/3904/3521 3639/3917/3639
vt 0.2486548 0.5513011
f 3641/3918/3641 3634/3902/3634 3639/3917/3639
f 3517/3916/3517 3640/3912/3640 3521/3904/3521
vt 0.1973207 0.5248766
f 3575/3919/3575 3641/3918/3641 3639/3917/3639
f 3533/3910/3533 3641/3918/3641 3575/3919/3575
f 3634/3902/3634 3641/3918/3641 3533/3910/3533
vt 0.1811919 0.6587551
f 3638/3915/3638 3516/3914/3516 3577/3920/3577
vt 0.1771279 0.5830870
f 3639/3917/3639 3637/3911/3637 3642/3921/3642
vt 0.1577660 0.5804993
f 3642/3921/3642 3655/3922/3655 3639/3917/3639
vt 0.1203240 0.5016320
vt 0.1386926 0.4824219
vt 0.1232479 0.5070053
f 3599/3923/3599 3566/3924/3566 3656/3925/3656
vt 0.1466799 0.5239877
f 3629/3926/3629 3656/3925/3656 3566/3924/3566
vt 0.1668936 0.5424004
f 3629/3926/3629 3575/3919/3575 3644/3927/3644
vt 0.1422540 0.6611745
vt 0.1583852 0.6419796
f 3602/3928/3602 3643/3929/3643 3577/3920/3577
f 3644/3927/3644 3639/3917/3639 3655/3922/3655
f 3575/3919/3575 3639/3917/3639 3644/3927/3644
f 3638/3915/3638 3577/3920/3577 3643/3929/3643
vt 0.1731266 0.6182917
f 3645/3930/3645 3638/3915/3638 3643/3929/3643
f 3636/3913/3636 3645/3930/3645 3642/3921/3642
f 3637/3911/3637 3636/3913/3636 3642/3921/3642
f 3638/3915/3638 3645/3930/3645 3636/3913/3636
vt 0.1239892 0.6746360
vt 0.1108056 0.6570415
f 3602/3928/3602 3601/3931/3601 3647/3932/3647
vt 0.1265568 0.6445925
f 3647/3932/3647 3649/3933/3649 3602/3928/3602
vt 0.1127992 0.5237408
f 3599/3923/3599 3656/3925/3656 3646/3934/3646
vt 0.0932693 0.5145749
f 3648/3935/3648 3599/3923/3599 3646/3934/3646
vt 0.1023445 0.4942822
f 3600/3936/3600 3599/3923/3599 3648/3935/3648
f 3643/3929/3643 3602/3928/3602 3649/3933/3649
vt 0.1386576 0.6290894
f 3649/3933/3649 3651/3937/3651 3643/3929/3643
vt 0.1299418 0.5372097
f 3646/3934/3646 3629/3926/3629 3650/3938/3650
f 3656/3925/3656 3629/3926/3629 3646/3934/3646
vt 0.1423775 0.5561897
f 3629/3926/3629 3644/3927/3644 3652/3939/3652
f 3650/3938/3650 3629/3926/3629 3652/3939/3652
f 3644/3927/3644 3655/3922/3655 3652/3939/3652
vt 0.1015457 0.6621028
f 3626/3940/3626 3647/3932/3647 3601/3931/3601
vt 0.1479403 0.6082881
vt 0.1444350 0.6183081
f 3654/3941/3654 3645/3930/3645 3653/3942/3653
f 3653/3942/3653 3643/3929/3643 3651/3937/3651
f 3645/3930/3645 3643/3929/3643 3653/3942/3653
f 3642/3921/3642 3645/3930/3645 3654/3941/3654
f 3655/3922/3655 3642/3921/3642 3654/3941/3654
vt 0.0716369 0.4998480
f 3628/3943/3628 3600/3936/3600 3648/3935/3648
vt 0.0652578 0.5291660
f 3624/3944/3624 3628/3943/3628 3648/3935/3648
vt 0.1025850 0.5394312
f 3648/3935/3648 3646/3934/3646 3665/3945/3665
vt 0.0862004 0.5325263
f 3665/3945/3665 3660/3946/3660 3648/3935/3648
f 3624/3944/3624 3648/3935/3648 3660/3946/3660
vt 0.0165060 0.6116161
vt 0.0225771 0.6214789
vt 0.0112982 0.6311177
f 3630/3947/3630 3657/3948/3657 3610/3949/3610
vt 0.1037232 0.5606588
f 3665/3945/3665 3650/3938/3650 3667/3950/3667
f 3646/3934/3646 3650/3938/3650 3665/3945/3665
vt 0.0318291 0.6321445
f 3661/3951/3661 3610/3949/3610 3657/3948/3657
vt 0.0221423 0.6429521
f 3615/3952/3615 3610/3949/3610 3661/3951/3661
vt 0.0151535 0.5827063
vt 0.0020436 0.5733254
vt 0.0162768 0.5764800
f 3658/3953/3658 3613/3954/3613 3659/3955/3659
f 3650/3938/3650 3652/3939/3652 3667/3950/3667
vt 0.0346184 0.6527617
f 3616/3956/3616 3615/3952/3615 3661/3951/3661
vt 0.0004409 0.5835795
f 3612/3957/3612 3613/3954/3613 3658/3953/3658
vt 0.0424777 0.6402887
f 3661/3951/3661 3662/3958/3662 3616/3956/3616
vt 0.1380933 0.5815952
f 3652/3939/3652 3655/3922/3655 3663/3959/3663
vt 0.0497683 0.6606836
f 3618/3960/3618 3616/3956/3616 3662/3958/3662
vt 0.0554628 0.6463657
f 3662/3958/3662 3668/3961/3668 3618/3960/3618
vt 0.1300107 0.6029420
vt 0.1260180 0.6161986
f 3672/3962/3672 3653/3942/3653 3671/3963/3671
f 3654/3941/3654 3653/3942/3653 3672/3962/3672
vt 0.0639912 0.6485766
f 3669/3964/3669 3618/3960/3618 3668/3961/3668
vt 0.0630991 0.6648128
f 3620/3965/3620 3618/3960/3618 3669/3964/3669
vt 0.0366205 0.5419133
vt 0.0296371 0.5495753
vt 0.0169717 0.5397947
f 3632/3966/3632 3670/3967/3670 3619/3968/3619
vt 0.1132768 0.6136798
f 3671/3963/3671 3651/3937/3651 3699/3969/3699
f 3653/3942/3653 3651/3937/3651 3671/3963/3671
f 3663/3959/3663 3654/3941/3654 3672/3962/3672
f 3655/3922/3655 3654/3941/3654 3663/3959/3663
vt 0.0153767 0.6057344
vt 0.0000000 0.5902850
vt 0.0144202 0.5915030
f 3664/3970/3664 3614/3971/3614 3666/3972/3666
vt 0.0006525 0.6094979
f 3611/3973/3611 3614/3971/3614 3664/3970/3664
f 3664/3970/3664 3630/3947/3630 3611/3973/3611
f 3666/3972/3666 3612/3957/3612 3658/3953/3658
f 3614/3971/3614 3612/3957/3612 3666/3972/3666
vt 0.0204778 0.5623571
f 3631/3974/3631 3659/3955/3659 3613/3954/3613
vt 0.0073774 0.5529183
f 3617/3975/3617 3619/3968/3619 3670/3967/3670
f 3670/3967/3670 3631/3974/3631 3617/3975/3617
vt 0.1029371 0.6224861
f 3651/3937/3651 3649/3933/3649 3696/3976/3696
f 3696/3976/3696 3699/3969/3699 3651/3937/3651
vt 0.0898257 0.6650472
vt 0.0702695 0.6658730
vt 0.0720997 0.6494408
f 3625/3977/3625 3623/3978/3623 3674/3979/3674
vt 0.0853465 0.6484740
f 3674/3979/3674 3673/3980/3673 3625/3977/3625
f 3626/3940/3626 3625/3977/3625 3673/3980/3673
vt 0.0983406 0.6403620
f 3673/3980/3673 3675/3981/3675 3626/3940/3626
f 3647/3932/3647 3626/3940/3626 3675/3981/3675
f 3674/3979/3674 3620/3965/3620 3669/3964/3669
f 3623/3978/3623 3620/3965/3620 3674/3979/3674
f 3649/3933/3649 3647/3932/3647 3675/3981/3675
f 3675/3981/3675 3696/3976/3696 3649/3933/3649
vt 0.1157597 0.5888104
vt 0.1147391 0.5821140
f 3682/3982/3682 3684/3983/3684 3663/3959/3663
vt 0.0299776 0.6089355
f 3657/3948/3657 3630/3947/3630 3677/3984/3677
vt 0.0327002 0.6140621
f 3677/3984/3677 3676/3985/3676 3657/3948/3657
vt 0.0938166 0.5525450
f 3660/3946/3660 3665/3945/3665 3687/3986/3687
vt 0.0810866 0.5472603
f 3687/3986/3687 3679/3987/3679 3660/3946/3660
vt 0.0320254 0.5810477
f 3658/3953/3658 3659/3955/3659 3727/3988/3727
f 3667/3950/3667 3687/3986/3687 3665/3945/3665
vt 0.1116756 0.5729242
f 3667/3950/3667 3652/3939/3652 3690/3989/3690
f 3652/3939/3652 3663/3959/3663 3684/3983/3684
f 3684/3983/3684 3690/3989/3690 3652/3939/3652
vt 0.0687174 0.5457829
f 3678/3990/3678 3660/3946/3660 3679/3987/3679
f 3624/3944/3624 3660/3946/3660 3678/3990/3678
vt 0.1153271 0.5991569
f 3672/3962/3672 3699/3969/3699 3693/3991/3693
vt 0.0429450 0.5561554
f 3670/3967/3670 3632/3966/3632 3692/3992/3692
f 3671/3963/3671 3699/3969/3699 3672/3962/3672
vt 0.0400584 0.5588751
f 3692/3992/3692 3688/3993/3688 3670/3967/3670
vt 0.0400188 0.6231248
f 3683/3994/3683 3657/3948/3657 3676/3985/3676
f 3661/3951/3661 3657/3948/3657 3683/3994/3683
vt 0.0435598 0.5370241
vt 0.0513343 0.5504763
f 3632/3966/3632 3633/3995/3633 3694/3996/3694
f 3694/3996/3694 3692/3992/3692 3632/3966/3632
f 3662/3958/3662 3661/3951/3661 3683/3994/3683
vt 0.0488558 0.6298493
f 3683/3994/3683 3686/3997/3686 3662/3958/3662
vt 0.0648871 0.5461012
f 3633/3995/3633 3624/3944/3624 3695/3998/3695
f 3695/3998/3695 3694/3996/3694 3633/3995/3633
f 3678/3990/3678 3695/3998/3695 3624/3944/3624
f 3668/3961/3668 3662/3958/3662 3686/3997/3686
vt 0.0596435 0.6344960
f 3686/3997/3686 3689/3999/3689 3668/3961/3668
vt 0.0276557 0.6015218
vt 0.0267473 0.5927393
f 3680/4000/3680 3666/3972/3666 3681/4001/3681
f 3664/3970/3664 3666/3972/3666 3680/4000/3680
f 3630/3947/3630 3664/3970/3664 3680/4000/3680
f 3680/4000/3680 3677/3984/3677 3630/3947/3630
vt 0.0637902 0.6354840
f 3691/4002/3691 3668/3961/3668 3689/3999/3689
f 3669/3964/3669 3668/3961/3668 3691/4002/3691
vt 0.0733481 0.6362426
f 3673/3980/3673 3674/3979/3674 3697/4003/3697
f 3681/4001/3681 3658/3953/3658 3727/3988/3727
vt 0.0809930 0.6353734
f 3697/4003/3697 3698/4004/3698 3673/3980/3673
f 3666/3972/3666 3658/3953/3658 3681/4001/3681
vt 0.0325765 0.5687138
f 3659/3955/3659 3631/3974/3631 3685/4005/3685
f 3685/4005/3685 3727/3988/3727 3659/3955/3659
vt 0.0953994 0.6327349
f 3700/4006/3700 3673/3980/3673 3698/4004/3698
f 3675/3981/3675 3673/3980/3673 3700/4006/3700
f 3685/4005/3685 3670/3967/3670 3688/3993/3688
f 3631/3974/3631 3670/3967/3670 3685/4005/3685
f 3697/4003/3697 3669/3964/3669 3691/4002/3691
f 3674/3979/3674 3669/3964/3669 3697/4003/3697
f 3675/3981/3675 3700/4006/3700 3696/3976/3696
f 3682/3982/3682 3672/3962/3672 3693/3991/3693
f 3663/3959/3663 3672/3962/3672 3682/3982/3682
vt 0.0396205 0.6059483
f 3676/3985/3676 3677/3984/3677 3704/4007/3704
vt 0.0409920 0.6086569
f 3704/4007/3704 3702/4008/3702 3676/3985/3676
vt 0.0875337 0.5626231
f 3679/3987/3679 3687/3986/3687 3701/4009/3701
vt 0.0777355 0.5586869
f 3701/4009/3701 3703/4010/3703 3679/3987/3679
vt 0.0952055 0.5689771
f 3687/3986/3687 3667/3950/3667 3705/4011/3705
f 3705/4011/3705 3701/4009/3701 3687/3986/3687
vt 0.1012015 0.5780699
f 3705/4011/3705 3690/3989/3690 3706/4012/3706
f 3667/3950/3667 3690/3989/3690 3705/4011/3705
vt 0.0698805 0.5577865
f 3710/4013/3710 3679/3987/3679 3703/4010/3703
f 3678/3990/3678 3679/3987/3679 3710/4013/3710
vt 0.1031520 0.5835327
f 3690/3989/3690 3684/3983/3684 3707/4014/3707
f 3707/4014/3707 3706/4012/3706 3690/3989/3690
vt 0.0483077 0.5663118
f 3688/3993/3688 3692/3992/3692 3718/4015/3718
vt 0.0466932 0.6160420
f 3711/4016/3711 3676/3985/3676 3702/4008/3702
f 3683/3994/3683 3676/3985/3676 3711/4016/3711
vt 0.1006768 0.6071064
f 3693/3991/3693 3699/3969/3699 3708/4017/3708
vt 0.0565547 0.5607573
f 3692/3992/3692 3694/3996/3694 3725/4018/3725
f 3686/3997/3686 3683/3994/3683 3711/4016/3711
vt 0.1039377 0.5968848
f 3708/4017/3708 3709/4019/3709 3693/3991/3693
f 3725/4018/3725 3718/4015/3718 3692/3992/3692
vt 0.0537350 0.6214085
f 3711/4016/3711 3713/4020/3713 3686/3997/3686
vt 0.0654646 0.5581214
f 3694/3996/3694 3695/3998/3695 3726/4021/3726
f 3726/4021/3726 3725/4018/3725 3694/3996/3694
f 3695/3998/3695 3678/3990/3678 3710/4013/3710
f 3710/4013/3710 3726/4021/3726 3695/3998/3695
f 3689/3999/3689 3686/3997/3686 3713/4020/3713
vt 0.0633487 0.6252044
f 3713/4020/3713 3715/4022/3715 3689/3999/3689
f 3691/4002/3691 3689/3999/3689 3715/4022/3715
vt 0.0874805 0.6212785
vt 0.0777788 0.6251195
f 3720/4023/3720 3698/4004/3698 3717/4024/3717
vt 0.1042287 0.5902384
f 3684/3983/3684 3682/3982/3682 3712/4025/3712
f 3712/4025/3712 3693/3991/3693 3709/4019/3709
f 3700/4006/3700 3698/4004/3698 3720/4023/3720
f 3712/4025/3712 3707/4014/3707 3684/3983/3684
vt 0.0735614 0.6258328
f 3721/4026/3721 3691/4002/3691 3715/4022/3715
f 3682/3982/3682 3693/3991/3693 3712/4025/3712
f 3697/4003/3697 3691/4002/3691 3721/4026/3721
vt 0.0907439 0.6190565
f 3720/4023/3720 3722/4027/3722 3700/4006/3700
f 3696/3976/3696 3700/4006/3700 3722/4027/3722
vt 0.0950418 0.6151537
f 3722/4027/3722 3723/4028/3723 3696/3976/3696
f 3698/4004/3698 3697/4003/3697 3721/4026/3721
f 3721/4026/3721 3717/4024/3717 3698/4004/3698
vt 0.0992670 0.6095756
f 3708/4017/3708 3699/3969/3699 3724/4029/3724
f 3724/4029/3724 3696/3976/3696 3723/4028/3723
f 3699/3969/3699 3696/3976/3696 3724/4029/3724
vt 0.0372749 0.5985681
vt 0.0366677 0.5932040
f 3714/4030/3714 3681/4001/3681 3716/4031/3716
f 3680/4000/3680 3681/4001/3681 3714/4030/3714
f 3677/3984/3677 3680/4000/3680 3714/4030/3714
f 3714/4030/3714 3704/4007/3704 3677/3984/3677
f 3681/4001/3681 3727/3988/3727 3716/4031/3716
vt 0.0415144 0.5741920
f 3727/3988/3727 3685/4005/3685 3719/4032/3719
f 3685/4005/3685 3688/3993/3688 3718/4015/3718
f 3718/4015/3718 3719/4032/3719 3685/4005/3685
vt 0.0466947 0.6033691
f 3702/4008/3702 3704/4007/3704 3729/4033/3729
vt 0.0475339 0.6049436
f 3729/4033/3729 3728/4034/3728 3702/4008/3702
vt 0.0699147 0.5666854
vt 0.0754610 0.5673875
f 3731/4035/3731 3703/4010/3703 3733/4036/3733
f 3710/4013/3710 3703/4010/3703 3731/4035/3731
vt 0.0519098 0.6106296
f 3736/4037/3736 3702/4008/3702 3728/4034/3728
vt 0.0829298 0.5701675
f 3733/4036/3733 3701/4009/3701 3735/4038/3735
f 3711/4016/3711 3702/4008/3702 3736/4037/3736
f 3703/4010/3703 3701/4009/3701 3733/4036/3733
vt 0.0887242 0.5748785
f 3701/4009/3701 3705/4011/3705 3737/4039/3737
f 3737/4039/3737 3735/4038/3735 3701/4009/3701
f 3713/4020/3713 3711/4016/3711 3736/4037/3736
vt 0.0573389 0.6147506
f 3736/4037/3736 3738/4040/3738 3713/4020/3713
vt 0.0932333 0.5817279
f 3705/4011/3705 3706/4012/3706 3739/4041/3739
f 3739/4041/3739 3737/4039/3737 3705/4011/3705
vt 0.0946209 0.5855876
f 3706/4012/3706 3707/4014/3707 3740/4042/3740
f 3740/4042/3740 3739/4041/3739 3706/4012/3706
vt 0.0930012 0.6036254
f 3709/4019/3709 3708/4017/3708 3742/4043/3742
vt 0.0938712 0.5954301
f 3742/4043/3742 3758/4044/3758 3709/4019/3709
f 3715/4022/3715 3713/4020/3713 3738/4040/3738
vt 0.0647604 0.6172557
f 3738/4040/3738 3741/4045/3741 3715/4022/3715
vt 0.0814994 0.6120136
vt 0.0756738 0.6176915
f 3746/4046/3746 3717/4024/3717 3764/4047/3764
f 3720/4023/3720 3717/4024/3717 3746/4046/3746
vt 0.0856011 0.6129183
f 3748/4048/3748 3720/4023/3720 3746/4046/3746
f 3722/4027/3722 3720/4023/3720 3748/4048/3748
vt 0.0889194 0.6097318
f 3749/4049/3749 3722/4027/3722 3748/4048/3748
f 3723/4028/3723 3722/4027/3722 3749/4049/3749
vt 0.0922359 0.6051030
f 3708/4017/3708 3724/4029/3724 3750/4050/3750
f 3750/4050/3750 3742/4043/3742 3708/4017/3708
f 3724/4029/3724 3723/4028/3723 3749/4049/3749
f 3749/4049/3749 3750/4050/3750 3724/4029/3724
f 3721/4026/3721 3715/4022/3715 3741/4045/3741
vt 0.0728788 0.6159880
f 3741/4045/3741 3747/4051/3747 3721/4026/3721
f 3717/4024/3717 3721/4026/3721 3747/4051/3747
f 3747/4051/3747 3764/4047/3764 3717/4024/3717
vt 0.0954737 0.5908992
f 3743/4052/3743 3709/4019/3709 3758/4044/3758
f 3712/4025/3712 3709/4019/3709 3743/4052/3743
vt 0.0599984 0.5686640
f 3718/4015/3718 3725/4018/3725 3732/4053/3732
vt 0.0481029 0.5961580
vt 0.0469065 0.5929894
f 3744/4054/3744 3716/4031/3716 3745/4055/3745
vt 0.0540326 0.5731013
f 3732/4053/3732 3730/4056/3730 3718/4015/3718
f 3714/4030/3714 3716/4031/3716 3744/4054/3744
vt 0.0663074 0.5669364
f 3725/4018/3725 3726/4021/3726 3734/4057/3734
f 3734/4057/3734 3732/4053/3732 3725/4018/3725
f 3704/4007/3704 3714/4030/3714 3744/4054/3744
f 3744/4054/3744 3729/4033/3729 3704/4007/3704
f 3726/4021/3726 3710/4013/3710 3731/4035/3731
f 3731/4035/3731 3734/4057/3734 3726/4021/3726
vt 0.0455827 0.5848052
f 3716/4031/3716 3727/3988/3727 3751/4058/3751
f 3751/4058/3751 3745/4055/3745 3716/4031/3716
vt 0.0483806 0.5784852
f 3751/4058/3751 3719/4032/3719 3752/4059/3752
f 3727/3988/3727 3719/4032/3719 3751/4058/3751
f 3719/4032/3719 3718/4015/3718 3730/4056/3730
f 3730/4056/3730 3752/4059/3752 3719/4032/3719
f 3707/4014/3707 3712/4025/3712 3743/4052/3743
f 3743/4052/3743 3740/4042/3740 3707/4014/3707
vt 0.0535240 0.6009510
f 3728/4034/3728 3729/4033/3729 3755/4060/3755
vt 0.0700536 0.5740986
vt 0.0723905 0.5777051
f 3770/4061/3770 3733/4036/3733 3773/4062/3773
f 3731/4035/3731 3733/4036/3733 3770/4061/3770
vt 0.0838737 0.5793394
vt 0.0872859 0.5846745
f 3754/4063/3754 3739/4041/3739 3753/4064/3753
f 3737/4039/3737 3739/4041/3739 3754/4063/3754
vt 0.0876320 0.5870273
f 3739/4041/3739 3740/4042/3740 3756/4065/3756
vt 0.0559035 0.6064072
f 3759/4066/3759 3728/4034/3728 3755/4060/3755
f 3756/4065/3756 3753/4064/3753 3739/4041/3739
f 3736/4037/3736 3728/4034/3728 3759/4066/3759
vt 0.0657537 0.6102685
f 3747/4051/3747 3741/4045/3741 3790/4067/3790
vt 0.0873871 0.6007485
f 3758/4044/3758 3742/4043/3742 3757/4068/3757
f 3738/4040/3738 3736/4037/3736 3759/4066/3759
vt 0.0601141 0.6096067
f 3759/4066/3759 3760/4069/3760 3738/4040/3738
vt 0.0885317 0.5916826
f 3743/4052/3743 3758/4044/3758 3775/4070/3775
f 3741/4045/3741 3738/4040/3738 3760/4069/3760
f 3760/4069/3760 3790/4067/3790 3741/4045/3741
f 3744/4054/3744 3755/4060/3755 3729/4033/3729
vt 0.0509371 0.5864558
f 3745/4055/3745 3751/4058/3751 3786/4071/3786
vt 0.0533797 0.5817196
f 3786/4071/3786 3752/4059/3752 3762/4072/3762
f 3751/4058/3751 3752/4059/3752 3786/4071/3786
f 3740/4042/3740 3743/4052/3743 3775/4070/3775
f 3775/4070/3775 3756/4065/3756 3740/4042/3740
f 3762/4072/3762 3752/4059/3752 3730/4056/3730
vt 0.0820920 0.6076646
f 3746/4046/3746 3763/4073/3763 3748/4048/3748
vt 0.0794643 0.5756449
f 3733/4036/3733 3735/4038/3735 3761/4074/3761
vt 0.0631156 0.5759293
f 3730/4056/3730 3732/4053/3732 3772/4075/3772
f 3749/4049/3749 3748/4048/3748 3763/4073/3763
f 3761/4074/3761 3773/4062/3773 3733/4036/3733
vt 0.0841565 0.6056093
f 3763/4073/3763 3765/4076/3765 3749/4049/3749
f 3735/4038/3735 3737/4039/3737 3754/4063/3754
vt 0.0864749 0.6024107
f 3757/4068/3757 3750/4050/3750 3766/4077/3766
f 3754/4063/3754 3761/4074/3761 3735/4038/3735
f 3742/4043/3742 3750/4050/3750 3757/4068/3757
f 3766/4077/3766 3749/4049/3749 3765/4076/3765
f 3750/4050/3750 3749/4049/3749 3766/4077/3766
vt 0.0667874 0.5744507
f 3732/4053/3732 3734/4057/3734 3767/4078/3767
f 3767/4078/3767 3772/4075/3772 3732/4053/3732
f 3767/4078/3767 3731/4035/3731 3770/4061/3770
f 3734/4057/3734 3731/4035/3731 3767/4078/3767
vt 0.0801536 0.5827996
vt 0.0829919 0.5869045
f 3769/4079/3769 3753/4064/3753 3768/4080/3768
f 3754/4063/3754 3753/4064/3753 3769/4079/3769
f 3756/4065/3756 3768/4080/3768 3753/4064/3753
vt 0.0562911 0.5996250
vt 0.0590053 0.6031102
f 3759/4066/3759 3776/4081/3776 3777/4082/3777
f 3755/4060/3755 3776/4081/3776 3759/4066/3759
vt 0.0826092 0.5989519
f 3758/4044/3758 3757/4068/3757 3771/4083/3771
vt 0.0839800 0.5938244
f 3771/4083/3771 3774/4084/3774 3758/4044/3758
f 3760/4069/3760 3759/4066/3759 3777/4082/3777
vt 0.0622717 0.6056443
f 3777/4082/3777 3778/4085/3778 3760/4069/3760
f 3775/4070/3775 3758/4044/3758 3774/4084/3774
vt 0.0598575 0.5817763
f 3730/4056/3730 3772/4075/3772 3789/4086/3789
f 3790/4067/3790 3760/4069/3760 3778/4085/3778
vt 0.0716478 0.6071111
f 3747/4051/3747 3790/4067/3790 3779/4087/3779
vt 0.0772159 0.6050423
f 3763/4073/3763 3746/4046/3746 3780/4088/3780
vt 0.0802200 0.6025380
f 3780/4088/3780 3810/4089/3810 3763/4073/3763
vt 0.0766827 0.5799955
f 3773/4062/3773 3761/4074/3761 3781/4090/3781
f 3765/4076/3765 3763/4073/3763 3810/4089/3810
f 3781/4090/3781 3754/4063/3754 3769/4079/3769
f 3761/4074/3761 3754/4063/3754 3781/4090/3781
vt 0.0547634 0.5932200
f 3744/4054/3744 3745/4055/3745 3785/4091/3785
vt 0.0811129 0.6015559
f 3771/4083/3771 3766/4077/3766 3783/4092/3783
f 3764/4047/3764 3747/4051/3747 3779/4087/3779
vt 0.0549292 0.5947126
f 3785/4091/3785 3784/4093/3784 3744/4054/3744
f 3757/4068/3757 3766/4077/3766 3771/4083/3771
vt 0.0722609 0.6069984
f 3779/4087/3779 3782/4094/3782 3764/4047/3764
f 3783/4092/3783 3765/4076/3765 3810/4089/3810
f 3766/4077/3766 3765/4076/3765 3783/4092/3783
f 3780/4088/3780 3764/4047/3764 3782/4094/3782
f 3746/4046/3746 3764/4047/3764 3780/4088/3780
f 3755/4060/3755 3744/4054/3744 3784/4093/3784
f 3776/4081/3776 3755/4060/3755 3784/4093/3784
f 3786/4071/3786 3785/4091/3785 3745/4055/3745
vt 0.0557852 0.5866861
vt 0.0584599 0.5853850
f 3787/4095/3787 3762/4072/3762 3788/4096/3788
f 3786/4071/3786 3762/4072/3762 3787/4095/3787
f 3762/4072/3762 3730/4056/3730 3789/4086/3789
f 3789/4086/3789 3788/4096/3788 3762/4072/3762
vt 0.0771308 0.5854862
vt 0.0788132 0.5886524
f 3797/4097/3797 3768/4080/3768 3831/4098/3831
f 3769/4079/3769 3768/4080/3768 3797/4097/3797
f 3768/4080/3768 3756/4065/3756 3831/4098/3831
vt 0.0701034 0.5816721
vt 0.0712455 0.5819655
f 3792/4099/3792 3773/4062/3773 3794/4100/3794
f 3770/4061/3770 3773/4062/3773 3792/4099/3792
vt 0.0790392 0.5972998
f 3774/4084/3774 3771/4083/3771 3799/4101/3799
vt 0.0798223 0.5935931
f 3799/4101/3799 3800/4102/3800 3774/4084/3774
vt 0.0797968 0.5929517
f 3802/4103/3802 3774/4084/3774 3800/4102/3800
f 3775/4070/3775 3774/4084/3774 3802/4103/3802
vt 0.0621353 0.5842193
vt 0.0653586 0.5820919
f 3791/4104/3791 3772/4075/3772 3793/4105/3793
vt 0.0595717 0.5979661
f 3777/4082/3777 3776/4081/3776 3796/4106/3796
f 3789/4086/3789 3772/4075/3772 3791/4104/3791
vt 0.0613727 0.6005734
f 3796/4106/3796 3795/4107/3795 3777/4082/3777
vt 0.0673014 0.5867448
f 3793/4105/3793 3767/4078/3767 3818/4108/3818
f 3772/4075/3772 3767/4078/3767 3793/4105/3793
f 3778/4085/3778 3777/4082/3777 3795/4107/3795
vt 0.0638767 0.6024732
f 3795/4107/3795 3798/4109/3798 3778/4085/3778
f 3767/4078/3767 3770/4061/3770 3792/4099/3792
f 3792/4099/3792 3818/4108/3818 3767/4078/3767
vt 0.0666359 0.6037970
f 3801/4110/3801 3778/4085/3778 3798/4109/3798
f 3790/4067/3790 3778/4085/3778 3801/4110/3801
f 3779/4087/3779 3790/4067/3790 3801/4110/3801
vt 0.0711334 0.6030721
f 3801/4110/3801 3807/4111/3807 3779/4087/3779
vt 0.0583017 0.5940940
vt 0.0582425 0.5932612
f 3803/4112/3803 3785/4091/3785 3808/4113/3808
f 3784/4093/3784 3785/4091/3785 3803/4112/3803
f 3796/4106/3796 3784/4093/3784 3803/4112/3803
f 3776/4081/3776 3784/4093/3784 3796/4106/3796
f 3756/4065/3756 3775/4070/3775 3802/4103/3802
f 3802/4103/3802 3831/4098/3831 3756/4065/3756
vt 0.0745528 0.5833304
f 3773/4062/3773 3781/4090/3781 3804/4114/3804
f 3804/4114/3804 3794/4100/3794 3773/4062/3773
vt 0.0588042 0.5894557
f 3785/4091/3785 3786/4071/3786 3809/4115/3809
vt 0.0773868 0.6000502
vt 0.0748692 0.6021237
f 3806/4116/3806 3780/4088/3780 3805/4117/3805
f 3781/4090/3781 3769/4079/3769 3797/4097/3797
f 3782/4094/3782 3779/4087/3779 3807/4111/3807
f 3809/4115/3809 3808/4113/3808 3785/4091/3785
f 3810/4089/3810 3780/4088/3780 3806/4116/3806
f 3797/4097/3797 3804/4114/3804 3781/4090/3781
f 3805/4117/3805 3782/4094/3782 3807/4111/3807
f 3780/4088/3780 3782/4094/3782 3805/4117/3805
f 3783/4092/3783 3810/4089/3810 3806/4116/3806
f 3799/4101/3799 3783/4092/3783 3806/4116/3806
f 3771/4083/3771 3783/4092/3783 3799/4101/3799
f 3787/4095/3787 3788/4096/3788 3809/4115/3809
f 3786/4071/3786 3787/4095/3787 3809/4115/3809
f 3788/4096/3788 3789/4086/3789 3791/4104/3791
vt 0.0766200 0.5894554
f 3797/4097/3797 3831/4098/3831 3811/4118/3811
vt 0.0650822 0.5883699
vt 0.0667069 0.5867053
f 3814/4119/3814 3793/4105/3793 3815/4120/3815
vt 0.0748017 0.5876174
f 3813/4121/3813 3797/4097/3797 3811/4118/3811
f 3791/4104/3791 3793/4105/3793 3814/4119/3814
vt 0.0699919 0.5860268
f 3792/4099/3792 3794/4100/3794 3812/4122/3812
f 3818/4108/3818 3815/4120/3815 3793/4105/3793
vt 0.0618978 0.5967273
f 3795/4107/3795 3796/4106/3796 3819/4123/3819
vt 0.0631501 0.5986773
f 3819/4123/3819 3816/4124/3816 3795/4107/3795
f 3818/4108/3818 3792/4099/3792 3812/4122/3812
f 3798/4109/3798 3795/4107/3795 3816/4124/3816
vt 0.0762026 0.5960730
f 3800/4102/3800 3799/4101/3799 3817/4125/3817
vt 0.0650814 0.6000960
f 3816/4124/3816 3820/4126/3820 3798/4109/3798
vt 0.0769707 0.5932779
f 3832/4127/3832 3800/4102/3800 3817/4125/3817
vt 0.0662833 0.6005923
f 3821/4128/3821 3798/4109/3798 3820/4126/3820
f 3800/4102/3800 3832/4127/3832 3802/4103/3802
f 3801/4110/3801 3798/4109/3798 3821/4128/3821
vt 0.0674738 0.6008852
f 3822/4129/3822 3801/4110/3801 3821/4128/3821
f 3807/4111/3807 3801/4110/3801 3822/4129/3822
vt 0.0707584 0.6015580
f 3823/4130/3823 3807/4111/3807 3822/4129/3822
vt 0.0749319 0.5982215
vt 0.0730027 0.5998438
f 3827/4131/3827 3805/4117/3805 3825/4132/3825
f 3806/4116/3806 3805/4117/3805 3827/4131/3827
f 3799/4101/3799 3806/4116/3806 3827/4131/3827
f 3827/4131/3827 3817/4125/3817 3799/4101/3799
f 3802/4103/3802 3832/4127/3832 3811/4118/3811
f 3831/4098/3831 3802/4103/3802 3811/4118/3811
f 3825/4132/3825 3807/4111/3807 3823/4130/3823
f 3805/4117/3805 3807/4111/3807 3825/4132/3825
vt 0.0728672 0.5859694
f 3794/4100/3794 3804/4114/3804 3828/4133/3828
f 3828/4133/3828 3812/4122/3812 3794/4100/3794
f 3828/4133/3828 3797/4097/3797 3813/4121/3813
f 3804/4114/3804 3797/4097/3797 3828/4133/3828
vt 0.0608122 0.5937434
vt 0.0607748 0.5933268
f 3824/4134/3824 3808/4113/3808 3826/4135/3826
f 3803/4112/3803 3808/4113/3808 3824/4134/3824
f 3819/4123/3819 3803/4112/3803 3824/4134/3824
f 3796/4106/3796 3803/4112/3803 3819/4123/3819
vt 0.0610206 0.5906262
f 3808/4113/3808 3809/4115/3809 3829/4136/3829
f 3829/4136/3829 3826/4135/3826 3808/4113/3808
vt 0.0638800 0.5898402
f 3809/4115/3809 3788/4096/3788 3830/4137/3830
f 3830/4137/3830 3829/4136/3829 3809/4115/3809
f 3830/4137/3830 3791/4104/3791 3814/4119/3814
f 3788/4096/3788 3791/4104/3791 3830/4137/3830
vt 0.0743106 0.5936419
vt 0.0743328 0.5931104
f 3833/4138/3833 3834/4139/3834 3832/4127/3832
vt 0.0739677 0.5910169
vt 0.0733759 0.5898191
f 3835/4140/3835 3836/4141/3836 3811/4118/3811
f 3811/4118/3811 3832/4127/3832 3834/4139/3834
f 3834/4139/3834 3835/4140/3835 3811/4118/3811
vt 0.0629412 0.5914084
f 3830/4137/3830 3838/4142/3838 3829/4136/3829
vt 0.0715160 0.5880059
f 3812/4122/3812 3828/4133/3828 3837/4143/3837
vt 0.0696065 0.5877421
f 3837/4143/3837 3843/4144/3843 3812/4122/3812
f 3818/4108/3818 3812/4122/3812 3843/4144/3843
vt 0.0729567 0.5892364
f 3837/4143/3837 3813/4121/3813 3840/4145/3840
f 3828/4133/3828 3813/4121/3813 3837/4143/3837
f 3813/4121/3813 3811/4118/3811 3836/4141/3836
f 3836/4141/3836 3840/4145/3840 3813/4121/3813
vt 0.0635548 0.5958240
f 3816/4124/3816 3819/4123/3819 3841/4146/3841
vt 0.0644422 0.5972796
f 3841/4146/3841 3839/4147/3839 3816/4124/3816
f 3820/4126/3820 3816/4124/3816 3839/4147/3839
vt 0.0661672 0.5981486
f 3839/4147/3839 3842/4148/3842 3820/4126/3820
f 3821/4128/3821 3820/4126/3820 3842/4148/3842
vt 0.0704245 0.5985845
f 3825/4132/3825 3823/4130/3823 3846/4149/3846
vt 0.0715613 0.5980711
f 3846/4149/3846 3844/4150/3844 3825/4132/3825
vt 0.0739542 0.5952218
f 3833/4138/3833 3817/4125/3817 3850/4151/3850
vt 0.0730101 0.5968478
f 3848/4152/3848 3825/4132/3825 3844/4150/3844
f 3832/4127/3832 3817/4125/3817 3833/4138/3833
vt 0.0626644 0.5934319
f 3824/4134/3824 3826/4135/3826 3845/4153/3845
f 3827/4131/3827 3825/4132/3825 3848/4152/3848
f 3817/4125/3817 3827/4131/3827 3848/4152/3848
f 3848/4152/3848 3850/4151/3850 3817/4125/3817
f 3822/4129/3822 3821/4128/3821 3842/4148/3842
f 3841/4146/3841 3824/4134/3824 3845/4153/3845
vt 0.0678065 0.5988898
f 3842/4148/3842 3847/4154/3847 3822/4129/3822
f 3819/4123/3819 3824/4134/3824 3841/4146/3841
vt 0.0695018 0.5988224
f 3849/4155/3849 3822/4129/3822 3847/4154/3847
f 3823/4130/3823 3822/4129/3822 3849/4155/3849
f 3826/4135/3826 3829/4136/3829 3838/4142/3838
f 3838/4142/3838 3845/4153/3845 3826/4135/3826
f 3849/4155/3849 3846/4149/3846 3823/4130/3823
vt 0.0723484 0.5937374
f 3834/4139/3834 3833/4138/3833 3878/4156/3878
vt 0.0723493 0.5931308
f 3878/4156/3878 3873/4157/3873 3834/4139/3834
vt 0.0722729 0.5917546
f 3836/4141/3836 3835/4140/3835 3853/4158/3853
vt 0.0716119 0.5904760
f 3853/4158/3853 3855/4159/3855 3836/4141/3836
f 3835/4140/3835 3834/4139/3834 3873/4157/3873
f 3873/4157/3873 3853/4158/3853 3835/4140/3835
vt 0.0704785 0.5894688
f 3843/4144/3843 3837/4143/3837 3857/4160/3857
vt 0.0672977 0.5891228
f 3815/4120/3815 3818/4108/3818 3852/4161/3852
vt 0.0648849 0.5907707
f 3838/4142/3838 3830/4137/3830 3854/4162/3854
vt 0.0642697 0.5919796
f 3854/4162/3854 3851/4163/3851 3838/4142/3838
f 3857/4160/3857 3840/4145/3840 3855/4159/3855
f 3837/4143/3837 3840/4145/3840 3857/4160/3857
vt 0.0658226 0.5898129
f 3854/4162/3854 3814/4119/3814 3856/4164/3856
f 3830/4137/3830 3814/4119/3814 3854/4162/3854
f 3818/4108/3818 3843/4144/3843 3852/4161/3852
f 3840/4145/3840 3836/4141/3836 3855/4159/3855
f 3856/4164/3856 3815/4120/3815 3852/4161/3852
f 3814/4119/3814 3815/4120/3815 3856/4164/3856
vt 0.0646641 0.5953618
f 3839/4147/3839 3841/4146/3841 3859/4165/3859
vt 0.0656049 0.5959000
f 3859/4165/3859 3870/4166/3870 3839/4147/3839
vt 0.0664400 0.5970347
f 3867/4167/3867 3839/4147/3839 3870/4166/3870
f 3842/4148/3842 3839/4147/3839 3867/4167/3867
vt 0.0721997 0.5946407
f 3878/4156/3878 3850/4151/3850 3858/4168/3858
f 3833/4138/3833 3850/4151/3850 3878/4156/3878
vt 0.0698975 0.5970246
f 3844/4150/3844 3846/4149/3846 3861/4169/3861
vt 0.0704710 0.5967441
f 3861/4169/3861 3860/4170/3860 3844/4150/3844
vt 0.0715219 0.5958431
f 3862/4171/3862 3844/4150/3844 3860/4170/3860
f 3848/4152/3848 3844/4150/3844 3862/4171/3862
f 3850/4151/3850 3848/4152/3848 3862/4171/3862
f 3862/4171/3862 3858/4168/3858 3850/4151/3850
vt 0.0645302 0.5951350
f 3863/4172/3863 3859/4165/3859 3841/4146/3841
vt 0.0679007 0.5973837
f 3842/4148/3842 3867/4167/3867 3865/4173/3865
f 3847/4154/3847 3842/4148/3842 3865/4173/3865
vt 0.0689325 0.5973285
f 3866/4174/3866 3847/4154/3847 3865/4173/3865
f 3849/4155/3849 3847/4154/3847 3866/4174/3866
f 3846/4149/3846 3849/4155/3849 3866/4174/3866
f 3866/4174/3866 3861/4169/3861 3846/4149/3846
vt 0.0640605 0.5933657
f 3863/4172/3863 3845/4153/3845 3864/4175/3864
f 3841/4146/3841 3845/4153/3845 3863/4172/3863
f 3845/4153/3845 3838/4142/3838 3851/4163/3851
f 3851/4163/3851 3864/4175/3864 3845/4153/3845
vt 0.0710260 0.5922796
f 3855/4159/3855 3853/4158/3853 3872/4176/3872
vt 0.0704536 0.5912737
f 3872/4176/3872 3876/4177/3876 3855/4159/3855
f 3873/4157/3873 3872/4176/3872 3853/4158/3853
vt 0.0652752 0.5947064
vt 0.0651316 0.5934977
f 3869/4178/3869 3864/4175/3864 3868/4179/3868
f 3863/4172/3863 3864/4175/3864 3869/4178/3869
vt 0.0657918 0.5947419
f 3870/4166/3870 3859/4165/3859 3886/4180/3886
vt 0.0688895 0.5903087
vt 0.0696491 0.5906014
f 3874/4181/3874 3857/4160/3857 3875/4182/3875
f 3843/4144/3843 3857/4160/3857 3874/4181/3874
f 3857/4160/3857 3855/4159/3855 3876/4177/3876
f 3876/4177/3876 3875/4182/3875 3857/4160/3857
vt 0.0666344 0.5963012
f 3867/4167/3867 3870/4166/3870 3877/4183/3877
f 3859/4165/3859 3863/4172/3863 3869/4178/3869
f 3869/4178/3869 3886/4180/3886 3859/4165/3859
vt 0.0664362 0.5911340
vt 0.0673425 0.5908620
f 3895/4184/3895 3852/4161/3852 3897/4185/3897
f 3856/4164/3856 3852/4161/3852 3895/4184/3895
vt 0.0687073 0.5902672
f 3852/4161/3852 3843/4144/3843 3871/4186/3871
f 3871/4186/3871 3897/4185/3897 3852/4161/3852
vt 0.0694413 0.5939554
f 3878/4156/3878 3858/4168/3858 3891/4187/3891
vt 0.0659429 0.5927377
f 3864/4175/3864 3851/4163/3851 3901/4188/3901
f 3901/4188/3901 3868/4179/3868 3864/4175/3864
vt 0.0658439 0.5917292
f 3851/4163/3851 3854/4162/3854 3893/4189/3893
f 3893/4189/3893 3901/4188/3901 3851/4163/3851
f 3893/4189/3893 3856/4164/3856 3895/4184/3895
f 3854/4162/3854 3856/4164/3856 3893/4189/3893
vt 0.0694213 0.5946842
f 3858/4168/3858 3862/4171/3862 3894/4190/3894
f 3894/4190/3894 3891/4187/3891 3858/4168/3858
f 3865/4173/3865 3867/4167/3867 3877/4183/3877
vt 0.0678540 0.5963027
f 3877/4183/3877 3880/4191/3880 3865/4173/3865
f 3874/4181/3874 3871/4186/3871 3843/4144/3843
vt 0.0684767 0.5962869
f 3882/4192/3882 3865/4173/3865 3880/4191/3880
f 3866/4174/3866 3865/4173/3865 3882/4192/3882
f 3861/4169/3861 3866/4174/3866 3882/4192/3882
vt 0.0687248 0.5952638
f 3882/4192/3882 3881/4193/3881 3861/4169/3861
f 3860/4170/3860 3861/4169/3861 3881/4193/3881
vt 0.0689000 0.5951600
f 3881/4193/3881 3879/4194/3879 3860/4170/3860
f 3862/4171/3862 3860/4170/3860 3879/4194/3879
f 3879/4194/3879 3894/4190/3894 3862/4171/3862
vt 0.0695923 0.5918787
vt 0.0699645 0.5925844
f 3890/4195/3890 3872/4176/3872 3883/4196/3883
f 3876/4177/3876 3872/4176/3872 3890/4195/3890
vt 0.0696481 0.5931898
f 3872/4176/3872 3873/4157/3873 3885/4197/3885
f 3885/4197/3885 3883/4196/3883 3872/4176/3872
vt 0.0660601 0.5942446
f 3869/4178/3869 3868/4179/3868 3899/4198/3899
vt 0.0682511 0.5916771
vt 0.0686856 0.5918039
f 3887/4199/3887 3875/4182/3875 3889/4200/3889
f 3874/4181/3874 3875/4182/3875 3887/4199/3887
f 3875/4182/3875 3876/4177/3876 3890/4195/3890
f 3890/4195/3890 3889/4200/3889 3875/4182/3875
vt 0.0662840 0.5949572
f 3886/4180/3886 3884/4201/3884 3870/4166/3870
vt 0.0666259 0.5952638
f 3888/4202/3888 3870/4166/3870 3884/4201/3884
f 3877/4183/3877 3870/4166/3870 3888/4202/3888
vt 0.0680815 0.5915815
f 3897/4185/3897 3871/4186/3871 3896/4203/3896
f 3886/4180/3886 3869/4178/3869 3899/4198/3899
vt 0.0669659 0.5949828
f 3880/4191/3880 3877/4183/3877 3905/4204/3905
vt 0.0674735 0.5947036
f 3905/4204/3905 3919/4205/3919 3880/4191/3880
f 3905/4204/3905 3877/4183/3877 3888/4202/3888
vt 0.0677611 0.5948150
f 3920/4206/3920 3880/4191/3880 3919/4205/3919
f 3882/4192/3882 3880/4191/3880 3920/4206/3920
f 3881/4193/3881 3882/4192/3882 3920/4206/3920
vt 0.0694168 0.5936379
f 3878/4156/3878 3891/4187/3891 3892/4207/3892
f 3896/4203/3896 3874/4181/3874 3887/4199/3887
f 3871/4186/3871 3874/4181/3874 3896/4203/3896
f 3885/4197/3885 3878/4156/3878 3892/4207/3892
f 3873/4157/3873 3878/4156/3878 3885/4197/3885
vt 0.0660336 0.5934864
f 3899/4198/3899 3868/4179/3868 3898/4208/3898
vt 0.0689088 0.5923411
vt 0.0685646 0.5930343
f 3906/4209/3906 3883/4196/3883 3910/4210/3910
f 3890/4195/3890 3883/4196/3883 3906/4209/3906
f 3885/4197/3885 3910/4210/3910 3883/4196/3883
vt 0.0663742 0.5944317
f 3884/4201/3884 3886/4180/3886 3900/4211/3900
vt 0.0666289 0.5943662
f 3900/4211/3900 3922/4212/3922 3884/4201/3884
f 3889/4200/3889 3890/4195/3890 3906/4209/3906
vt 0.0672949 0.5917332
f 3895/4184/3895 3897/4185/3897 3907/4213/3907
vt 0.0668014 0.5922472
f 3907/4213/3907 3904/4214/3904 3895/4184/3895
vt 0.0666430 0.5946964
f 3902/4215/3902 3884/4201/3884 3922/4212/3922
f 3888/4202/3888 3884/4201/3884 3902/4215/3902
f 3896/4203/3896 3907/4213/3907 3897/4185/3897
f 3899/4198/3899 3900/4211/3900 3886/4180/3886
f 3905/4204/3905 3888/4202/3888 3902/4215/3902
f 3901/4188/3901 3898/4208/3898 3868/4179/3868
vt 0.0664772 0.5926507
f 3901/4188/3901 3893/4189/3893 3903/4216/3903
f 3903/4216/3903 3895/4184/3895 3904/4214/3904
f 3893/4189/3893 3895/4184/3895 3903/4216/3903
vt 0.0664108 0.5939938
vt 0.0662802 0.5935259
f 3909/4217/3909 3898/4208/3898 3908/4218/3908
f 3899/4198/3899 3898/4208/3898 3909/4217/3909
vt 0.0683387 0.5927039
f 3906/4209/3906 3910/4210/3910 3915/4219/3915
vt 0.0683185 0.5933936
f 3910/4210/3910 3885/4197/3885 3928/4220/3928
vt 0.0678817 0.5923599
vt 0.0680405 0.5924366
f 3911/4221/3911 3889/4200/3889 3913/4222/3913
f 3887/4199/3887 3889/4200/3889 3911/4221/3911
f 3913/4222/3913 3906/4209/3906 3915/4219/3915
f 3889/4200/3889 3906/4209/3906 3913/4222/3913
vt 0.0670251 0.5925570
f 3904/4214/3904 3907/4213/3907 3912/4223/3912
vt 0.0672226 0.5922945
f 3914/4224/3914 3912/4223/3912 3907/4213/3907
vt 0.0676422 0.5922949
f 3907/4213/3907 3896/4203/3896 3916/4225/3916
f 3916/4225/3916 3914/4224/3914 3907/4213/3907
vt 0.0663469 0.5931090
f 3898/4208/3898 3901/4188/3901 3921/4226/3921
vt 0.0682363 0.5941024
f 3891/4187/3891 3894/4190/3894 3918/4227/3918
f 3921/4226/3921 3908/4218/3908 3898/4208/3898
f 3900/4211/3900 3899/4198/3899 3909/4217/3909
vt 0.0676753 0.5942074
f 3879/4194/3879 3881/4193/3881 3939/4228/3939
vt 0.0682766 0.5937726
f 3918/4227/3918 3932/4229/3932 3891/4187/3891
vt 0.0669770 0.5944981
f 3919/4205/3919 3905/4204/3905 3917/4230/3917
f 3922/4212/3922 3900/4211/3900 3909/4217/3909
f 3892/4207/3892 3891/4187/3891 3932/4229/3932
f 3916/4225/3916 3887/4199/3887 3911/4221/3911
f 3894/4190/3894 3879/4194/3879 3939/4228/3939
vt 0.0683385 0.5936247
f 3932/4229/3932 3934/4231/3934 3892/4207/3892
f 3903/4216/3903 3921/4226/3921 3901/4188/3901
f 3896/4203/3896 3887/4199/3887 3916/4225/3916
f 3939/4228/3939 3918/4227/3918 3894/4190/3894
f 3902/4215/3902 3922/4212/3922 3917/4230/3917
f 3928/4220/3928 3892/4207/3892 3934/4231/3934
f 3905/4204/3905 3902/4215/3902 3917/4230/3917
f 3885/4197/3885 3892/4207/3892 3928/4220/3928
f 3920/4206/3920 3939/4228/3939 3881/4193/3881
vt 0.0664921 0.5938801
vt 0.0664057 0.5935845
f 3924/4232/3924 3908/4218/3908 3923/4233/3923
f 3909/4217/3909 3908/4218/3908 3924/4232/3924
vt 0.0680150 0.5932294
f 3915/4219/3915 3910/4210/3910 3927/4234/3927
vt 0.0678675 0.5929702
f 3927/4234/3927 3931/4235/3931 3915/4219/3915
f 3928/4220/3928 3927/4234/3927 3910/4210/3910
vt 0.0676564 0.5927702
f 3911/4221/3911 3913/4222/3913 3930/4236/3930
vt 0.0676234 0.5927520
f 3930/4236/3930 3929/4237/3929 3911/4221/3911
vt 0.0667826 0.5928169
f 3912/4223/3912 3925/4238/3925 3904/4214/3904
vt 0.0666569 0.5941090
f 3933/4239/3933 3909/4217/3909 3924/4232/3924
f 3930/4236/3930 3915/4219/3915 3931/4235/3931
f 3922/4212/3922 3909/4217/3909 3933/4239/3933
vt 0.0669281 0.5929953
f 3912/4223/3912 3914/4224/3914 3953/4240/3953
f 3913/4222/3913 3915/4219/3915 3930/4236/3930
vt 0.0664446 0.5933589
f 3923/4233/3923 3921/4226/3921 3936/4241/3936
f 3917/4230/3917 3922/4212/3922 3933/4239/3933
f 3908/4218/3908 3921/4226/3921 3923/4233/3923
vt 0.0668270 0.5941635
f 3933/4239/3933 3935/4242/3935 3917/4230/3917
vt 0.0673817 0.5926629
f 3953/4240/3953 3916/4225/3916 3926/4243/3926
f 3914/4224/3914 3916/4225/3916 3953/4240/3953
vt 0.0665629 0.5930196
f 3921/4226/3921 3903/4216/3903 3938/4244/3938
f 3938/4244/3938 3936/4241/3936 3921/4226/3921
f 3938/4244/3938 3904/4214/3904 3925/4238/3925
f 3903/4216/3903 3904/4214/3904 3938/4244/3938
f 3919/4205/3919 3917/4230/3917 3935/4242/3935
vt 0.0671891 0.5942920
f 3935/4242/3935 3949/4245/3949 3919/4205/3919
vt 0.0672933 0.5943024
f 3937/4246/3937 3919/4205/3919 3949/4245/3949
f 3920/4206/3920 3919/4205/3919 3937/4246/3937
f 3939/4228/3939 3920/4206/3920 3937/4246/3937
f 3926/4243/3926 3911/4221/3911 3929/4237/3929
f 3916/4225/3916 3911/4221/3911 3926/4243/3926
vt 0.0676097 0.5930969
vt 0.0675806 0.5933557
f 3941/4247/3941 3927/4234/3927 3940/4248/3940
f 3931/4235/3931 3927/4234/3927 3941/4247/3941
vt 0.0676062 0.5935016
f 3940/4248/3940 3928/4220/3928 3942/4249/3942
f 3927/4234/3927 3928/4220/3928 3940/4248/3940
vt 0.0675434 0.5928625
f 3930/4236/3930 3954/4250/3954 3929/4237/3929
f 3931/4235/3931 3954/4250/3954 3930/4236/3930
f 3941/4247/3941 3954/4250/3954 3931/4235/3931
vt 0.0668014 0.5930267
f 3925/4238/3925 3912/4223/3912 3952/4251/3952
vt 0.0666816 0.5931054
f 3952/4251/3952 3959/4252/3959 3925/4238/3925
vt 0.0665126 0.5939393
f 3924/4232/3924 3966/4253/3966 3933/4239/3933
vt 0.0675726 0.5937357
f 3934/4231/3934 3932/4229/3932 3943/4254/3943
vt 0.0675945 0.5936602
f 3943/4254/3943 3944/4255/3944 3934/4231/3934
f 3953/4240/3953 3952/4251/3952 3912/4223/3912
f 3935/4242/3935 3933/4239/3933 3966/4253/3966
vt 0.0671007 0.5929816
f 3953/4240/3953 3926/4243/3926 3947/4256/3947
vt 0.0664744 0.5933490
f 3936/4241/3936 3938/4244/3938 3946/4257/3946
f 3946/4257/3946 3925/4238/3925 3959/4252/3959
f 3938/4244/3938 3925/4238/3925 3946/4257/3946
vt 0.0672863 0.5940567
vt 0.0673108 0.5940400
f 3948/4258/3948 3950/4259/3950 3939/4228/3939
vt 0.0674678 0.5939130
f 3932/4229/3932 3918/4227/3918 3945/4260/3945
f 3945/4260/3945 3943/4254/3943 3932/4229/3932
f 3918/4227/3918 3939/4228/3939 3950/4259/3950
f 3950/4259/3950 3945/4260/3945 3918/4227/3918
vt 0.0673084 0.5930527
f 3947/4256/3947 3954/4250/3954 3968/4261/3968
f 3926/4243/3926 3954/4250/3954 3947/4256/3947
f 3929/4237/3929 3954/4250/3954 3926/4243/3926
f 3954/4250/3954 3941/4247/3941 3968/4261/3968
f 3942/4249/3942 3934/4231/3934 3944/4255/3944
f 3928/4220/3928 3934/4231/3934 3942/4249/3942
vt 0.0670499 0.5941547
f 3937/4246/3937 3949/4245/3949 3951/4262/3951
f 3948/4258/3948 3937/4246/3937 3951/4262/3951
f 3939/4228/3939 3937/4246/3937 3948/4258/3948
vt 0.0671344 0.5933440
vt 0.0672126 0.5934882
f 3957/4263/3957 3940/4248/3940 3956/4264/3956
f 3941/4247/3941 3940/4248/3940 3957/4263/3957
vt 0.0672303 0.5935701
f 3956/4264/3956 3942/4249/3942 3958/4265/3958
f 3940/4248/3940 3942/4249/3942 3956/4264/3956
vt 0.0663644 0.5936566
vt 0.0664125 0.5938279
f 3924/4232/3924 3971/4266/3971 3955/4267/3955
f 3923/4233/3923 3971/4266/3971 3924/4232/3924
vt 0.0672223 0.5936977
vt 0.0672086 0.5937410
f 3964/4268/3964 3943/4254/3943 3963/4269/3963
f 3944/4255/3944 3943/4254/3943 3964/4268/3964
f 3966/4253/3966 3924/4232/3924 3955/4267/3955
vt 0.0663802 0.5935102
f 3971/4266/3971 3936/4241/3936 3973/4270/3973
vt 0.0671295 0.5938703
f 3943/4254/3943 3945/4260/3945 3965/4271/3965
f 3965/4271/3965 3963/4269/3963 3943/4254/3943
vt 0.0666219 0.5940050
f 3966/4253/3966 3969/4272/3969 3935/4242/3935
f 3923/4233/3923 3936/4241/3936 3971/4266/3971
vt 0.0668477 0.5932142
f 3968/4261/3968 3962/4273/3962 3947/4256/3947
f 3968/4261/3968 3941/4247/3941 3957/4263/3957
f 3946/4257/3946 3973/4270/3973 3936/4241/3936
f 3942/4249/3942 3944/4255/3944 3964/4268/3964
f 3964/4268/3964 3958/4265/3958 3942/4249/3942
vt 0.0666338 0.5932425
f 3959/4252/3959 3952/4251/3952 3960/4274/3960
vt 0.0670037 0.5939720
f 3950/4259/3950 3948/4258/3948 3967/4275/3967
f 3949/4245/3949 3935/4242/3935 3969/4272/3969
vt 0.0670373 0.5939506
f 3967/4275/3967 3970/4276/3970 3950/4259/3950
vt 0.0667946 0.5940211
f 3969/4272/3969 3972/4277/3972 3949/4245/3949
vt 0.0667366 0.5932209
f 3960/4274/3960 3953/4240/3953 3961/4278/3961
f 3945/4260/3945 3950/4259/3950 3970/4276/3970
f 3951/4262/3951 3949/4245/3949 3972/4277/3972
f 3970/4276/3970 3965/4271/3965 3945/4260/3945
f 3952/4251/3952 3953/4240/3953 3960/4274/3960
f 3967/4275/3967 3951/4262/3951 3972/4277/3972
f 3948/4258/3948 3951/4262/3951 3967/4275/3967
f 3961/4278/3961 3947/4256/3947 3962/4273/3962
f 3953/4240/3953 3947/4256/3947 3961/4278/3961
vt 0.0668213 0.5934977
vt 0.0667495 0.5936537
f 3976/4279/3976 3956/4264/3956 4012/4280/4012
f 3957/4263/3957 3956/4264/3956 3976/4279/3976
vt 0.0668903 0.5936297
f 3956/4264/3956 3958/4265/3958 3979/4281/3979
f 3979/4281/3979 4012/4280/4012 3956/4264/3956
vt 0.0662657 0.5937274
f 3955/4267/3955 3971/4266/3971 3975/4282/3975
vt 0.0663015 0.5938305
f 3975/4282/3975 3974/4283/3974 3955/4267/3955
vt 0.0663674 0.5939087
f 3977/4284/3977 3955/4267/3955 3974/4283/3974
f 3966/4253/3966 3955/4267/3955 3977/4284/3977
f 3969/4272/3969 3966/4253/3966 3977/4284/3977
vt 0.0664597 0.5939584
f 3977/4284/3977 3980/4285/3980 3969/4272/3969
f 3972/4277/3972 3969/4272/3969 3980/4285/3980
vt 0.0665751 0.5939697
f 3980/4285/3980 3989/4286/3989 3972/4277/3972
vt 0.0667341 0.5939301
f 3987/4287/3987 3972/4277/3972 3989/4286/3989
f 3967/4275/3967 3972/4277/3972 3987/4287/3987
vt 0.0668864 0.5937635
f 3963/4269/3963 3992/4288/3992 3964/4268/3964
vt 0.0663983 0.5934609
vt 0.0664557 0.5934293
f 3978/4289/3978 3960/4274/3960 3981/4290/3981
f 3959/4252/3959 3960/4274/3960 3978/4289/3978
vt 0.0665259 0.5934115
f 3981/4290/3981 3961/4278/3961 3983/4291/3983
f 3960/4274/3960 3961/4278/3961 3981/4290/3981
vt 0.0666017 0.5934084
f 3961/4278/3961 3962/4273/3962 3985/4292/3985
f 3985/4292/3985 3983/4291/3983 3961/4278/3961
vt 0.0668266 0.5938584
f 3992/4288/3992 3965/4271/3965 3990/4293/3990
f 3963/4269/3963 3965/4271/3965 3992/4288/3992
vt 0.0662629 0.5937041
vt 0.0662701 0.5936177
f 3982/4294/3982 3973/4270/3973 3984/4295/3984
f 3971/4266/3971 3973/4270/3973 3982/4294/3982
vt 0.0667271 0.5934397
f 3962/4273/3962 3968/4261/3968 3991/4296/3991
f 3991/4296/3991 3985/4292/3985 3962/4273/3962
f 3970/4276/3970 3967/4275/3967 3987/4287/3987
vt 0.0667799 0.5939004
f 3987/4287/3987 3988/4297/3988 3970/4276/3970
f 3982/4294/3982 3975/4282/3975 3971/4266/3971
f 3991/4296/3991 3957/4263/3957 3976/4279/3976
f 3968/4261/3968 3957/4263/3957 3991/4296/3991
vt 0.0663156 0.5935304
f 3973/4270/3973 3946/4257/3946 3986/4298/3986
f 3986/4298/3986 3984/4295/3984 3973/4270/3973
f 3965/4271/3965 3970/4276/3970 3988/4297/3988
f 3988/4297/3988 3990/4293/3990 3965/4271/3965
f 3946/4257/3946 3959/4252/3959 3978/4289/3978
f 3978/4289/3978 3986/4298/3986 3946/4257/3946
f 3964/4268/3964 3992/4288/3992 3979/4281/3979
f 3958/4265/3958 3964/4268/3964 3979/4281/3979
vt 0.0661281 0.5937998
f 3974/4283/3974 3975/4282/3975 3994/4299/3994
vt 0.0661493 0.5938511
f 3994/4299/3994 3993/4300/3993 3974/4283/3974
vt 0.0665215 0.5936306
vt 0.0665785 0.5937032
f 3999/4301/3999 4012/4280/4012 3997/4302/3997
f 3976/4279/3976 4012/4280/4012 3999/4301/3999
vt 0.0662438 0.5935836
f 3978/4289/3978 3981/4290/3981 3996/4303/3996
vt 0.0662079 0.5936007
f 3996/4303/3996 3995/4304/3995 3978/4289/3978
vt 0.0661985 0.5939097
f 4001/4305/4001 3974/4283/3974 3993/4300/3993
f 3977/4284/3977 3974/4283/3974 4001/4305/4001
vt 0.0663082 0.5935691
f 3996/4303/3996 3983/4291/3983 3998/4306/3998
f 3981/4290/3981 3983/4291/3983 3996/4303/3996
f 3980/4285/3980 3977/4284/3977 4001/4305/4001
vt 0.0662695 0.5939445
f 4001/4305/4001 4003/4307/4003 3980/4285/3980
vt 0.0661172 0.5937549
vt 0.0661160 0.5937193
f 4002/4308/4002 3984/4295/3984 4004/4309/4004
vt 0.0663481 0.5935683
f 3998/4306/3998 3985/4292/3985 4000/4310/4000
f 3982/4294/3982 3984/4295/3984 4002/4308/4002
f 3983/4291/3983 3985/4292/3985 3998/4306/3998
f 3994/4299/3994 3982/4294/3982 4002/4308/4002
f 3975/4282/3975 3982/4294/3982 3994/4299/3994
vt 0.0666357 0.5938643
f 3990/4293/3990 4013/4311/4013 3992/4288/3992
vt 0.0661484 0.5936517
f 3984/4295/3984 3986/4298/3986 4005/4312/4005
f 4005/4312/4005 4004/4309/4004 3984/4295/3984
vt 0.0664500 0.5935850
f 3985/4292/3985 3991/4296/3991 4006/4313/4006
f 4006/4313/4006 4000/4310/4000 3985/4292/3985
f 4005/4312/4005 3978/4289/3978 3995/4304/3995
f 3986/4298/3986 3978/4289/3978 4005/4312/4005
f 4006/4313/4006 3976/4279/3976 3999/4301/3999
f 3991/4296/3991 3976/4279/3976 4006/4313/4006
vt 0.0665758 0.5937983
f 3979/4281/3979 3992/4288/3992 4007/4314/4007
f 4012/4280/4012 3979/4281/3979 4007/4314/4007
f 3997/4302/3997 4012/4280/4012 4007/4314/4007
vt 0.0664631 0.5939214
f 3988/4297/3988 3987/4287/3987 4008/4315/4008
f 4013/4311/4013 3988/4297/3988 4008/4315/4008
vt 0.0665373 0.5938699
f 4009/4316/4009 4013/4311/4013 4008/4315/4008
f 4007/4314/4007 4013/4311/4013 4009/4316/4009
f 3992/4288/3992 4013/4311/4013 4007/4314/4007
f 3988/4297/3988 4013/4311/4013 3990/4293/3990
f 3989/4286/3989 3980/4285/3980 4003/4307/4003
vt 0.0663507 0.5939507
f 4010/4317/4010 3989/4286/3989 4003/4307/4003
vt 0.0663740 0.5939484
f 4011/4318/4011 3989/4286/3989 4010/4317/4010
f 4008/4315/4008 3989/4286/3989 4011/4318/4011
f 3987/4287/3987 3989/4286/3989 4008/4315/4008
vt 0.0659379 0.5938937
f 3994/4299/3994 4025/4319/4025 3993/4300/3993
vt 0.0661865 0.5937698
f 3999/4301/3999 3997/4302/3997 4043/4320/4043
vt 0.0659966 0.5937825
f 4004/4309/4004 4028/4321/4028 4002/4308/4002
vt 0.0658957 0.5938324
f 3994/4299/3994 4028/4321/4028 4022/4322/4022
f 4025/4319/4025 3994/4299/3994 4022/4322/4022
f 4002/4308/4002 4028/4321/4028 3994/4299/3994
f 4001/4305/4001 3993/4300/3993 4025/4319/4025
vt 0.0659614 0.5939406
f 4018/4323/4018 4001/4305/4001 4025/4319/4025
vt 0.0659078 0.5937855
f 4028/4321/4028 4005/4312/4005 4023/4324/4023
f 4004/4309/4004 4005/4312/4005 4028/4321/4028
f 4003/4307/4003 4001/4305/4001 4018/4323/4018
vt 0.0660497 0.5937207
vt 0.0661375 0.5936769
vt 0.0660761 0.5937214
f 4015/4325/4015 4027/4326/4027 4014/4327/4014
vt 0.0660295 0.5939620
f 4020/4328/4020 4003/4307/4003 4018/4323/4018
f 4022/4322/4022 4028/4321/4028 4023/4324/4023
vt 0.0661215 0.5939512
f 4009/4316/4009 4008/4315/4008 4041/4329/4041
vt 0.0661989 0.5939075
f 4041/4329/4041 4019/4330/4019 4009/4316/4009
f 4007/4314/4007 4009/4316/4009 4019/4330/4019
vt 0.0660503 0.5936937
vt 0.0659350 0.5937622
f 4005/4312/4005 4026/4331/4026 4024/4332/4024
vt 0.0661245 0.5937325
f 4014/4327/4014 4006/4313/4006 4016/4333/4016
vt 0.0661934 0.5938537
f 4019/4330/4019 4045/4334/4045 4007/4314/4007
f 4023/4324/4023 4005/4312/4005 4024/4332/4024
f 4000/4310/4000 4006/4313/4006 4014/4327/4014
f 3995/4304/3995 4026/4331/4026 4005/4312/4005
f 4027/4326/4027 4000/4310/4000 4014/4327/4014
vt 0.0659713 0.5937383
f 4024/4332/4024 4026/4331/4026 4021/4335/4021
f 4016/4333/4016 3999/4301/3999 4043/4320/4043
f 4006/4313/4006 3999/4301/3999 4016/4333/4016
vt 0.0662225 0.5938380
f 4017/4336/4017 4043/4320/4043 3997/4302/3997
f 4017/4336/4017 4007/4314/4007 4045/4334/4045
f 3997/4302/3997 4007/4314/4007 4017/4336/4017
f 3996/4303/3996 4026/4331/4026 3995/4304/3995
f 4021/4335/4021 4027/4326/4027 4015/4325/4015
f 4026/4331/4026 4027/4326/4027 4021/4335/4021
f 3996/4303/3996 4027/4326/4027 4026/4331/4026
f 3998/4306/3998 4027/4326/4027 3996/4303/3996
f 4000/4310/4000 4027/4326/4027 3998/4306/3998
f 4003/4307/4003 4020/4328/4020 4010/4317/4010
f 4010/4317/4010 4020/4328/4020 4041/4329/4041
f 4011/4318/4011 4010/4317/4010 4041/4329/4041
f 4008/4315/4008 4011/4318/4011 4041/4329/4041
vt 0.0656882 0.5938736
vt 0.0660126 0.5937781
vt 0.0654461 0.5939882
f 4036/4337/4036 4040/4338/4040 4029/4339/4029
f 4014/4327/4014 4040/4338/4040 4036/4337/4036
f 4015/4325/4015 4014/4327/4014 4036/4337/4036
vt 0.0657296 0.5939443
vt 0.0655626 0.5939762
f 4043/4320/4043 4042/4340/4042 4030/4341/4030
f 4040/4338/4040 4043/4320/4043 4030/4341/4030
f 4029/4339/4029 4040/4338/4040 4030/4341/4030
vt 0.0656031 0.5939935
vt 0.0660088 0.5939391
vt 0.0654882 0.5940474
f 4033/4342/4033 4044/4343/4044 4048/4344/4048
f 4045/4334/4045 4044/4343/4044 4033/4342/4033
f 4042/4340/4042 4045/4334/4045 4033/4342/4033
vt 0.0653845 0.5939999
f 4035/4345/4035 4023/4324/4023 4024/4332/4024
f 4036/4337/4036 4035/4345/4035 4024/4332/4024
vt 0.0658765 0.5939562
f 4025/4319/4025 4037/4346/4037 4018/4323/4018
f 4016/4333/4016 4040/4338/4040 4014/4327/4014
f 4021/4335/4021 4036/4337/4036 4024/4332/4024
f 4018/4323/4018 4037/4346/4037 4020/4328/4020
f 4044/4343/4044 4045/4334/4045 4019/4330/4019
f 4043/4320/4043 4040/4338/4040 4016/4333/4016
f 4015/4325/4015 4036/4337/4036 4021/4335/4021
vt 0.0656298 0.5939529
vt 0.0653953 0.5940610
f 4037/4346/4037 4038/4347/4038 4046/4348/4046
f 4025/4319/4025 4038/4347/4038 4037/4346/4037
f 4017/4336/4017 4042/4340/4042 4043/4320/4043
f 4045/4334/4045 4042/4340/4042 4017/4336/4017
vt 0.0654540 0.5940591
f 4032/4349/4032 4037/4346/4037 4046/4348/4046
vt 0.0656749 0.5940223
f 4039/4350/4039 4037/4346/4037 4032/4349/4032
f 4020/4328/4020 4037/4346/4037 4039/4350/4039
f 4041/4329/4041 4020/4328/4020 4039/4350/4039
f 4022/4322/4022 4038/4347/4038 4025/4319/4025
vt 0.0652949 0.5940323
f 4038/4347/4038 4035/4345/4035 4031/4351/4031
f 4031/4351/4031 4046/4348/4046 4038/4347/4038
vt 0.0655499 0.5940429
f 4034/4352/4034 4039/4350/4039 4032/4349/4032
f 4031/4351/4031 4036/4337/4036 4029/4339/4029
f 4035/4345/4035 4036/4337/4036 4031/4351/4031
f 4023/4324/4023 4038/4347/4038 4022/4322/4022
f 4035/4345/4035 4038/4347/4038 4023/4324/4023
f 4030/4341/4030 4042/4340/4042 4033/4342/4033
f 4041/4329/4041 4039/4350/4039 4034/4352/4034
f 4044/4343/4044 4041/4329/4041 4034/4352/4034
f 4048/4344/4048 4044/4343/4044 4034/4352/4034
f 4041/4329/4041 4044/4343/4044 4019/4330/4019
vt 0.0642678 0.5943784
f 4046/4348/4046 4031/4351/4031 4047/4353/4047
f 4047/4353/4047 4048/4344/4048 4034/4352/4034
f 4032/4349/4032 4047/4353/4047 4034/4352/4034
f 4046/4348/4046 4047/4353/4047 4032/4349/4032
f 4029/4339/4029 4047/4353/4047 4031/4351/4031
f 4047/4353/4047 4029/4339/4029 4030/4341/4030
f 4033/4342/4033 4047/4353/4047 4030/4341/4030
f 4048/4344/4048 4047/4353/4047 4033/4342/4033
# 8000 faces, 4353 coords texture

# End of File
